domain,status,premium,reg_price,renew_price
adder.lol,AVAILABLE,0,1.54,26.26
adder.space,AVAILABLE,1,136.98,546.35
adder.pics,AVAILABLE,0,1.54,26.26
adder.quest,AVAILABLE,0,1.54,12.98
adder.mom,AVAILABLE,0,1.54,26.26
adder.beauty,AVAILABLE,0,1.54,12.98
adder.beer,AVAILABLE,0,1.54,26.26
adder.best,AVAILABLE,0,1.72,15.96
adder.click,AVAILABLE,1,76.94,109.69
adder.garden,AVAILABLE,0,1.54,26.26
adder.hair,UNAVAILABLE,0,1.54,12.98
adder.monster,AVAILABLE,0,1.54,12.98
adder.rest,AVAILABLE,0,1.54,26.26
adder.skin,AVAILABLE,0,1.54,12.98
adder.surf,AVAILABLE,0,1.54,26.26
adze.lol,AVAILABLE,0,1.54,26.26
adze.space,AVAILABLE,1,68.75,273.44
adze.pics,AVAILABLE,0,1.54,26.26
adze.quest,AVAILABLE,0,1.54,12.98
adze.mom,AVAILABLE,0,1.54,26.26
adze.beauty,AVAILABLE,0,1.54,12.98
adze.beer,AVAILABLE,0,1.54,26.26
adze.best,AVAILABLE,0,1.72,15.96
adze.click,AVAILABLE,1,76.94,109.69
adze.garden,AVAILABLE,0,1.54,26.26
adze.hair,AVAILABLE,0,1.54,12.98
adze.monster,AVAILABLE,0,1.54,12.98
adze.rest,AVAILABLE,0,1.54,26.26
adze.skin,AVAILABLE,0,1.54,12.98
adze.surf,AVAILABLE,0,1.54,26.26
aegis.lol,UNAVAILABLE,0,1.54,26.26
aegis.space,UNAVAILABLE,0,1.96,26.26
aegis.pics,AVAILABLE,1,2183.84,2183.84
aegis.quest,AVAILABLE,1,2183.84,2183.84
aegis.mom,AVAILABLE,1,2183.84,2183.84
aegis.beauty,AVAILABLE,1,2183.84,2183.84
aegis.beer,AVAILABLE,0,1.54,26.26
aegis.best,UNAVAILABLE,0,1.72,15.96
aegis.click,UNAVAILABLE,0,1.54,10.81
aegis.garden,AVAILABLE,0,1.54,26.26
aegis.hair,AVAILABLE,1,2183.84,2183.84
aegis.monster,UNAVAILABLE,0,1.54,12.98
aegis.rest,UNAVAILABLE,0,1.54,26.26
aegis.skin,AVAILABLE,1,2183.84,2183.84
aegis.surf,AVAILABLE,0,1.54,26.26
aguti.lol,AVAILABLE,0,1.54,26.26
aguti.space,AVAILABLE,0,1.96,26.26
aguti.pics,AVAILABLE,0,1.54,26.26
aguti.quest,AVAILABLE,0,1.54,12.98
aguti.mom,AVAILABLE,0,1.54,26.26
aguti.beauty,AVAILABLE,0,1.54,12.98
aguti.beer,AVAILABLE,0,1.54,26.26
aguti.best,AVAILABLE,0,1.72,15.96
aguti.click,AVAILABLE,0,1.54,10.81
aguti.garden,AVAILABLE,0,1.54,26.26
aguti.hair,AVAILABLE,0,1.54,12.98
aguti.monster,AVAILABLE,0,1.54,12.98
aguti.rest,AVAILABLE,0,1.54,26.26
aguti.skin,AVAILABLE,0,1.54,12.98
aguti.surf,AVAILABLE,0,1.54,26.26
alder.lol,AVAILABLE,0,1.54,26.26
alder.space,AVAILABLE,1,68.75,273.44
alder.pics,UNAVAILABLE,0,1.54,26.26
alder.quest,AVAILABLE,0,1.54,12.98
alder.mom,AVAILABLE,0,1.54,26.26
alder.beauty,AVAILABLE,0,1.54,12.98
alder.beer,AVAILABLE,0,1.54,26.26
alder.best,AVAILABLE,0,1.72,15.96
alder.click,AVAILABLE,1,76.94,109.69
alder.garden,AVAILABLE,0,1.54,26.26
alder.hair,AVAILABLE,0,1.54,12.98
alder.monster,AVAILABLE,0,1.54,12.98
alder.rest,AVAILABLE,0,1.54,26.26
alder.skin,AVAILABLE,0,1.54,12.98
alder.surf,UNAVAILABLE,0,1.54,26.26
anise.lol,AVAILABLE,0,1.54,26.26
anise.space,AVAILABLE,1,68.75,273.44
anise.pics,AVAILABLE,0,1.54,26.26
anise.quest,AVAILABLE,0,1.54,12.98
anise.mom,AVAILABLE,0,1.54,26.26
anise.beauty,AVAILABLE,0,1.54,12.98
anise.beer,AVAILABLE,0,1.54,26.26
anise.best,AVAILABLE,0,1.72,15.96
anise.click,AVAILABLE,1,76.94,109.69
anise.garden,AVAILABLE,0,1.54,26.26
anise.hair,AVAILABLE,0,1.54,12.98
anise.monster,AVAILABLE,0,1.54,12.98
anise.rest,AVAILABLE,0,1.54,26.26
anise.skin,AVAILABLE,0,1.54,12.98
anise.surf,AVAILABLE,0,1.54,26.26
anvil.lol,UNAVAILABLE,0,1.54,26.26
anvil.space,AVAILABLE,1,136.98,546.35
anvil.pics,AVAILABLE,0,1.54,26.26
anvil.quest,AVAILABLE,0,1.54,12.98
anvil.mom,AVAILABLE,0,1.54,26.26
anvil.beauty,AVAILABLE,0,1.54,12.98
anvil.beer,AVAILABLE,0,1.54,26.26
anvil.best,AVAILABLE,0,1.72,15.96
anvil.click,AVAILABLE,1,76.94,109.69
anvil.garden,AVAILABLE,0,1.54,26.26
anvil.hair,AVAILABLE,0,1.54,12.98
anvil.monster,AVAILABLE,0,1.54,12.98
anvil.rest,AVAILABLE,0,1.54,26.26
anvil.skin,AVAILABLE,0,1.54,12.98
anvil.surf,AVAILABLE,0,1.54,26.26
aphid.lol,AVAILABLE,0,1.54,26.26
aphid.space,UNAVAILABLE,0,1.96,26.26
aphid.pics,AVAILABLE,0,1.54,26.26
aphid.quest,AVAILABLE,0,1.54,12.98
aphid.mom,AVAILABLE,0,1.54,26.26
aphid.beauty,AVAILABLE,0,1.54,12.98
aphid.beer,AVAILABLE,0,1.54,26.26
aphid.best,AVAILABLE,0,1.72,15.96
aphid.click,AVAILABLE,1,76.94,109.69
aphid.garden,AVAILABLE,0,1.54,26.26
aphid.hair,AVAILABLE,0,1.54,12.98
aphid.monster,AVAILABLE,0,1.54,12.98
aphid.rest,AVAILABLE,0,1.54,26.26
aphid.skin,AVAILABLE,0,1.54,12.98
aphid.surf,AVAILABLE,0,1.54,26.26
ash.lol,AVAILABLE,1,710.10,710.10
ash.space,AVAILABLE,1,273.44,1092.18
ash.pics,UNAVAILABLE,0,1.54,26.26
ash.quest,UNAVAILABLE,0,1.54,12.98
ash.mom,UNAVAILABLE,0,1.54,26.26
ash.beauty,UNAVAILABLE,0,1.54,12.98
ash.beer,AVAILABLE,1,437.19,27.82
ash.best,AVAILABLE,1,872.98,872.98
ash.click,AVAILABLE,1,382.61,546.35
ash.garden,AVAILABLE,1,437.19,27.82
ash.hair,AVAILABLE,0,1.54,12.98
ash.monster,UNAVAILABLE,0,1.54,12.98
ash.rest,UNAVAILABLE,0,1.54,26.26
ash.skin,UNAVAILABLE,0,1.54,12.98
ash.surf,AVAILABLE,1,437.19,27.82
ashen.lol,UNAVAILABLE,0,1.54,26.26
ashen.space,AVAILABLE,1,68.75,273.44
ashen.pics,AVAILABLE,0,1.54,26.26
ashen.quest,UNAVAILABLE,0,1.54,12.98
ashen.mom,AVAILABLE,0,1.54,26.26
ashen.beauty,UNAVAILABLE,0,1.54,12.98
ashen.beer,AVAILABLE,0,1.54,26.26
ashen.best,AVAILABLE,0,1.72,15.96
ashen.click,AVAILABLE,1,76.94,109.69
ashen.garden,AVAILABLE,0,1.54,26.26
ashen.hair,AVAILABLE,0,1.54,12.98
ashen.monster,AVAILABLE,0,1.54,12.98
ashen.rest,AVAILABLE,0,1.54,26.26
ashen.skin,AVAILABLE,0,1.54,12.98
ashen.surf,AVAILABLE,0,1.54,26.26
asp.lol,UNAVAILABLE,0,1.54,26.26
asp.space,AVAILABLE,1,273.44,1092.18
asp.pics,AVAILABLE,0,1.54,26.26
asp.quest,AVAILABLE,0,1.54,12.98
asp.mom,AVAILABLE,0,1.54,26.26
asp.beauty,AVAILABLE,0,1.54,12.98
asp.beer,UNAVAILABLE,0,1.54,26.26
asp.best,AVAILABLE,0,1.72,15.96
asp.click,AVAILABLE,1,382.61,546.35
asp.garden,AVAILABLE,1,44.19,27.82
asp.hair,UNAVAILABLE,0,1.54,12.98
asp.monster,UNAVAILABLE,0,1.54,12.98
asp.rest,AVAILABLE,0,1.54,26.26
asp.skin,AVAILABLE,0,1.54,12.98
asp.surf,AVAILABLE,1,87.86,27.82
aspen.lol,UNAVAILABLE,0,1.54,26.26
aspen.space,AVAILABLE,1,136.98,546.35
aspen.pics,AVAILABLE,0,1.54,26.26
aspen.quest,AVAILABLE,0,1.54,12.98
aspen.mom,AVAILABLE,0,1.54,26.26
aspen.beauty,UNAVAILABLE,0,1.54,12.98
aspen.beer,UNAVAILABLE,0,1.54,26.26
aspen.best,UNAVAILABLE,1,76.94,76.94
aspen.click,UNAVAILABLE,0,1.54,10.81
aspen.garden,AVAILABLE,1,4367.16,27.82
aspen.hair,AVAILABLE,0,1.54,12.98
aspen.monster,AVAILABLE,0,1.54,12.98
aspen.rest,AVAILABLE,1,1719.89,2456.76
aspen.skin,AVAILABLE,0,1.54,12.98
aspen.surf,AVAILABLE,0,1.54,26.26
aster.lol,UNAVAILABLE,0,1.54,26.26
aster.space,AVAILABLE,1,273.44,1092.18
aster.pics,UNAVAILABLE,0,1.54,26.26
aster.quest,AVAILABLE,0,1.54,12.98
aster.mom,UNAVAILABLE,0,1.54,26.26
aster.beauty,UNAVAILABLE,0,1.54,12.98
aster.beer,AVAILABLE,0,1.54,26.26
aster.best,UNAVAILABLE,0,1.72,15.96
aster.click,AVAILABLE,1,382.61,546.35
aster.garden,UNAVAILABLE,0,1.54,26.26
aster.hair,UNAVAILABLE,0,1.54,12.98
aster.monster,UNAVAILABLE,0,1.54,12.98
aster.rest,UNAVAILABLE,0,1.54,26.26
aster.skin,AVAILABLE,0,1.54,12.98
aster.surf,AVAILABLE,0,1.54,26.26
augur.lol,AVAILABLE,0,1.54,26.26
augur.space,UNAVAILABLE,0,1.96,26.26
augur.pics,AVAILABLE,0,1.54,26.26
augur.quest,AVAILABLE,0,1.54,12.98
augur.mom,AVAILABLE,0,1.54,26.26
augur.beauty,AVAILABLE,0,1.54,12.98
augur.beer,AVAILABLE,0,1.54,26.26
augur.best,AVAILABLE,0,1.72,15.96
augur.click,AVAILABLE,1,76.94,109.69
augur.garden,AVAILABLE,0,1.54,26.26
augur.hair,AVAILABLE,0,1.54,12.98
augur.monster,AVAILABLE,0,1.54,12.98
augur.rest,AVAILABLE,0,1.54,26.26
augur.skin,AVAILABLE,0,1.54,12.98
augur.surf,AVAILABLE,0,1.54,26.26
awl.lol,AVAILABLE,0,1.54,26.26
awl.space,AVAILABLE,1,68.75,273.44
awl.pics,AVAILABLE,0,1.54,26.26
awl.quest,AVAILABLE,0,1.54,12.98
awl.mom,AVAILABLE,0,1.54,26.26
awl.beauty,AVAILABLE,0,1.54,12.98
awl.beer,AVAILABLE,1,44.19,27.82
awl.best,AVAILABLE,0,1.72,15.96
awl.click,AVAILABLE,1,76.94,109.69
awl.garden,AVAILABLE,1,44.19,27.82
awl.hair,AVAILABLE,0,1.54,12.98
awl.monster,AVAILABLE,0,1.54,12.98
awl.rest,AVAILABLE,0,1.54,26.26
awl.skin,AVAILABLE,0,1.54,12.98
awl.surf,AVAILABLE,1,44.19,27.82
axiom.lol,UNAVAILABLE,0,1.54,26.26
axiom.space,UNAVAILABLE,0,1.96,26.26
axiom.pics,AVAILABLE,1,2183.84,2183.84
axiom.quest,AVAILABLE,1,2183.84,2183.84
axiom.mom,AVAILABLE,1,2183.84,2183.84
axiom.beauty,AVAILABLE,1,2183.84,2183.84
axiom.beer,AVAILABLE,0,1.54,26.26
axiom.best,UNAVAILABLE,0,1.72,15.96
axiom.click,AVAILABLE,1,382.61,546.35
axiom.garden,UNAVAILABLE,0,1.54,26.26
axiom.hair,AVAILABLE,1,2183.84,2183.84
axiom.monster,UNAVAILABLE,0,1.54,12.98
axiom.rest,UNAVAILABLE,0,1.54,26.26
axiom.skin,AVAILABLE,1,2183.84,2183.84
axiom.surf,UNAVAILABLE,0,1.54,26.26
bane.lol,UNAVAILABLE,0,1.54,26.26
bane.space,AVAILABLE,1,68.75,273.44
bane.pics,AVAILABLE,0,1.54,26.26
bane.quest,AVAILABLE,0,1.54,12.98
bane.mom,AVAILABLE,0,1.54,26.26
bane.beauty,AVAILABLE,0,1.54,12.98
bane.beer,AVAILABLE,0,1.54,26.26
bane.best,AVAILABLE,0,1.72,15.96
bane.click,AVAILABLE,1,76.94,109.69
bane.garden,AVAILABLE,0,1.54,26.26
bane.hair,AVAILABLE,0,1.54,12.98
bane.monster,AVAILABLE,0,1.54,12.98
bane.rest,AVAILABLE,0,1.54,26.26
bane.skin,AVAILABLE,0,1.54,12.98
bane.surf,AVAILABLE,0,1.54,26.26
barm.lol,AVAILABLE,0,1.54,26.26
barm.space,AVAILABLE,1,68.75,273.44
barm.pics,AVAILABLE,0,1.54,26.26
barm.quest,AVAILABLE,0,1.54,12.98
barm.mom,AVAILABLE,0,1.54,26.26
barm.beauty,AVAILABLE,0,1.54,12.98
barm.beer,AVAILABLE,0,1.54,26.26
barm.best,AVAILABLE,0,1.72,15.96
barm.click,AVAILABLE,1,76.94,109.69
barm.garden,AVAILABLE,0,1.54,26.26
barm.hair,AVAILABLE,0,1.54,12.98
barm.monster,AVAILABLE,0,1.54,12.98
barm.rest,AVAILABLE,0,1.54,26.26
barm.skin,AVAILABLE,0,1.54,12.98
barm.surf,AVAILABLE,0,1.54,26.26
basil.lol,UNAVAILABLE,0,1.54,26.26
basil.space,AVAILABLE,1,273.44,1092.18
basil.pics,AVAILABLE,0,1.54,26.26
basil.quest,UNAVAILABLE,0,1.54,12.98
basil.mom,AVAILABLE,0,1.54,26.26
basil.beauty,AVAILABLE,0,1.54,12.98
basil.beer,AVAILABLE,0,1.54,26.26
basil.best,UNAVAILABLE,0,1.72,15.96
basil.click,UNAVAILABLE,0,1.54,10.81
basil.garden,UNAVAILABLE,1,218.86,27.82
basil.hair,AVAILABLE,0,1.54,12.98
basil.monster,AVAILABLE,0,1.54,12.98
basil.rest,AVAILABLE,1,138.07,197.02
basil.skin,AVAILABLE,0,1.54,12.98
basil.surf,AVAILABLE,0,1.54,26.26
baste.lol,AVAILABLE,0,1.54,26.26
baste.space,AVAILABLE,1,68.75,273.44
baste.pics,AVAILABLE,0,1.54,26.26
baste.quest,AVAILABLE,0,1.54,12.98
baste.mom,AVAILABLE,0,1.54,26.26
baste.beauty,AVAILABLE,0,1.54,12.98
baste.beer,AVAILABLE,0,1.54,26.26
baste.best,AVAILABLE,0,1.72,15.96
baste.click,AVAILABLE,1,76.94,109.69
baste.garden,AVAILABLE,0,1.54,26.26
baste.hair,AVAILABLE,0,1.54,12.98
baste.monster,AVAILABLE,0,1.54,12.98
baste.rest,AVAILABLE,0,1.54,26.26
baste.skin,AVAILABLE,0,1.54,12.98
baste.surf,AVAILABLE,0,1.54,26.26
beech.lol,AVAILABLE,0,1.54,26.26
beech.space,UNAVAILABLE,0,1.96,26.26
beech.pics,AVAILABLE,0,1.54,26.26
beech.quest,AVAILABLE,0,1.54,12.98
beech.mom,AVAILABLE,0,1.54,26.26
beech.beauty,AVAILABLE,0,1.54,12.98
beech.beer,AVAILABLE,0,1.54,26.26
beech.best,AVAILABLE,0,1.72,15.96
beech.click,AVAILABLE,1,76.94,109.69
beech.garden,AVAILABLE,0,1.54,26.26
beech.hair,AVAILABLE,0,1.54,12.98
beech.monster,AVAILABLE,0,1.54,12.98
beech.rest,UNAVAILABLE,0,1.54,26.26
beech.skin,AVAILABLE,0,1.54,12.98
beech.surf,AVAILABLE,0,1.54,26.26
berm.lol,AVAILABLE,0,1.54,26.26
berm.space,AVAILABLE,1,27.82,109.69
berm.pics,UNAVAILABLE,0,1.54,26.26
berm.quest,AVAILABLE,0,1.54,12.98
berm.mom,AVAILABLE,0,1.54,26.26
berm.beauty,AVAILABLE,0,1.54,12.98
berm.beer,AVAILABLE,0,1.54,26.26
berm.best,AVAILABLE,0,1.72,15.96
berm.click,AVAILABLE,1,76.94,109.69
berm.garden,AVAILABLE,0,1.54,26.26
berm.hair,AVAILABLE,0,1.54,12.98
berm.monster,AVAILABLE,0,1.54,12.98
berm.rest,AVAILABLE,0,1.54,26.26
berm.skin,AVAILABLE,0,1.54,12.98
berm.surf,AVAILABLE,0,1.54,26.26
betta.lol,UNAVAILABLE,0,1.54,26.26
betta.space,UNAVAILABLE,0,1.96,26.26
betta.pics,AVAILABLE,0,1.54,26.26
betta.quest,AVAILABLE,0,1.54,12.98
betta.mom,AVAILABLE,0,1.54,26.26
betta.beauty,AVAILABLE,0,1.54,12.98
betta.beer,UNAVAILABLE,0,1.54,26.26
betta.best,UNAVAILABLE,0,1.72,15.96
betta.click,AVAILABLE,1,76.94,109.69
betta.garden,AVAILABLE,0,1.54,26.26
betta.hair,AVAILABLE,0,1.54,12.98
betta.monster,AVAILABLE,0,1.54,12.98
betta.rest,AVAILABLE,0,1.54,26.26
betta.skin,AVAILABLE,0,1.54,12.98
betta.surf,AVAILABLE,0,1.54,26.26
birch.lol,AVAILABLE,0,1.54,26.26
birch.space,AVAILABLE,1,136.98,546.35
birch.pics,AVAILABLE,0,1.54,26.26
birch.quest,UNAVAILABLE,0,1.54,12.98
birch.mom,AVAILABLE,0,1.54,26.26
birch.beauty,AVAILABLE,0,1.54,12.98
birch.beer,UNAVAILABLE,0,1.54,26.26
birch.best,AVAILABLE,0,1.72,15.96
birch.click,AVAILABLE,0,1.54,10.81
birch.garden,AVAILABLE,0,1.54,26.26
birch.hair,AVAILABLE,0,1.54,12.98
birch.monster,AVAILABLE,0,1.54,12.98
birch.rest,AVAILABLE,0,1.54,26.26
birch.skin,AVAILABLE,0,1.54,12.98
birch.surf,AVAILABLE,0,1.54,26.26
blanch.lol,AVAILABLE,0,1.54,26.26
blanch.space,AVAILABLE,1,68.75,273.44
blanch.pics,AVAILABLE,0,1.54,26.26
blanch.quest,AVAILABLE,0,1.54,12.98
blanch.mom,AVAILABLE,0,1.54,26.26
blanch.beauty,AVAILABLE,0,1.54,12.98
blanch.beer,AVAILABLE,1,44.19,27.82
blanch.best,AVAILABLE,0,1.72,15.96
blanch.click,AVAILABLE,0,1.54,10.81
blanch.garden,AVAILABLE,0,1.54,26.26
blanch.hair,AVAILABLE,0,1.54,12.98
blanch.monster,AVAILABLE,0,1.54,12.98
blanch.rest,AVAILABLE,0,1.54,26.26
blanch.skin,AVAILABLE,0,1.54,12.98
blanch.surf,AVAILABLE,0,1.54,26.26
bleak.lol,UNAVAILABLE,0,1.54,26.26
bleak.space,AVAILABLE,1,136.98,546.35
bleak.pics,AVAILABLE,0,1.54,26.26
bleak.quest,UNAVAILABLE,0,1.54,12.98
bleak.mom,AVAILABLE,0,1.54,26.26
bleak.beauty,AVAILABLE,0,1.54,12.98
bleak.beer,PENDING,0,0.00,0.00
bleak.best,AVAILABLE,0,1.72,15.96
bleak.click,AVAILABLE,1,76.94,109.69
bleak.garden,PENDING,0,0.00,0.00
bleak.hair,AVAILABLE,0,1.54,12.98
bleak.monster,UNAVAILABLE,0,1.54,12.98
bleak.rest,AVAILABLE,0,1.54,26.26
bleak.skin,AVAILABLE,0,1.54,12.98
bleak.surf,PENDING,0,0.00,0.00
blight.lol,UNAVAILABLE,0,1.54,26.26
blight.space,AVAILABLE,1,68.75,273.44
blight.pics,AVAILABLE,0,1.54,26.26
blight.quest,UNAVAILABLE,0,1.54,12.98
blight.mom,AVAILABLE,0,1.54,26.26
blight.beauty,AVAILABLE,0,1.54,12.98
blight.beer,UNAVAILABLE,0,1.54,26.26
blight.best,AVAILABLE,0,1.72,15.96
blight.click,AVAILABLE,0,1.54,10.81
blight.garden,AVAILABLE,0,1.54,26.26
blight.hair,AVAILABLE,0,1.54,12.98
blight.monster,AVAILABLE,0,1.54,12.98
blight.rest,AVAILABLE,0,1.54,26.26
blight.skin,AVAILABLE,0,1.54,12.98
blight.surf,AVAILABLE,0,1.54,26.26
bliss.lol,UNAVAILABLE,0,1.54,26.26
bliss.space,AVAILABLE,1,682.81,2729.67
bliss.pics,AVAILABLE,0,1.54,26.26
bliss.quest,UNAVAILABLE,0,1.54,12.98
bliss.mom,UNAVAILABLE,0,1.54,26.26
bliss.beauty,AVAILABLE,1,2183.84,2183.84
bliss.beer,UNAVAILABLE,0,1.54,26.26
bliss.best,AVAILABLE,1,76.94,76.94
bliss.click,UNAVAILABLE,0,1.54,10.81
bliss.garden,AVAILABLE,1,873.85,27.82
bliss.hair,AVAILABLE,1,2183.84,2183.84
bliss.monster,UNAVAILABLE,0,1.54,12.98
bliss.rest,UNAVAILABLE,0,1.54,26.26
bliss.skin,AVAILABLE,1,2183.84,2183.84
bliss.surf,UNAVAILABLE,0,1.54,26.26
boar.lol,UNAVAILABLE,0,1.54,26.26
boar.space,AVAILABLE,1,136.98,546.35
boar.pics,AVAILABLE,0,1.54,26.26
boar.quest,AVAILABLE,0,1.54,12.98
boar.mom,AVAILABLE,0,1.54,26.26
boar.beauty,UNAVAILABLE,0,1.54,12.98
boar.beer,AVAILABLE,0,1.54,26.26
boar.best,AVAILABLE,0,1.72,15.96
boar.click,AVAILABLE,1,76.94,109.69
boar.garden,AVAILABLE,0,1.54,26.26
boar.hair,AVAILABLE,0,1.54,12.98
boar.monster,AVAILABLE,0,1.54,12.98
boar.rest,AVAILABLE,0,1.54,26.26
boar.skin,AVAILABLE,0,1.54,12.98
boar.surf,AVAILABLE,0,1.54,26.26
bobbin.lol,UNAVAILABLE,0,1.54,26.26
bobbin.space,AVAILABLE,1,68.75,273.44
bobbin.pics,AVAILABLE,0,1.54,26.26
bobbin.quest,AVAILABLE,0,1.54,12.98
bobbin.mom,AVAILABLE,0,1.54,26.26
bobbin.beauty,AVAILABLE,0,1.54,12.98
bobbin.beer,UNAVAILABLE,0,1.54,26.26
bobbin.best,AVAILABLE,0,1.72,15.96
bobbin.click,AVAILABLE,0,1.54,10.81
bobbin.garden,AVAILABLE,0,1.54,26.26
bobbin.hair,AVAILABLE,0,1.54,12.98
bobbin.monster,AVAILABLE,0,1.54,12.98
bobbin.rest,AVAILABLE,0,1.54,26.26
bobbin.skin,AVAILABLE,0,1.54,12.98
bobbin.surf,AVAILABLE,0,1.54,26.26
bole.lol,AVAILABLE,0,1.54,26.26
bole.space,AVAILABLE,1,68.75,273.44
bole.pics,AVAILABLE,0,1.54,26.26
bole.quest,AVAILABLE,0,1.54,12.98
bole.mom,UNAVAILABLE,0,1.54,26.26
bole.beauty,AVAILABLE,0,1.54,12.98
bole.beer,AVAILABLE,1,44.19,27.82
bole.best,AVAILABLE,0,1.72,15.96
bole.click,AVAILABLE,1,76.94,109.69
bole.garden,AVAILABLE,0,1.54,26.26
bole.hair,AVAILABLE,0,1.54,12.98
bole.monster,AVAILABLE,0,1.54,12.98
bole.rest,AVAILABLE,0,1.54,26.26
bole.skin,AVAILABLE,0,1.54,12.98
bole.surf,AVAILABLE,0,1.54,26.26
boon.lol,AVAILABLE,1,2183.84,2183.84
boon.space,AVAILABLE,1,68.75,273.44
boon.pics,UNAVAILABLE,0,1.54,26.26
boon.quest,AVAILABLE,1,2183.84,2183.84
boon.mom,AVAILABLE,1,2183.84,2183.84
boon.beauty,AVAILABLE,1,2183.84,2183.84
boon.beer,UNAVAILABLE,0,1.54,26.26
boon.best,UNAVAILABLE,0,1.72,15.96
boon.click,AVAILABLE,1,76.94,109.69
boon.garden,AVAILABLE,0,1.54,26.26
boon.hair,AVAILABLE,1,2183.84,2183.84
boon.monster,AVAILABLE,0,1.54,12.98
boon.rest,UNAVAILABLE,0,1.54,26.26
boon.skin,AVAILABLE,1,2183.84,2183.84
boon.surf,AVAILABLE,0,1.54,26.26
borage.lol,AVAILABLE,0,1.54,26.26
borage.space,AVAILABLE,0,1.96,26.26
borage.pics,AVAILABLE,0,1.54,26.26
borage.quest,AVAILABLE,0,1.54,12.98
borage.mom,AVAILABLE,0,1.54,26.26
borage.beauty,AVAILABLE,0,1.54,12.98
borage.beer,AVAILABLE,0,1.54,26.26
borage.best,AVAILABLE,0,1.72,15.96
borage.click,AVAILABLE,0,1.54,10.81
borage.garden,AVAILABLE,0,1.54,26.26
borage.hair,AVAILABLE,0,1.54,12.98
borage.monster,AVAILABLE,0,1.54,12.98
borage.rest,AVAILABLE,0,1.54,26.26
borage.skin,AVAILABLE,0,1.54,12.98
borage.surf,AVAILABLE,0,1.54,26.26
botfly.lol,AVAILABLE,0,1.54,26.26
botfly.space,AVAILABLE,1,27.82,109.69
botfly.pics,AVAILABLE,0,1.54,26.26
botfly.quest,AVAILABLE,0,1.54,12.98
botfly.mom,AVAILABLE,0,1.54,26.26
botfly.beauty,AVAILABLE,0,1.54,12.98
botfly.beer,AVAILABLE,0,1.54,26.26
botfly.best,AVAILABLE,0,1.72,15.96
botfly.click,AVAILABLE,0,1.54,10.81
botfly.garden,AVAILABLE,0,1.54,26.26
botfly.hair,AVAILABLE,0,1.54,12.98
botfly.monster,AVAILABLE,0,1.54,12.98
botfly.rest,AVAILABLE,0,1.54,26.26
botfly.skin,AVAILABLE,0,1.54,12.98
botfly.surf,AVAILABLE,0,1.54,26.26
bough.lol,AVAILABLE,0,1.54,26.26
bough.space,AVAILABLE,1,68.75,273.44
bough.pics,AVAILABLE,0,1.54,26.26
bough.quest,UNAVAILABLE,0,1.54,12.98
bough.mom,AVAILABLE,0,1.54,26.26
bough.beauty,AVAILABLE,0,1.54,12.98
bough.beer,AVAILABLE,0,1.54,26.26
bough.best,AVAILABLE,0,1.72,15.96
bough.click,AVAILABLE,1,76.94,109.69
bough.garden,UNAVAILABLE,0,1.54,26.26
bough.hair,AVAILABLE,0,1.54,12.98
bough.monster,AVAILABLE,0,1.54,12.98
bough.rest,AVAILABLE,0,1.54,26.26
bough.skin,AVAILABLE,0,1.54,12.98
bough.surf,AVAILABLE,0,1.54,26.26
bract.lol,AVAILABLE,0,1.54,26.26
bract.space,AVAILABLE,1,27.82,109.69
bract.pics,AVAILABLE,0,1.54,26.26
bract.quest,AVAILABLE,0,1.54,12.98
bract.mom,AVAILABLE,0,1.54,26.26
bract.beauty,AVAILABLE,0,1.54,12.98
bract.beer,AVAILABLE,0,1.54,26.26
bract.best,AVAILABLE,0,1.72,15.96
bract.click,AVAILABLE,1,76.94,109.69
bract.garden,AVAILABLE,0,1.54,26.26
bract.hair,AVAILABLE,0,1.54,12.98
bract.monster,AVAILABLE,0,1.54,12.98
bract.rest,AVAILABLE,0,1.54,26.26
bract.skin,AVAILABLE,0,1.54,12.98
bract.surf,AVAILABLE,0,1.54,26.26
brae.lol,AVAILABLE,0,1.54,26.26
brae.space,AVAILABLE,1,68.75,273.44
brae.pics,AVAILABLE,0,1.54,26.26
brae.quest,AVAILABLE,0,1.54,12.98
brae.mom,AVAILABLE,0,1.54,26.26
brae.beauty,AVAILABLE,0,1.54,12.98
brae.beer,AVAILABLE,0,1.54,26.26
brae.best,AVAILABLE,0,1.72,15.96
brae.click,AVAILABLE,1,76.94,109.69
brae.garden,AVAILABLE,0,1.54,26.26
brae.hair,AVAILABLE,0,1.54,12.98
brae.monster,AVAILABLE,0,1.54,12.98
brae.rest,AVAILABLE,0,1.54,26.26
brae.skin,AVAILABLE,0,1.54,12.98
brae.surf,AVAILABLE,0,1.54,26.26
bran.lol,UNAVAILABLE,0,1.54,26.26
bran.space,AVAILABLE,1,136.98,546.35
bran.pics,UNAVAILABLE,0,1.54,26.26
bran.quest,AVAILABLE,0,1.54,12.98
bran.mom,AVAILABLE,0,1.54,26.26
bran.beauty,AVAILABLE,0,1.54,12.98
bran.beer,AVAILABLE,0,1.54,26.26
bran.best,AVAILABLE,0,1.72,15.96
bran.click,AVAILABLE,1,76.94,109.69
bran.garden,AVAILABLE,0,1.54,26.26
bran.hair,AVAILABLE,0,1.54,12.98
bran.monster,AVAILABLE,0,1.54,12.98
bran.rest,AVAILABLE,0,1.54,26.26
bran.skin,AVAILABLE,0,1.54,12.98
bran.surf,AVAILABLE,0,1.54,26.26
brant.lol,AVAILABLE,0,1.54,26.26
brant.space,AVAILABLE,1,68.75,273.44
brant.pics,AVAILABLE,0,1.54,26.26
brant.quest,AVAILABLE,0,1.54,12.98
brant.mom,AVAILABLE,0,1.54,26.26
brant.beauty,AVAILABLE,0,1.54,12.98
brant.beer,AVAILABLE,0,1.54,26.26
brant.best,AVAILABLE,0,1.72,15.96
brant.click,AVAILABLE,0,1.54,10.81
brant.garden,AVAILABLE,0,1.54,26.26
brant.hair,AVAILABLE,0,1.54,12.98
brant.monster,AVAILABLE,0,1.54,12.98
brant.rest,AVAILABLE,0,1.54,26.26
brant.skin,AVAILABLE,0,1.54,12.98
brant.surf,AVAILABLE,0,1.54,26.26
braze.lol,AVAILABLE,0,1.54,26.26
braze.space,AVAILABLE,1,27.82,109.69
braze.pics,AVAILABLE,0,1.54,26.26
braze.quest,PENDING,0,0.00,0.00
braze.mom,AVAILABLE,0,1.54,26.26
braze.beauty,PENDING,0,0.00,0.00
braze.beer,AVAILABLE,0,1.54,26.26
braze.best,PENDING,0,0.00,0.00
braze.click,AVAILABLE,1,76.94,109.69
braze.garden,AVAILABLE,0,1.54,26.26
braze.hair,PENDING,0,0.00,0.00
braze.monster,PENDING,0,0.00,0.00
braze.rest,AVAILABLE,0,1.54,26.26
braze.skin,PENDING,0,0.00,0.00
braze.surf,AVAILABLE,0,1.54,26.26
bream.lol,AVAILABLE,0,1.54,26.26
bream.space,UNAVAILABLE,1,68.75,273.44
bream.pics,AVAILABLE,0,1.54,26.26
bream.quest,AVAILABLE,0,1.54,12.98
bream.mom,AVAILABLE,0,1.54,26.26
bream.beauty,AVAILABLE,0,1.54,12.98
bream.beer,AVAILABLE,0,1.54,26.26
bream.best,AVAILABLE,0,1.72,15.96
bream.click,AVAILABLE,1,76.94,109.69
bream.garden,AVAILABLE,0,1.54,26.26
bream.hair,AVAILABLE,0,1.54,12.98
bream.monster,AVAILABLE,0,1.54,12.98
bream.rest,AVAILABLE,0,1.54,26.26
bream.skin,AVAILABLE,0,1.54,12.98
bream.surf,AVAILABLE,0,1.54,26.26
briar.lol,UNAVAILABLE,0,1.54,26.26
briar.space,AVAILABLE,1,68.75,273.44
briar.pics,AVAILABLE,0,1.54,26.26
briar.quest,UNAVAILABLE,0,1.54,12.98
briar.mom,AVAILABLE,0,1.54,26.26
briar.beauty,UNAVAILABLE,0,1.54,12.98
briar.beer,AVAILABLE,0,1.54,26.26
briar.best,AVAILABLE,0,1.72,15.96
briar.click,AVAILABLE,1,76.94,109.69
briar.garden,AVAILABLE,0,1.54,26.26
briar.hair,AVAILABLE,0,1.54,12.98
briar.monster,AVAILABLE,0,1.54,12.98
briar.rest,AVAILABLE,0,1.54,26.26
briar.skin,AVAILABLE,0,1.54,12.98
briar.surf,AVAILABLE,0,1.54,26.26
brine.lol,AVAILABLE,0,1.54,26.26
brine.space,AVAILABLE,1,68.75,273.44
brine.pics,AVAILABLE,0,1.54,26.26
brine.quest,AVAILABLE,0,1.54,12.98
brine.mom,AVAILABLE,0,1.54,26.26
brine.beauty,AVAILABLE,0,1.54,12.98
brine.beer,AVAILABLE,0,1.54,26.26
brine.best,AVAILABLE,0,1.72,15.96
brine.click,AVAILABLE,1,76.94,109.69
brine.garden,UNAVAILABLE,0,1.54,26.26
brine.hair,AVAILABLE,0,1.54,12.98
brine.monster,AVAILABLE,0,1.54,12.98
brine.rest,AVAILABLE,0,1.54,26.26
brine.skin,AVAILABLE,0,1.54,12.98
brine.surf,AVAILABLE,0,1.54,26.26
brisk.lol,UNAVAILABLE,0,1.54,26.26
brisk.space,AVAILABLE,1,136.98,546.35
brisk.pics,AVAILABLE,0,1.54,26.26
brisk.quest,AVAILABLE,0,1.54,12.98
brisk.mom,AVAILABLE,0,1.54,26.26
brisk.beauty,AVAILABLE,0,1.54,12.98
brisk.beer,AVAILABLE,0,1.54,26.26
brisk.best,AVAILABLE,0,1.72,15.96
brisk.click,AVAILABLE,1,76.94,109.69
brisk.garden,UNAVAILABLE,0,1.54,26.26
brisk.hair,AVAILABLE,0,1.54,12.98
brisk.monster,AVAILABLE,0,1.54,12.98
brisk.rest,AVAILABLE,0,1.54,26.26
brisk.skin,AVAILABLE,0,1.54,12.98
brisk.surf,AVAILABLE,0,1.54,26.26
brume.lol,AVAILABLE,0,1.54,26.26
brume.space,AVAILABLE,0,1.96,26.26
brume.pics,AVAILABLE,0,1.54,26.26
brume.quest,AVAILABLE,0,1.54,12.98
brume.mom,AVAILABLE,0,1.54,26.26
brume.beauty,AVAILABLE,0,1.54,12.98
brume.beer,AVAILABLE,0,1.54,26.26
brume.best,AVAILABLE,0,1.72,15.96
brume.click,AVAILABLE,1,76.94,109.69
brume.garden,UNAVAILABLE,0,1.54,26.26
brume.hair,AVAILABLE,0,1.54,12.98
brume.monster,AVAILABLE,0,1.54,12.98
brume.rest,AVAILABLE,0,1.54,26.26
brume.skin,AVAILABLE,0,1.54,12.98
brume.surf,AVAILABLE,0,1.54,26.26
bulb.lol,AVAILABLE,0,1.54,26.26
bulb.space,AVAILABLE,1,273.44,1092.18
bulb.pics,UNAVAILABLE,0,1.54,26.26
bulb.quest,AVAILABLE,0,1.54,12.98
bulb.mom,AVAILABLE,0,1.54,26.26
bulb.beauty,AVAILABLE,0,1.54,12.98
bulb.beer,AVAILABLE,0,1.54,26.26
bulb.best,UNAVAILABLE,0,1.72,15.96
bulb.click,AVAILABLE,1,76.94,109.69
bulb.garden,AVAILABLE,1,437.19,27.82
bulb.hair,AVAILABLE,0,1.54,12.98
bulb.monster,AVAILABLE,0,1.54,12.98
bulb.rest,AVAILABLE,0,1.54,26.26
bulb.skin,AVAILABLE,0,1.54,12.98
bulb.surf,AVAILABLE,0,1.54,26.26
burl.lol,AVAILABLE,0,1.54,26.26
burl.space,AVAILABLE,1,68.75,273.44
burl.pics,AVAILABLE,0,1.54,26.26
burl.quest,AVAILABLE,0,1.54,12.98
burl.mom,AVAILABLE,0,1.54,26.26
burl.beauty,AVAILABLE,0,1.54,12.98
burl.beer,AVAILABLE,0,1.54,26.26
burl.best,AVAILABLE,0,1.72,15.96
burl.click,AVAILABLE,1,76.94,109.69
burl.garden,AVAILABLE,0,1.54,26.26
burl.hair,AVAILABLE,0,1.54,12.98
burl.monster,AVAILABLE,0,1.54,12.98
burl.rest,AVAILABLE,0,1.54,26.26
burl.skin,AVAILABLE,0,1.54,12.98
burl.surf,AVAILABLE,0,1.54,26.26
butte.lol,AVAILABLE,0,1.54,26.26
butte.space,AVAILABLE,1,68.75,273.44
butte.pics,AVAILABLE,0,1.54,26.26
butte.quest,AVAILABLE,0,1.54,12.98
butte.mom,AVAILABLE,0,1.54,26.26
butte.beauty,AVAILABLE,0,1.54,12.98
butte.beer,AVAILABLE,0,1.54,26.26
butte.best,AVAILABLE,0,1.72,15.96
butte.click,AVAILABLE,1,76.94,109.69
butte.garden,AVAILABLE,1,87.86,27.82
butte.hair,AVAILABLE,0,1.54,12.98
butte.monster,AVAILABLE,0,1.54,12.98
butte.rest,AVAILABLE,1,138.07,197.02
butte.skin,AVAILABLE,0,1.54,12.98
butte.surf,AVAILABLE,0,1.54,26.26
byre.lol,AVAILABLE,0,1.54,26.26
byre.space,AVAILABLE,1,27.82,109.69
byre.pics,AVAILABLE,0,1.54,26.26
byre.quest,AVAILABLE,0,1.54,12.98
byre.mom,AVAILABLE,0,1.54,26.26
byre.beauty,AVAILABLE,0,1.54,12.98
byre.beer,AVAILABLE,0,1.54,26.26
byre.best,AVAILABLE,0,1.72,15.96
byre.click,AVAILABLE,1,76.94,109.69
byre.garden,AVAILABLE,0,1.54,26.26
byre.hair,AVAILABLE,0,1.54,12.98
byre.monster,AVAILABLE,0,1.54,12.98
byre.rest,AVAILABLE,0,1.54,26.26
byre.skin,AVAILABLE,0,1.54,12.98
byre.surf,AVAILABLE,0,1.54,26.26
caddis.lol,AVAILABLE,0,1.54,26.26
caddis.space,AVAILABLE,1,27.82,109.69
caddis.pics,AVAILABLE,0,1.54,26.26
caddis.quest,AVAILABLE,0,1.54,12.98
caddis.mom,AVAILABLE,0,1.54,26.26
caddis.beauty,AVAILABLE,0,1.54,12.98
caddis.beer,UNAVAILABLE,0,1.54,26.26
caddis.best,AVAILABLE,0,1.72,15.96
caddis.click,AVAILABLE,0,1.54,10.81
caddis.garden,AVAILABLE,0,1.54,26.26
caddis.hair,AVAILABLE,0,1.54,12.98
caddis.monster,AVAILABLE,0,1.54,12.98
caddis.rest,AVAILABLE,0,1.54,26.26
caddis.skin,AVAILABLE,0,1.54,12.98
caddis.surf,AVAILABLE,0,1.54,26.26
cairn.lol,AVAILABLE,0,1.54,26.26
cairn.space,AVAILABLE,1,136.98,546.35
cairn.pics,AVAILABLE,0,1.54,26.26
cairn.quest,UNAVAILABLE,0,1.54,12.98
cairn.mom,AVAILABLE,0,1.54,26.26
cairn.beauty,AVAILABLE,0,1.54,12.98
cairn.beer,AVAILABLE,0,1.54,26.26
cairn.best,AVAILABLE,0,1.72,15.96
cairn.click,AVAILABLE,1,76.94,109.69
cairn.garden,UNAVAILABLE,0,1.54,26.26
cairn.hair,AVAILABLE,0,1.54,12.98
cairn.monster,AVAILABLE,0,1.54,12.98
cairn.rest,AVAILABLE,0,1.54,26.26
cairn.skin,AVAILABLE,0,1.54,12.98
cairn.surf,AVAILABLE,0,1.54,26.26
calyx.lol,AVAILABLE,0,1.54,26.26
calyx.space,UNAVAILABLE,0,1.96,26.26
calyx.pics,AVAILABLE,0,1.54,26.26
calyx.quest,AVAILABLE,0,1.54,12.98
calyx.mom,AVAILABLE,0,1.54,26.26
calyx.beauty,AVAILABLE,0,1.54,12.98
calyx.beer,AVAILABLE,0,1.54,26.26
calyx.best,AVAILABLE,0,1.72,15.96
calyx.click,AVAILABLE,1,76.94,109.69
calyx.garden,AVAILABLE,0,1.54,26.26
calyx.hair,AVAILABLE,0,1.54,12.98
calyx.monster,AVAILABLE,0,1.54,12.98
calyx.rest,AVAILABLE,0,1.54,26.26
calyx.skin,UNAVAILABLE,0,1.54,12.98
calyx.surf,AVAILABLE,0,1.54,26.26
caper.lol,UNAVAILABLE,0,1.54,26.26
caper.space,UNAVAILABLE,1,68.75,273.44
caper.pics,AVAILABLE,0,1.54,26.26
caper.quest,UNAVAILABLE,0,1.54,12.98
caper.mom,AVAILABLE,0,1.54,26.26
caper.beauty,AVAILABLE,0,1.54,12.98
caper.beer,PENDING,0,0.00,0.00
caper.best,AVAILABLE,0,1.72,15.96
caper.click,AVAILABLE,1,76.94,109.69
caper.garden,PENDING,0,0.00,0.00
caper.hair,AVAILABLE,0,1.54,12.98
caper.monster,AVAILABLE,0,1.54,12.98
caper.rest,AVAILABLE,0,1.54,26.26
caper.skin,AVAILABLE,0,1.54,12.98
caper.surf,PENDING,0,0.00,0.00
cavy.lol,UNAVAILABLE,0,1.54,26.26
cavy.space,AVAILABLE,1,68.75,273.44
cavy.pics,AVAILABLE,0,1.54,26.26
cavy.quest,AVAILABLE,0,1.54,12.98
cavy.mom,AVAILABLE,0,1.54,26.26
cavy.beauty,AVAILABLE,0,1.54,12.98
cavy.beer,AVAILABLE,0,1.54,26.26
cavy.best,AVAILABLE,0,1.72,15.96
cavy.click,AVAILABLE,1,76.94,109.69
cavy.garden,AVAILABLE,0,1.54,26.26
cavy.hair,AVAILABLE,0,1.54,12.98
cavy.monster,AVAILABLE,0,1.54,12.98
cavy.rest,AVAILABLE,0,1.54,26.26
cavy.skin,AVAILABLE,0,1.54,12.98
cavy.surf,AVAILABLE,0,1.54,26.26
chaff.lol,AVAILABLE,0,1.54,26.26
chaff.space,AVAILABLE,1,27.82,109.69
chaff.pics,AVAILABLE,0,1.54,26.26
chaff.quest,AVAILABLE,0,1.54,12.98
chaff.mom,AVAILABLE,0,1.54,26.26
chaff.beauty,AVAILABLE,0,1.54,12.98
chaff.beer,AVAILABLE,0,1.54,26.26
chaff.best,AVAILABLE,0,1.72,15.96
chaff.click,AVAILABLE,1,76.94,109.69
chaff.garden,AVAILABLE,0,1.54,26.26
chaff.hair,AVAILABLE,0,1.54,12.98
chaff.monster,AVAILABLE,0,1.54,12.98
chaff.rest,AVAILABLE,0,1.54,26.26
chaff.skin,AVAILABLE,0,1.54,12.98
chaff.surf,AVAILABLE,0,1.54,26.26
chalk.lol,UNAVAILABLE,0,1.54,26.26
chalk.space,AVAILABLE,1,68.75,273.44
chalk.pics,AVAILABLE,0,1.54,26.26
chalk.quest,AVAILABLE,0,1.54,12.98
chalk.mom,AVAILABLE,0,1.54,26.26
chalk.beauty,UNAVAILABLE,0,1.54,12.98
chalk.beer,AVAILABLE,0,1.54,26.26
chalk.best,AVAILABLE,0,1.72,15.96
chalk.click,AVAILABLE,1,76.94,109.69
chalk.garden,UNAVAILABLE,0,1.54,26.26
chalk.hair,AVAILABLE,0,1.54,12.98
chalk.monster,AVAILABLE,0,1.54,12.98
chalk.rest,AVAILABLE,0,1.54,26.26
chalk.skin,AVAILABLE,0,1.54,12.98
chalk.surf,AVAILABLE,0,1.54,26.26
char.lol,UNAVAILABLE,0,1.54,26.26
char.space,AVAILABLE,1,1365.10,5458.82
char.pics,UNAVAILABLE,0,1.54,26.26
char.quest,AVAILABLE,0,1.54,12.98
char.mom,AVAILABLE,0,1.54,26.26
char.beauty,AVAILABLE,0,1.54,12.98
char.beer,AVAILABLE,0,1.54,26.26
char.best,UNAVAILABLE,0,1.72,15.96
char.click,UNAVAILABLE,0,1.54,10.81
char.garden,AVAILABLE,0,1.54,26.26
char.hair,AVAILABLE,0,1.54,12.98
char.monster,AVAILABLE,1,218.86,13.74
char.rest,AVAILABLE,1,138.07,197.02
char.skin,UNAVAILABLE,0,1.54,12.98
char.surf,AVAILABLE,0,1.54,26.26
chive.lol,AVAILABLE,0,1.54,26.26
chive.space,PENDING,0,0.00,0.00
chive.pics,AVAILABLE,0,1.54,26.26
chive.quest,AVAILABLE,0,1.54,12.98
chive.mom,AVAILABLE,0,1.54,26.26
chive.beauty,AVAILABLE,0,1.54,12.98
chive.beer,PENDING,0,0.00,0.00
chive.best,AVAILABLE,0,1.72,15.96
chive.click,AVAILABLE,1,76.94,109.69
chive.garden,PENDING,0,0.00,0.00
chive.hair,AVAILABLE,0,1.54,12.98
chive.monster,AVAILABLE,0,1.54,12.98
chive.rest,AVAILABLE,0,1.54,26.26
chive.skin,AVAILABLE,0,1.54,12.98
chive.surf,PENDING,0,0.00,0.00
chord.lol,UNAVAILABLE,0,1.54,26.26
chord.space,UNAVAILABLE,0,1.96,26.26
chord.pics,AVAILABLE,0,1.54,26.26
chord.quest,UNAVAILABLE,0,1.54,12.98
chord.mom,AVAILABLE,0,1.54,26.26
chord.beauty,UNAVAILABLE,0,1.54,12.98
chord.beer,AVAILABLE,1,44.19,27.82
chord.best,AVAILABLE,0,1.72,15.96
chord.click,AVAILABLE,1,76.94,109.69
chord.garden,UNAVAILABLE,0,1.54,26.26
chord.hair,AVAILABLE,0,1.54,12.98
chord.monster,UNAVAILABLE,0,1.54,12.98
chord.rest,AVAILABLE,0,1.54,26.26
chord.skin,AVAILABLE,0,1.54,12.98
chord.surf,AVAILABLE,0,1.54,26.26
chub.lol,UNAVAILABLE,0,1.54,26.26
chub.space,AVAILABLE,1,68.75,273.44
chub.pics,AVAILABLE,0,1.54,26.26
chub.quest,AVAILABLE,0,1.54,12.98
chub.mom,AVAILABLE,0,1.54,26.26
chub.beauty,AVAILABLE,0,1.54,12.98
chub.beer,AVAILABLE,0,1.54,26.26
chub.best,AVAILABLE,0,1.72,15.96
chub.click,AVAILABLE,1,76.94,109.69
chub.garden,AVAILABLE,0,1.54,26.26
chub.hair,AVAILABLE,0,1.54,12.98
chub.monster,AVAILABLE,0,1.54,12.98
chub.rest,AVAILABLE,0,1.54,26.26
chub.skin,AVAILABLE,0,1.54,12.98
chub.surf,AVAILABLE,0,1.54,26.26
cinder.lol,AVAILABLE,0,1.54,26.26
cinder.space,UNAVAILABLE,0,1.96,26.26
cinder.pics,AVAILABLE,0,1.54,26.26
cinder.quest,AVAILABLE,0,1.54,12.98
cinder.mom,UNAVAILABLE,0,1.54,26.26
cinder.beauty,AVAILABLE,0,1.54,12.98
cinder.beer,AVAILABLE,0,1.54,26.26
cinder.best,UNAVAILABLE,0,1.72,15.96
cinder.click,UNAVAILABLE,0,1.54,10.81
cinder.garden,AVAILABLE,0,1.54,26.26
cinder.hair,AVAILABLE,0,1.54,12.98
cinder.monster,AVAILABLE,0,1.54,12.98
cinder.rest,AVAILABLE,0,1.54,26.26
cinder.skin,AVAILABLE,0,1.54,12.98
cinder.surf,AVAILABLE,0,1.54,26.26
cirque.lol,UNAVAILABLE,0,1.54,26.26
cirque.space,AVAILABLE,1,27.82,109.69
cirque.pics,AVAILABLE,0,1.54,26.26
cirque.quest,AVAILABLE,0,1.54,12.98
cirque.mom,AVAILABLE,0,1.54,26.26
cirque.beauty,AVAILABLE,0,1.54,12.98
cirque.beer,AVAILABLE,0,1.54,26.26
cirque.best,AVAILABLE,0,1.72,15.96
cirque.click,AVAILABLE,0,1.54,10.81
cirque.garden,AVAILABLE,0,1.54,26.26
cirque.hair,AVAILABLE,0,1.54,12.98
cirque.monster,AVAILABLE,0,1.54,12.98
cirque.rest,AVAILABLE,0,1.54,26.26
cirque.skin,AVAILABLE,0,1.54,12.98
cirque.surf,AVAILABLE,0,1.54,26.26
civet.lol,AVAILABLE,0,1.54,26.26
civet.space,AVAILABLE,1,27.82,109.69
civet.pics,AVAILABLE,0,1.54,26.26
civet.quest,AVAILABLE,0,1.54,12.98
civet.mom,AVAILABLE,0,1.54,26.26
civet.beauty,AVAILABLE,0,1.54,12.98
civet.beer,AVAILABLE,0,1.54,26.26
civet.best,AVAILABLE,0,1.72,15.96
civet.click,AVAILABLE,1,76.94,109.69
civet.garden,AVAILABLE,0,1.54,26.26
civet.hair,AVAILABLE,0,1.54,12.98
civet.monster,AVAILABLE,0,1.54,12.98
civet.rest,AVAILABLE,0,1.54,26.26
civet.skin,UNAVAILABLE,0,1.54,12.98
civet.surf,AVAILABLE,0,1.54,26.26
claw.lol,UNAVAILABLE,0,1.54,26.26
claw.space,UNAVAILABLE,0,1.96,26.26
claw.pics,UNAVAILABLE,0,1.54,26.26
claw.quest,UNAVAILABLE,0,1.54,12.98
claw.mom,UNAVAILABLE,0,1.54,26.26
claw.beauty,UNAVAILABLE,0,1.54,12.98
claw.beer,UNAVAILABLE,0,1.54,26.26
claw.best,UNAVAILABLE,0,1.72,15.96
claw.click,UNAVAILABLE,1,76.94,109.69
claw.garden,AVAILABLE,1,87.86,27.82
claw.hair,UNAVAILABLE,0,1.54,12.98
claw.monster,UNAVAILABLE,0,1.54,12.98
claw.rest,UNAVAILABLE,0,1.54,26.26
claw.skin,UNAVAILABLE,0,1.54,12.98
claw.surf,UNAVAILABLE,0,1.54,26.26
cleft.lol,AVAILABLE,0,1.54,26.26
cleft.space,AVAILABLE,1,27.82,109.69
cleft.pics,AVAILABLE,0,1.54,26.26
cleft.quest,AVAILABLE,0,1.54,12.98
cleft.mom,AVAILABLE,0,1.54,26.26
cleft.beauty,AVAILABLE,0,1.54,12.98
cleft.beer,AVAILABLE,0,1.54,26.26
cleft.best,AVAILABLE,0,1.72,15.96
cleft.click,AVAILABLE,1,76.94,109.69
cleft.garden,AVAILABLE,0,1.54,26.26
cleft.hair,AVAILABLE,0,1.54,12.98
cleft.monster,AVAILABLE,0,1.54,12.98
cleft.rest,AVAILABLE,0,1.54,26.26
cleft.skin,AVAILABLE,0,1.54,12.98
cleft.surf,AVAILABLE,0,1.54,26.26
clove.lol,UNAVAILABLE,0,1.54,26.26
clove.space,UNAVAILABLE,0,1.96,26.26
clove.pics,UNAVAILABLE,0,1.54,26.26
clove.quest,AVAILABLE,0,1.54,12.98
clove.mom,UNAVAILABLE,0,1.54,26.26
clove.beauty,UNAVAILABLE,0,1.54,12.98
clove.beer,AVAILABLE,0,1.54,26.26
clove.best,UNAVAILABLE,0,1.72,15.96
clove.click,AVAILABLE,1,76.94,109.69
clove.garden,UNAVAILABLE,0,1.54,26.26
clove.hair,AVAILABLE,0,1.54,12.98
clove.monster,AVAILABLE,0,1.54,12.98
clove.rest,UNAVAILABLE,0,1.54,26.26
clove.skin,UNAVAILABLE,0,1.54,12.98
clove.surf,AVAILABLE,0,1.54,26.26
coati.lol,AVAILABLE,0,1.54,26.26
coati.space,AVAILABLE,1,68.75,273.44
coati.pics,AVAILABLE,0,1.54,26.26
coati.quest,AVAILABLE,0,1.54,12.98
coati.mom,AVAILABLE,0,1.54,26.26
coati.beauty,AVAILABLE,0,1.54,12.98
coati.beer,AVAILABLE,0,1.54,26.26
coati.best,AVAILABLE,0,1.72,15.96
coati.click,AVAILABLE,1,76.94,109.69
coati.garden,AVAILABLE,0,1.54,26.26
coati.hair,AVAILABLE,0,1.54,12.98
coati.monster,AVAILABLE,0,1.54,12.98
coati.rest,AVAILABLE,0,1.54,26.26
coati.skin,AVAILABLE,0,1.54,12.98
coati.surf,AVAILABLE,0,1.54,26.26
cob.lol,UNAVAILABLE,0,1.54,26.26
cob.space,AVAILABLE,1,136.98,546.35
cob.pics,AVAILABLE,0,1.54,26.26
cob.quest,AVAILABLE,0,1.54,12.98
cob.mom,AVAILABLE,0,1.54,26.26
cob.beauty,AVAILABLE,0,1.54,12.98
cob.beer,AVAILABLE,1,44.19,27.82
cob.best,AVAILABLE,0,1.72,15.96
cob.click,AVAILABLE,1,76.94,109.69
cob.garden,AVAILABLE,1,44.19,27.82
cob.hair,AVAILABLE,0,1.54,12.98
cob.monster,AVAILABLE,0,1.54,12.98
cob.rest,AVAILABLE,0,1.54,26.26
cob.skin,AVAILABLE,0,1.54,12.98
cob.surf,AVAILABLE,1,44.19,27.82
cod.lol,UNAVAILABLE,0,1.54,26.26
cod.space,AVAILABLE,1,273.44,1092.18
cod.pics,UNAVAILABLE,0,1.54,26.26
cod.quest,UNAVAILABLE,0,1.54,12.98
cod.mom,UNAVAILABLE,0,1.54,26.26
cod.beauty,AVAILABLE,0,1.54,12.98
cod.beer,AVAILABLE,1,437.19,27.82
cod.best,AVAILABLE,0,1.72,15.96
cod.click,AVAILABLE,1,382.61,546.35
cod.garden,AVAILABLE,1,437.19,27.82
cod.hair,UNAVAILABLE,0,1.54,12.98
cod.monster,AVAILABLE,0,1.54,12.98
cod.rest,AVAILABLE,1,138.07,197.02
cod.skin,UNAVAILABLE,0,1.54,12.98
cod.surf,AVAILABLE,1,437.19,27.82
colt.lol,UNAVAILABLE,0,1.54,26.26
colt.space,AVAILABLE,1,136.98,546.35
colt.pics,UNAVAILABLE,0,1.54,26.26
colt.quest,AVAILABLE,0,1.54,12.98
colt.mom,AVAILABLE,0,1.54,26.26
colt.beauty,AVAILABLE,0,1.54,12.98
colt.beer,AVAILABLE,0,1.54,26.26
colt.best,AVAILABLE,0,1.72,15.96
colt.click,AVAILABLE,1,76.94,109.69
colt.garden,AVAILABLE,0,1.54,26.26
colt.hair,AVAILABLE,0,1.54,12.98
colt.monster,AVAILABLE,0,1.54,12.98
colt.rest,AVAILABLE,0,1.54,26.26
colt.skin,UNAVAILABLE,0,1.54,12.98
colt.surf,AVAILABLE,0,1.54,26.26
copse.lol,AVAILABLE,0,1.54,26.26
copse.space,AVAILABLE,1,27.82,109.69
copse.pics,AVAILABLE,0,1.54,26.26
copse.quest,AVAILABLE,0,1.54,12.98
copse.mom,AVAILABLE,0,1.54,26.26
copse.beauty,AVAILABLE,0,1.54,12.98
copse.beer,AVAILABLE,0,1.54,26.26
copse.best,AVAILABLE,0,1.72,15.96
copse.click,AVAILABLE,1,76.94,109.69
copse.garden,AVAILABLE,0,1.54,26.26
copse.hair,AVAILABLE,0,1.54,12.98
copse.monster,AVAILABLE,0,1.54,12.98
copse.rest,AVAILABLE,0,1.54,26.26
copse.skin,AVAILABLE,0,1.54,12.98
copse.surf,AVAILABLE,0,1.54,26.26
corm.lol,AVAILABLE,0,1.54,26.26
corm.space,PENDING,0,0.00,0.00
corm.pics,AVAILABLE,0,1.54,26.26
corm.quest,AVAILABLE,0,1.54,12.98
corm.mom,AVAILABLE,0,1.54,26.26
corm.beauty,AVAILABLE,0,1.54,12.98
corm.beer,AVAILABLE,0,1.54,26.26
corm.best,AVAILABLE,0,1.72,15.96
corm.click,AVAILABLE,1,76.94,109.69
corm.garden,AVAILABLE,0,1.54,26.26
corm.hair,AVAILABLE,0,1.54,12.98
corm.monster,AVAILABLE,0,1.54,12.98
corm.rest,AVAILABLE,0,1.54,26.26
corm.skin,AVAILABLE,0,1.54,12.98
corm.surf,AVAILABLE,0,1.54,26.26
coven.lol,UNAVAILABLE,0,1.54,26.26
coven.space,AVAILABLE,1,68.75,273.44
coven.pics,AVAILABLE,0,1.54,26.26
coven.quest,UNAVAILABLE,0,1.54,12.98
coven.mom,UNAVAILABLE,0,1.54,26.26
coven.beauty,UNAVAILABLE,0,1.54,12.98
coven.beer,AVAILABLE,0,1.54,26.26
coven.best,AVAILABLE,0,1.72,15.96
coven.click,AVAILABLE,1,76.94,109.69
coven.garden,AVAILABLE,0,1.54,26.26
coven.hair,UNAVAILABLE,0,1.54,12.98
coven.monster,AVAILABLE,0,1.54,12.98
coven.rest,AVAILABLE,0,1.54,26.26
coven.skin,AVAILABLE,0,1.54,12.98
coven.surf,AVAILABLE,0,1.54,26.26
coypu.lol,AVAILABLE,0,1.54,26.26
coypu.space,AVAILABLE,1,27.82,109.69
coypu.pics,AVAILABLE,0,1.54,26.26
coypu.quest,PENDING,0,0.00,0.00
coypu.mom,AVAILABLE,0,1.54,26.26
coypu.beauty,PENDING,0,0.00,0.00
coypu.beer,AVAILABLE,0,1.54,26.26
coypu.best,PENDING,0,0.00,0.00
coypu.click,AVAILABLE,1,76.94,109.69
coypu.garden,AVAILABLE,0,1.54,26.26
coypu.hair,PENDING,0,0.00,0.00
coypu.monster,PENDING,0,0.00,0.00
coypu.rest,AVAILABLE,0,1.54,26.26
coypu.skin,PENDING,0,0.00,0.00
coypu.surf,AVAILABLE,0,1.54,26.26
crag.lol,UNAVAILABLE,0,1.54,26.26
crag.space,UNAVAILABLE,0,1.96,26.26
crag.pics,AVAILABLE,0,1.54,26.26
crag.quest,AVAILABLE,0,1.54,12.98
crag.mom,AVAILABLE,0,1.54,26.26
crag.beauty,AVAILABLE,0,1.54,12.98
crag.beer,AVAILABLE,0,1.54,26.26
crag.best,UNAVAILABLE,0,1.72,15.96
crag.click,AVAILABLE,1,76.94,109.69
crag.garden,AVAILABLE,0,1.54,26.26
crag.hair,AVAILABLE,0,1.54,12.98
crag.monster,AVAILABLE,0,1.54,12.98
crag.rest,AVAILABLE,0,1.54,26.26
crag.skin,AVAILABLE,0,1.54,12.98
crag.surf,AVAILABLE,0,1.54,26.26
crake.lol,AVAILABLE,0,1.54,26.26
crake.space,AVAILABLE,1,27.82,109.69
crake.pics,AVAILABLE,0,1.54,26.26
crake.quest,AVAILABLE,0,1.54,12.98
crake.mom,AVAILABLE,0,1.54,26.26
crake.beauty,AVAILABLE,0,1.54,12.98
crake.beer,AVAILABLE,0,1.54,26.26
crake.best,AVAILABLE,0,1.72,15.96
crake.click,AVAILABLE,1,76.94,109.69
crake.garden,AVAILABLE,0,1.54,26.26
crake.hair,AVAILABLE,0,1.54,12.98
crake.monster,AVAILABLE,0,1.54,12.98
crake.rest,AVAILABLE,0,1.54,26.26
crake.skin,AVAILABLE,0,1.54,12.98
crake.surf,AVAILABLE,0,1.54,26.26
crepe.lol,UNAVAILABLE,0,1.54,26.26
crepe.space,AVAILABLE,1,68.75,273.44
crepe.pics,AVAILABLE,0,1.54,26.26
crepe.quest,AVAILABLE,0,1.54,12.98
crepe.mom,AVAILABLE,0,1.54,26.26
crepe.beauty,AVAILABLE,0,1.54,12.98
crepe.beer,AVAILABLE,0,1.54,26.26
crepe.best,AVAILABLE,0,1.72,15.96
crepe.click,AVAILABLE,1,76.94,109.69
crepe.garden,AVAILABLE,0,1.54,26.26
crepe.hair,AVAILABLE,0,1.54,12.98
crepe.monster,AVAILABLE,0,1.54,12.98
crepe.rest,AVAILABLE,0,1.54,26.26
crepe.skin,AVAILABLE,0,1.54,12.98
crepe.surf,AVAILABLE,0,1.54,26.26
cress.lol,AVAILABLE,0,1.54,26.26
cress.space,UNAVAILABLE,0,1.96,26.26
cress.pics,AVAILABLE,0,1.54,26.26
cress.quest,AVAILABLE,0,1.54,12.98
cress.mom,AVAILABLE,0,1.54,26.26
cress.beauty,AVAILABLE,0,1.54,12.98
cress.beer,AVAILABLE,0,1.54,26.26
cress.best,AVAILABLE,0,1.72,15.96
cress.click,AVAILABLE,0,1.54,10.81
cress.garden,UNAVAILABLE,0,1.54,26.26
cress.hair,AVAILABLE,0,1.54,12.98
cress.monster,AVAILABLE,0,1.54,12.98
cress.rest,AVAILABLE,0,1.54,26.26
cress.skin,AVAILABLE,0,1.54,12.98
cress.surf,UNAVAILABLE,0,1.54,26.26
crisp.lol,UNAVAILABLE,0,1.54,26.26
crisp.space,UNAVAILABLE,0,1.96,26.26
crisp.pics,AVAILABLE,0,1.54,26.26
crisp.quest,UNAVAILABLE,0,1.54,12.98
crisp.mom,AVAILABLE,0,1.54,26.26
crisp.beauty,UNAVAILABLE,0,1.54,12.98
crisp.beer,AVAILABLE,1,2183.84,27.82
crisp.best,UNAVAILABLE,0,1.72,15.96
crisp.click,UNAVAILABLE,0,1.54,10.81
crisp.garden,AVAILABLE,1,87.86,27.82
crisp.hair,AVAILABLE,0,1.54,12.98
crisp.monster,UNAVAILABLE,0,1.54,12.98
crisp.rest,UNAVAILABLE,0,1.54,26.26
crisp.skin,AVAILABLE,0,1.54,12.98
crisp.surf,AVAILABLE,0,1.54,26.26
croft.lol,UNAVAILABLE,0,1.54,26.26
croft.space,AVAILABLE,1,68.75,273.44
croft.pics,AVAILABLE,0,1.54,26.26
croft.quest,AVAILABLE,0,1.54,12.98
croft.mom,AVAILABLE,0,1.54,26.26
croft.beauty,AVAILABLE,0,1.54,12.98
croft.beer,AVAILABLE,0,1.54,26.26
croft.best,AVAILABLE,0,1.72,15.96
croft.click,UNAVAILABLE,0,1.54,10.81
croft.garden,UNAVAILABLE,0,1.54,26.26
croft.hair,AVAILABLE,0,1.54,12.98
croft.monster,AVAILABLE,0,1.54,12.98
croft.rest,AVAILABLE,0,1.54,26.26
croft.skin,AVAILABLE,0,1.54,12.98
croft.surf,AVAILABLE,0,1.54,26.26
crumb.lol,UNAVAILABLE,0,1.54,26.26
crumb.space,AVAILABLE,1,68.75,273.44
crumb.pics,AVAILABLE,0,1.54,26.26
crumb.quest,AVAILABLE,0,1.54,12.98
crumb.mom,AVAILABLE,0,1.54,26.26
crumb.beauty,AVAILABLE,0,1.54,12.98
crumb.beer,PENDING,0,0.00,0.00
crumb.best,AVAILABLE,0,1.72,15.96
crumb.click,AVAILABLE,1,76.94,109.69
crumb.garden,PENDING,0,0.00,0.00
crumb.hair,AVAILABLE,0,1.54,12.98
crumb.monster,AVAILABLE,0,1.54,12.98
crumb.rest,AVAILABLE,0,1.54,26.26
crumb.skin,UNAVAILABLE,0,1.54,12.98
crumb.surf,PENDING,0,0.00,0.00
crux.lol,UNAVAILABLE,0,1.54,26.26
crux.space,AVAILABLE,1,136.98,546.35
crux.pics,AVAILABLE,0,1.54,26.26
crux.quest,UNAVAILABLE,0,1.54,12.98
crux.mom,AVAILABLE,0,1.54,26.26
crux.beauty,AVAILABLE,0,1.54,12.98
crux.beer,UNAVAILABLE,0,1.54,26.26
crux.best,UNAVAILABLE,0,1.72,15.96
crux.click,AVAILABLE,1,76.94,109.69
crux.garden,UNAVAILABLE,0,1.54,26.26
crux.hair,AVAILABLE,0,1.54,12.98
crux.monster,UNAVAILABLE,0,1.54,12.98
crux.rest,UNAVAILABLE,0,1.54,26.26
crux.skin,AVAILABLE,0,1.54,12.98
crux.surf,AVAILABLE,0,1.54,26.26
culm.lol,AVAILABLE,0,1.54,26.26
culm.space,AVAILABLE,1,27.82,109.69
culm.pics,AVAILABLE,0,1.54,26.26
culm.quest,AVAILABLE,0,1.54,12.98
culm.mom,AVAILABLE,0,1.54,26.26
culm.beauty,AVAILABLE,0,1.54,12.98
culm.beer,AVAILABLE,0,1.54,26.26
culm.best,AVAILABLE,0,1.72,15.96
culm.click,AVAILABLE,1,76.94,109.69
culm.garden,AVAILABLE,0,1.54,26.26
culm.hair,AVAILABLE,0,1.54,12.98
culm.monster,AVAILABLE,0,1.54,12.98
culm.rest,AVAILABLE,0,1.54,26.26
culm.skin,AVAILABLE,0,1.54,12.98
culm.surf,AVAILABLE,0,1.54,26.26
cumin.lol,UNAVAILABLE,0,1.54,26.26
cumin.space,UNAVAILABLE,0,1.96,26.26
cumin.pics,AVAILABLE,0,1.54,26.26
cumin.quest,AVAILABLE,0,1.54,12.98
cumin.mom,UNAVAILABLE,0,1.54,26.26
cumin.beauty,AVAILABLE,0,1.54,12.98
cumin.beer,AVAILABLE,0,1.54,26.26
cumin.best,AVAILABLE,0,1.72,15.96
cumin.click,AVAILABLE,1,76.94,109.69
cumin.garden,AVAILABLE,0,1.54,26.26
cumin.hair,AVAILABLE,0,1.54,12.98
cumin.monster,AVAILABLE,0,1.54,12.98
cumin.rest,AVAILABLE,0,1.54,26.26
cumin.skin,AVAILABLE,0,1.54,12.98
cumin.surf,AVAILABLE,0,1.54,26.26
curd.lol,AVAILABLE,0,1.54,26.26
curd.space,AVAILABLE,1,68.75,273.44
curd.pics,AVAILABLE,0,1.54,26.26
curd.quest,AVAILABLE,0,1.54,12.98
curd.mom,AVAILABLE,0,1.54,26.26
curd.beauty,AVAILABLE,0,1.54,12.98
curd.beer,AVAILABLE,0,1.54,26.26
curd.best,AVAILABLE,0,1.72,15.96
curd.click,AVAILABLE,1,76.94,109.69
curd.garden,AVAILABLE,0,1.54,26.26
curd.hair,AVAILABLE,0,1.54,12.98
curd.monster,AVAILABLE,0,1.54,12.98
curd.rest,AVAILABLE,0,1.54,26.26
curd.skin,AVAILABLE,0,1.54,12.98
curd.surf,AVAILABLE,0,1.54,26.26
cure.lol,UNAVAILABLE,0,1.54,26.26
cure.space,AVAILABLE,1,273.44,1092.18
cure.pics,AVAILABLE,0,1.54,26.26
cure.quest,AVAILABLE,1,710.10,13.74
cure.mom,AVAILABLE,1,710.10,710.10
cure.beauty,AVAILABLE,1,2183.84,13.74
cure.beer,UNAVAILABLE,0,1.54,26.26
cure.best,UNAVAILABLE,0,1.72,15.96
cure.click,UNAVAILABLE,0,1.54,10.81
cure.garden,AVAILABLE,1,87.86,27.82
cure.hair,AVAILABLE,1,2183.84,13.74
cure.monster,AVAILABLE,0,1.54,12.98
cure.rest,UNAVAILABLE,0,1.54,26.26
cure.skin,AVAILABLE,1,2183.84,13.74
cure.surf,AVAILABLE,0,1.54,26.26
dace.lol,UNAVAILABLE,0,1.54,26.26
dace.space,AVAILABLE,1,68.75,273.44
dace.pics,AVAILABLE,0,1.54,26.26
dace.quest,AVAILABLE,0,1.54,12.98
dace.mom,AVAILABLE,0,1.54,26.26
dace.beauty,AVAILABLE,0,1.54,12.98
dace.beer,AVAILABLE,0,1.54,26.26
dace.best,AVAILABLE,0,1.72,15.96
dace.click,AVAILABLE,1,76.94,109.69
dace.garden,AVAILABLE,0,1.54,26.26
dace.hair,AVAILABLE,0,1.54,12.98
dace.monster,AVAILABLE,0,1.54,12.98
dace.rest,AVAILABLE,0,1.54,26.26
dace.skin,AVAILABLE,0,1.54,12.98
dace.surf,AVAILABLE,0,1.54,26.26
dahlia.lol,UNAVAILABLE,0,1.54,26.26
dahlia.space,PENDING,0,0.00,0.00
dahlia.pics,UNAVAILABLE,0,1.54,26.26
dahlia.quest,AVAILABLE,0,1.54,12.98
dahlia.mom,AVAILABLE,0,1.54,26.26
dahlia.beauty,AVAILABLE,0,1.54,12.98
dahlia.beer,AVAILABLE,0,1.54,26.26
dahlia.best,AVAILABLE,0,1.72,15.96
dahlia.click,AVAILABLE,0,1.54,10.81
dahlia.garden,UNAVAILABLE,1,87.86,27.82
dahlia.hair,AVAILABLE,0,1.54,12.98
dahlia.monster,UNAVAILABLE,0,1.54,12.98
dahlia.rest,AVAILABLE,0,1.54,26.26
dahlia.skin,AVAILABLE,0,1.54,12.98
dahlia.surf,AVAILABLE,0,1.54,26.26
darter.lol,AVAILABLE,0,1.54,26.26
darter.space,AVAILABLE,1,136.98,546.35
darter.pics,AVAILABLE,0,1.54,26.26
darter.quest,AVAILABLE,0,1.54,12.98
darter.mom,AVAILABLE,0,1.54,26.26
darter.beauty,AVAILABLE,0,1.54,12.98
darter.beer,AVAILABLE,0,1.54,26.26
darter.best,AVAILABLE,0,1.72,15.96
darter.click,AVAILABLE,0,1.54,10.81
darter.garden,AVAILABLE,0,1.54,26.26
darter.hair,AVAILABLE,0,1.54,12.98
darter.monster,AVAILABLE,0,1.54,12.98
darter.rest,AVAILABLE,0,1.54,26.26
darter.skin,AVAILABLE,0,1.54,12.98
darter.surf,AVAILABLE,0,1.54,26.26
daw.lol,UNAVAILABLE,0,1.54,26.26
daw.space,AVAILABLE,1,68.75,273.44
daw.pics,AVAILABLE,0,1.54,26.26
daw.quest,AVAILABLE,0,1.54,12.98
daw.mom,AVAILABLE,0,1.54,26.26
daw.beauty,UNAVAILABLE,0,1.54,12.98
daw.beer,AVAILABLE,1,44.19,27.82
daw.best,AVAILABLE,0,1.72,15.96
daw.click,AVAILABLE,1,76.94,109.69
daw.garden,AVAILABLE,1,44.19,27.82
daw.hair,AVAILABLE,0,1.54,12.98
daw.monster,AVAILABLE,0,1.54,12.98
daw.rest,AVAILABLE,0,1.54,26.26
daw.skin,AVAILABLE,0,1.54,12.98
daw.surf,AVAILABLE,1,44.19,27.82
deft.lol,UNAVAILABLE,0,1.54,26.26
deft.space,UNAVAILABLE,0,1.96,26.26
deft.pics,AVAILABLE,0,1.54,26.26
deft.quest,AVAILABLE,0,1.54,12.98
deft.mom,UNAVAILABLE,0,1.54,26.26
deft.beauty,AVAILABLE,0,1.54,12.98
deft.beer,UNAVAILABLE,0,1.54,26.26
deft.best,AVAILABLE,0,1.72,15.96
deft.click,AVAILABLE,1,76.94,109.69
deft.garden,AVAILABLE,0,1.54,26.26
deft.hair,UNAVAILABLE,0,1.54,12.98
deft.monster,AVAILABLE,0,1.54,12.98
deft.rest,AVAILABLE,0,1.54,26.26
deft.skin,AVAILABLE,0,1.54,12.98
deft.surf,AVAILABLE,0,1.54,26.26
degu.lol,UNAVAILABLE,0,1.54,26.26
degu.space,AVAILABLE,1,68.75,273.44
degu.pics,AVAILABLE,0,1.54,26.26
degu.quest,AVAILABLE,0,1.54,12.98
degu.mom,AVAILABLE,0,1.54,26.26
degu.beauty,AVAILABLE,0,1.54,12.98
degu.beer,AVAILABLE,0,1.54,26.26
degu.best,AVAILABLE,0,1.72,15.96
degu.click,AVAILABLE,1,76.94,109.69
degu.garden,AVAILABLE,0,1.54,26.26
degu.hair,AVAILABLE,0,1.54,12.98
degu.monster,AVAILABLE,0,1.54,12.98
degu.rest,AVAILABLE,0,1.54,26.26
degu.skin,AVAILABLE,0,1.54,12.98
degu.surf,AVAILABLE,0,1.54,26.26
dhole.lol,AVAILABLE,0,1.54,26.26
dhole.space,AVAILABLE,1,68.75,273.44
dhole.pics,AVAILABLE,0,1.54,26.26
dhole.quest,AVAILABLE,0,1.54,12.98
dhole.mom,AVAILABLE,0,1.54,26.26
dhole.beauty,AVAILABLE,0,1.54,12.98
dhole.beer,AVAILABLE,0,1.54,26.26
dhole.best,AVAILABLE,0,1.72,15.96
dhole.click,AVAILABLE,1,76.94,109.69
dhole.garden,AVAILABLE,0,1.54,26.26
dhole.hair,AVAILABLE,0,1.54,12.98
dhole.monster,AVAILABLE,0,1.54,12.98
dhole.rest,AVAILABLE,0,1.54,26.26
dhole.skin,AVAILABLE,0,1.54,12.98
dhole.surf,AVAILABLE,0,1.54,26.26
dill.lol,UNAVAILABLE,0,1.54,26.26
dill.space,AVAILABLE,1,68.75,273.44
dill.pics,AVAILABLE,0,1.54,26.26
dill.quest,UNAVAILABLE,0,1.54,12.98
dill.mom,AVAILABLE,0,1.54,26.26
dill.beauty,AVAILABLE,0,1.54,12.98
dill.beer,AVAILABLE,0,1.54,26.26
dill.best,AVAILABLE,0,1.72,15.96
dill.click,AVAILABLE,1,76.94,109.69
dill.garden,AVAILABLE,1,87.86,27.82
dill.hair,AVAILABLE,0,1.54,12.98
dill.monster,AVAILABLE,0,1.54,12.98
dill.rest,AVAILABLE,0,1.54,26.26
dill.skin,AVAILABLE,0,1.54,12.98
dill.surf,AVAILABLE,0,1.54,26.26
dirge.lol,AVAILABLE,0,1.54,26.26
dirge.space,AVAILABLE,1,27.82,109.69
dirge.pics,AVAILABLE,0,1.54,26.26
dirge.quest,UNAVAILABLE,0,1.54,12.98
dirge.mom,AVAILABLE,0,1.54,26.26
dirge.beauty,AVAILABLE,0,1.54,12.98
dirge.beer,AVAILABLE,0,1.54,26.26
dirge.best,AVAILABLE,0,1.72,15.96
dirge.click,AVAILABLE,1,76.94,109.69
dirge.garden,AVAILABLE,0,1.54,26.26
dirge.hair,AVAILABLE,0,1.54,12.98
dirge.monster,AVAILABLE,0,1.54,12.98
dirge.rest,AVAILABLE,0,1.54,26.26
dirge.skin,AVAILABLE,0,1.54,12.98
dirge.surf,AVAILABLE,0,1.54,26.26
dodo.lol,UNAVAILABLE,0,1.54,26.26
dodo.space,AVAILABLE,1,273.44,1092.18
dodo.pics,UNAVAILABLE,0,1.54,26.26
dodo.quest,UNAVAILABLE,0,1.54,12.98
dodo.mom,UNAVAILABLE,0,1.54,26.26
dodo.beauty,AVAILABLE,0,1.54,12.98
dodo.beer,AVAILABLE,0,1.54,26.26
dodo.best,AVAILABLE,1,872.98,872.98
dodo.click,UNAVAILABLE,0,1.54,10.81
dodo.garden,AVAILABLE,0,1.54,26.26
dodo.hair,UNAVAILABLE,0,1.54,12.98
dodo.monster,UNAVAILABLE,0,1.54,12.98
dodo.rest,UNAVAILABLE,0,1.54,26.26
dodo.skin,UNAVAILABLE,0,1.54,12.98
dodo.surf,UNAVAILABLE,0,1.54,26.26
doe.lol,UNAVAILABLE,0,1.54,26.26
doe.space,AVAILABLE,1,273.44,1092.18
doe.pics,UNAVAILABLE,0,1.54,26.26
doe.quest,UNAVAILABLE,0,1.54,12.98
doe.mom,UNAVAILABLE,0,1.54,26.26
doe.beauty,AVAILABLE,0,1.54,12.98
doe.beer,AVAILABLE,1,437.19,27.82
doe.best,AVAILABLE,0,1.72,15.96
doe.click,AVAILABLE,1,382.61,546.35
doe.garden,AVAILABLE,1,437.19,27.82
doe.hair,AVAILABLE,0,1.54,12.98
doe.monster,AVAILABLE,0,1.54,12.98
doe.rest,UNAVAILABLE,0,1.54,26.26
doe.skin,UNAVAILABLE,0,1.54,12.98
doe.surf,AVAILABLE,1,437.19,27.82
dogma.lol,UNAVAILABLE,0,1.54,26.26
dogma.space,AVAILABLE,1,68.75,273.44
dogma.pics,AVAILABLE,0,1.54,26.26
dogma.quest,UNAVAILABLE,0,1.54,12.98
dogma.mom,AVAILABLE,0,1.54,26.26
dogma.beauty,AVAILABLE,0,1.54,12.98
dogma.beer,UNAVAILABLE,0,1.54,26.26
dogma.best,AVAILABLE,0,1.72,15.96
dogma.click,UNAVAILABLE,0,1.54,10.81
dogma.garden,AVAILABLE,0,1.54,26.26
dogma.hair,AVAILABLE,0,1.54,12.98
dogma.monster,AVAILABLE,0,1.54,12.98
dogma.rest,AVAILABLE,0,1.54,26.26
dogma.skin,AVAILABLE,0,1.54,12.98
dogma.surf,AVAILABLE,0,1.54,26.26
dowel.lol,AVAILABLE,0,1.54,26.26
dowel.space,AVAILABLE,1,68.75,273.44
dowel.pics,AVAILABLE,0,1.54,26.26
dowel.quest,AVAILABLE,0,1.54,12.98
dowel.mom,AVAILABLE,0,1.54,26.26
dowel.beauty,AVAILABLE,0,1.54,12.98
dowel.beer,AVAILABLE,0,1.54,26.26
dowel.best,AVAILABLE,0,1.72,15.96
dowel.click,AVAILABLE,1,76.94,109.69
dowel.garden,AVAILABLE,0,1.54,26.26
dowel.hair,AVAILABLE,0,1.54,12.98
dowel.monster,AVAILABLE,0,1.54,12.98
dowel.rest,AVAILABLE,0,1.54,26.26
dowel.skin,AVAILABLE,0,1.54,12.98
dowel.surf,AVAILABLE,0,1.54,26.26
dowse.lol,AVAILABLE,0,1.54,26.26
dowse.space,AVAILABLE,1,68.75,273.44
dowse.pics,AVAILABLE,0,1.54,26.26
dowse.quest,AVAILABLE,0,1.54,12.98
dowse.mom,AVAILABLE,0,1.54,26.26
dowse.beauty,AVAILABLE,0,1.54,12.98
dowse.beer,AVAILABLE,0,1.54,26.26
dowse.best,AVAILABLE,0,1.72,15.96
dowse.click,AVAILABLE,1,76.94,109.69
dowse.garden,AVAILABLE,0,1.54,26.26
dowse.hair,AVAILABLE,0,1.54,12.98
dowse.monster,AVAILABLE,0,1.54,12.98
dowse.rest,AVAILABLE,0,1.54,26.26
dowse.skin,AVAILABLE,0,1.54,12.98
dowse.surf,AVAILABLE,0,1.54,26.26
drake.lol,PENDING,0,0.00,0.00
drake.space,PENDING,0,0.00,0.00
drake.pics,PENDING,0,0.00,0.00
drake.quest,AVAILABLE,1,710.10,13.74
drake.mom,PENDING,0,0.00,0.00
drake.beauty,AVAILABLE,1,710.10,710.10
drake.beer,PENDING,0,0.00,0.00
drake.best,AVAILABLE,0,1.72,15.96
drake.click,PENDING,0,0.00,0.00
drake.garden,PENDING,0,0.00,0.00
drake.hair,AVAILABLE,1,710.10,710.10
drake.monster,UNAVAILABLE,0,1.54,12.98
drake.rest,PENDING,0,0.00,0.00
drake.skin,AVAILABLE,1,710.10,710.10
drake.surf,PENDING,0,0.00,0.00
dreg.lol,AVAILABLE,0,1.54,26.26
dreg.space,PENDING,0,0.00,0.00
dreg.pics,AVAILABLE,0,1.54,26.26
dreg.quest,AVAILABLE,0,1.54,12.98
dreg.mom,AVAILABLE,0,1.54,26.26
dreg.beauty,AVAILABLE,0,1.54,12.98
dreg.beer,AVAILABLE,0,1.54,26.26
dreg.best,AVAILABLE,0,1.72,15.96
dreg.click,AVAILABLE,1,76.94,109.69
dreg.garden,AVAILABLE,0,1.54,26.26
dreg.hair,AVAILABLE,0,1.54,12.98
dreg.monster,AVAILABLE,0,1.54,12.98
dreg.rest,AVAILABLE,0,1.54,26.26
dreg.skin,AVAILABLE,0,1.54,12.98
dreg.surf,AVAILABLE,0,1.54,26.26
dregs.lol,AVAILABLE,0,1.54,26.26
dregs.space,AVAILABLE,0,1.96,26.26
dregs.pics,AVAILABLE,0,1.54,26.26
dregs.quest,AVAILABLE,0,1.54,12.98
dregs.mom,AVAILABLE,0,1.54,26.26
dregs.beauty,AVAILABLE,0,1.54,12.98
dregs.beer,AVAILABLE,0,1.54,26.26
dregs.best,AVAILABLE,0,1.72,15.96
dregs.click,AVAILABLE,1,76.94,109.69
dregs.garden,AVAILABLE,0,1.54,26.26
dregs.hair,AVAILABLE,0,1.54,12.98
dregs.monster,AVAILABLE,0,1.54,12.98
dregs.rest,AVAILABLE,0,1.54,26.26
dregs.skin,AVAILABLE,0,1.54,12.98
dregs.surf,AVAILABLE,0,1.54,26.26
droit.lol,AVAILABLE,0,1.54,26.26
droit.space,UNAVAILABLE,0,1.96,26.26
droit.pics,AVAILABLE,0,1.54,26.26
droit.quest,AVAILABLE,0,1.54,12.98
droit.mom,AVAILABLE,0,1.54,26.26
droit.beauty,AVAILABLE,0,1.54,12.98
droit.beer,AVAILABLE,0,1.54,26.26
droit.best,AVAILABLE,0,1.72,15.96
droit.click,AVAILABLE,1,76.94,109.69
droit.garden,AVAILABLE,0,1.54,26.26
droit.hair,AVAILABLE,0,1.54,12.98
droit.monster,AVAILABLE,0,1.54,12.98
droit.rest,AVAILABLE,0,1.54,26.26
droit.skin,AVAILABLE,0,1.54,12.98
droit.surf,AVAILABLE,0,1.54,26.26
drone.lol,UNAVAILABLE,0,1.54,26.26
drone.space,UNAVAILABLE,0,1.96,26.26
drone.pics,UNAVAILABLE,0,1.54,26.26
drone.quest,AVAILABLE,1,2183.84,2183.84
drone.mom,UNAVAILABLE,0,1.54,26.26
drone.beauty,AVAILABLE,1,2183.84,2183.84
drone.beer,UNAVAILABLE,0,1.54,26.26
drone.best,AVAILABLE,1,76.94,76.94
drone.click,UNAVAILABLE,0,1.54,10.81
drone.garden,UNAVAILABLE,0,1.54,26.26
drone.hair,AVAILABLE,1,2183.84,2183.84
drone.monster,UNAVAILABLE,0,1.54,12.98
drone.rest,UNAVAILABLE,0,1.54,26.26
drone.skin,AVAILABLE,1,2183.84,2183.84
drone.surf,UNAVAILABLE,0,1.54,26.26
dross.lol,UNAVAILABLE,0,1.54,26.26
dross.space,AVAILABLE,1,68.75,273.44
dross.pics,AVAILABLE,0,1.54,26.26
dross.quest,AVAILABLE,0,1.54,12.98
dross.mom,AVAILABLE,0,1.54,26.26
dross.beauty,AVAILABLE,0,1.54,12.98
dross.beer,AVAILABLE,0,1.54,26.26
dross.best,AVAILABLE,0,1.72,15.96
dross.click,AVAILABLE,1,76.94,109.69
dross.garden,AVAILABLE,0,1.54,26.26
dross.hair,AVAILABLE,0,1.54,12.98
dross.monster,AVAILABLE,0,1.54,12.98
dross.rest,AVAILABLE,0,1.54,26.26
dross.skin,AVAILABLE,0,1.54,12.98
dross.surf,AVAILABLE,0,1.54,26.26
druid.lol,UNAVAILABLE,0,1.54,26.26
druid.space,UNAVAILABLE,0,1.96,26.26
druid.pics,AVAILABLE,0,1.54,26.26
druid.quest,UNAVAILABLE,0,1.54,12.98
druid.mom,AVAILABLE,0,1.54,26.26
druid.beauty,AVAILABLE,0,1.54,12.98
druid.beer,AVAILABLE,0,1.54,26.26
druid.best,AVAILABLE,0,1.72,15.96
druid.click,AVAILABLE,1,76.94,109.69
druid.garden,UNAVAILABLE,0,1.54,26.26
druid.hair,AVAILABLE,0,1.54,12.98
druid.monster,UNAVAILABLE,0,1.54,12.98
druid.rest,UNAVAILABLE,0,1.54,26.26
druid.skin,AVAILABLE,0,1.54,12.98
druid.surf,AVAILABLE,0,1.54,26.26
drupe.lol,AVAILABLE,0,1.54,26.26
drupe.space,AVAILABLE,0,1.96,26.26
drupe.pics,AVAILABLE,0,1.54,26.26
drupe.quest,AVAILABLE,0,1.54,12.98
drupe.mom,AVAILABLE,0,1.54,26.26
drupe.beauty,AVAILABLE,0,1.54,12.98
drupe.beer,AVAILABLE,0,1.54,26.26
drupe.best,AVAILABLE,0,1.72,15.96
drupe.click,AVAILABLE,1,76.94,109.69
drupe.garden,AVAILABLE,0,1.54,26.26
drupe.hair,AVAILABLE,0,1.54,12.98
drupe.monster,AVAILABLE,0,1.54,12.98
drupe.rest,AVAILABLE,0,1.54,26.26
drupe.skin,AVAILABLE,0,1.54,12.98
drupe.surf,AVAILABLE,0,1.54,26.26
dryad.lol,AVAILABLE,0,1.54,26.26
dryad.space,UNAVAILABLE,0,1.96,26.26
dryad.pics,AVAILABLE,0,1.54,26.26
dryad.quest,AVAILABLE,0,1.54,12.98
dryad.mom,AVAILABLE,0,1.54,26.26
dryad.beauty,AVAILABLE,0,1.54,12.98
dryad.beer,AVAILABLE,0,1.54,26.26
dryad.best,AVAILABLE,0,1.72,15.96
dryad.click,AVAILABLE,1,76.94,109.69
dryad.garden,AVAILABLE,0,1.54,26.26
dryad.hair,AVAILABLE,0,1.54,12.98
dryad.monster,AVAILABLE,0,1.54,12.98
dryad.rest,UNAVAILABLE,0,1.54,26.26
dryad.skin,AVAILABLE,0,1.54,12.98
dryad.surf,AVAILABLE,0,1.54,26.26
dulse.lol,AVAILABLE,0,1.54,26.26
dulse.space,AVAILABLE,0,1.96,26.26
dulse.pics,AVAILABLE,0,1.54,26.26
dulse.quest,AVAILABLE,0,1.54,12.98
dulse.mom,AVAILABLE,0,1.54,26.26
dulse.beauty,AVAILABLE,0,1.54,12.98
dulse.beer,AVAILABLE,0,1.54,26.26
dulse.best,AVAILABLE,0,1.72,15.96
dulse.click,AVAILABLE,1,76.94,109.69
dulse.garden,AVAILABLE,0,1.54,26.26
dulse.hair,AVAILABLE,0,1.54,12.98
dulse.monster,AVAILABLE,0,1.54,12.98
dulse.rest,AVAILABLE,0,1.54,26.26
dulse.skin,AVAILABLE,0,1.54,12.98
dulse.surf,AVAILABLE,0,1.54,26.26
dunlin.lol,AVAILABLE,0,1.54,26.26
dunlin.space,AVAILABLE,1,27.82,109.69
dunlin.pics,AVAILABLE,0,1.54,26.26
dunlin.quest,AVAILABLE,0,1.54,12.98
dunlin.mom,AVAILABLE,0,1.54,26.26
dunlin.beauty,AVAILABLE,0,1.54,12.98
dunlin.beer,UNAVAILABLE,0,1.54,26.26
dunlin.best,AVAILABLE,0,1.72,15.96
dunlin.click,AVAILABLE,0,1.54,10.81
dunlin.garden,AVAILABLE,0,1.54,26.26
dunlin.hair,AVAILABLE,0,1.54,12.98
dunlin.monster,AVAILABLE,0,1.54,12.98
dunlin.rest,AVAILABLE,0,1.54,26.26
dunlin.skin,AVAILABLE,0,1.54,12.98
dunlin.surf,AVAILABLE,0,1.54,26.26
edda.lol,AVAILABLE,0,1.54,26.26
edda.space,UNAVAILABLE,0,1.96,26.26
edda.pics,AVAILABLE,0,1.54,26.26
edda.quest,AVAILABLE,0,1.54,12.98
edda.mom,AVAILABLE,0,1.54,26.26
edda.beauty,AVAILABLE,0,1.54,12.98
edda.beer,AVAILABLE,0,1.54,26.26
edda.best,AVAILABLE,0,1.72,15.96
edda.click,AVAILABLE,1,76.94,109.69
edda.garden,AVAILABLE,0,1.54,26.26
edda.hair,AVAILABLE,0,1.54,12.98
edda.monster,AVAILABLE,0,1.54,12.98
edda.rest,AVAILABLE,0,1.54,26.26
edda.skin,AVAILABLE,0,1.54,12.98
edda.surf,AVAILABLE,0,1.54,26.26
eddy.lol,UNAVAILABLE,0,1.54,26.26
eddy.space,AVAILABLE,1,136.98,546.35
eddy.pics,AVAILABLE,0,1.54,26.26
eddy.quest,AVAILABLE,0,1.54,12.98
eddy.mom,AVAILABLE,0,1.54,26.26
eddy.beauty,AVAILABLE,0,1.54,12.98
eddy.beer,AVAILABLE,0,1.54,26.26
eddy.best,UNAVAILABLE,0,1.72,15.96
eddy.click,AVAILABLE,1,76.94,109.69
eddy.garden,AVAILABLE,0,1.54,26.26
eddy.hair,AVAILABLE,0,1.54,12.98
eddy.monster,AVAILABLE,0,1.54,12.98
eddy.rest,AVAILABLE,0,1.54,26.26
eddy.skin,AVAILABLE,0,1.54,12.98
eddy.surf,UNAVAILABLE,1,87.86,87.86
egret.lol,AVAILABLE,0,1.54,26.26
egret.space,AVAILABLE,1,27.82,109.69
egret.pics,AVAILABLE,0,1.54,26.26
egret.quest,AVAILABLE,0,1.54,12.98
egret.mom,AVAILABLE,0,1.54,26.26
egret.beauty,AVAILABLE,0,1.54,12.98
egret.beer,AVAILABLE,0,1.54,26.26
egret.best,AVAILABLE,0,1.72,15.96
egret.click,AVAILABLE,1,76.94,109.69
egret.garden,AVAILABLE,0,1.54,26.26
egret.hair,AVAILABLE,0,1.54,12.98
egret.monster,AVAILABLE,0,1.54,12.98
egret.rest,AVAILABLE,0,1.54,26.26
egret.skin,AVAILABLE,0,1.54,12.98
egret.surf,AVAILABLE,0,1.54,26.26
elegy.lol,AVAILABLE,0,1.54,26.26
elegy.space,UNAVAILABLE,1,27.82,109.69
elegy.pics,AVAILABLE,0,1.54,26.26
elegy.quest,AVAILABLE,0,1.54,12.98
elegy.mom,AVAILABLE,0,1.54,26.26
elegy.beauty,AVAILABLE,0,1.54,12.98
elegy.beer,AVAILABLE,0,1.54,26.26
elegy.best,AVAILABLE,0,1.72,15.96
elegy.click,AVAILABLE,1,76.94,109.69
elegy.garden,AVAILABLE,0,1.54,26.26
elegy.hair,AVAILABLE,0,1.54,12.98
elegy.monster,AVAILABLE,0,1.54,12.98
elegy.rest,AVAILABLE,0,1.54,26.26
elegy.skin,AVAILABLE,0,1.54,12.98
elegy.surf,AVAILABLE,0,1.54,26.26
elm.lol,UNAVAILABLE,0,1.54,26.26
elm.space,AVAILABLE,1,136.98,546.35
elm.pics,UNAVAILABLE,0,1.54,26.26
elm.quest,AVAILABLE,0,1.54,12.98
elm.mom,AVAILABLE,0,1.54,26.26
elm.beauty,AVAILABLE,0,1.54,12.98
elm.beer,AVAILABLE,1,44.19,27.82
elm.best,UNAVAILABLE,0,1.72,15.96
elm.click,AVAILABLE,1,382.61,546.35
elm.garden,UNAVAILABLE,1,44.19,27.82
elm.hair,AVAILABLE,0,1.54,12.98
elm.monster,AVAILABLE,0,1.54,12.98
elm.rest,AVAILABLE,1,69.30,98.77
elm.skin,AVAILABLE,0,1.54,12.98
elm.surf,AVAILABLE,1,44.19,27.82
emmer.lol,PENDING,0,0.00,0.00
emmer.space,PENDING,0,0.00,0.00
emmer.pics,PENDING,0,0.00,0.00
emmer.quest,AVAILABLE,0,1.54,12.98
emmer.mom,PENDING,0,0.00,0.00
emmer.beauty,AVAILABLE,0,1.54,12.98
emmer.beer,UNAVAILABLE,0,1.54,26.26
emmer.best,AVAILABLE,0,1.72,15.96
emmer.click,PENDING,0,0.00,0.00
emmer.garden,AVAILABLE,0,1.54,26.26
emmer.hair,AVAILABLE,0,1.54,12.98
emmer.monster,AVAILABLE,0,1.54,12.98
emmer.rest,PENDING,0,0.00,0.00
emmer.skin,AVAILABLE,0,1.54,12.98
emmer.surf,AVAILABLE,0,1.54,26.26
ergot.lol,UNAVAILABLE,0,1.54,26.26
ergot.space,AVAILABLE,1,27.82,109.69
ergot.pics,AVAILABLE,0,1.54,26.26
ergot.quest,AVAILABLE,0,1.54,12.98
ergot.mom,AVAILABLE,0,1.54,26.26
ergot.beauty,AVAILABLE,0,1.54,12.98
ergot.beer,AVAILABLE,0,1.54,26.26
ergot.best,AVAILABLE,0,1.72,15.96
ergot.click,AVAILABLE,1,76.94,109.69
ergot.garden,AVAILABLE,0,1.54,26.26
ergot.hair,AVAILABLE,0,1.54,12.98
ergot.monster,AVAILABLE,0,1.54,12.98
ergot.rest,AVAILABLE,0,1.54,26.26
ergot.skin,AVAILABLE,0,1.54,12.98
ergot.surf,AVAILABLE,0,1.54,26.26
esker.lol,UNAVAILABLE,0,1.54,26.26
esker.space,AVAILABLE,1,68.75,273.44
esker.pics,AVAILABLE,0,1.54,26.26
esker.quest,AVAILABLE,0,1.54,12.98
esker.mom,AVAILABLE,0,1.54,26.26
esker.beauty,AVAILABLE,0,1.54,12.98
esker.beer,PENDING,0,0.00,0.00
esker.best,AVAILABLE,0,1.72,15.96
esker.click,AVAILABLE,1,76.94,109.69
esker.garden,PENDING,0,0.00,0.00
esker.hair,AVAILABLE,0,1.54,12.98
esker.monster,AVAILABLE,0,1.54,12.98
esker.rest,AVAILABLE,0,1.54,26.26
esker.skin,AVAILABLE,0,1.54,12.98
esker.surf,PENDING,0,0.00,0.00
ethos.lol,UNAVAILABLE,0,1.54,26.26
ethos.space,UNAVAILABLE,0,1.96,26.26
ethos.pics,UNAVAILABLE,0,1.54,26.26
ethos.quest,UNAVAILABLE,0,1.54,12.98
ethos.mom,UNAVAILABLE,0,1.54,26.26
ethos.beauty,UNAVAILABLE,0,1.54,12.98
ethos.beer,AVAILABLE,0,1.54,26.26
ethos.best,UNAVAILABLE,0,1.72,15.96
ethos.click,AVAILABLE,1,382.61,546.35
ethos.garden,UNAVAILABLE,0,1.54,26.26
ethos.hair,UNAVAILABLE,0,1.54,12.98
ethos.monster,UNAVAILABLE,0,1.54,12.98
ethos.rest,AVAILABLE,0,1.54,26.26
ethos.skin,UNAVAILABLE,0,1.54,12.98
ethos.surf,AVAILABLE,0,1.54,26.26
ewe.lol,UNAVAILABLE,0,1.54,26.26
ewe.space,AVAILABLE,1,68.75,273.44
ewe.pics,UNAVAILABLE,0,1.54,26.26
ewe.quest,AVAILABLE,0,1.54,12.98
ewe.mom,UNAVAILABLE,0,1.54,26.26
ewe.beauty,AVAILABLE,0,1.54,12.98
ewe.beer,AVAILABLE,1,44.19,27.82
ewe.best,AVAILABLE,0,1.72,15.96
ewe.click,AVAILABLE,1,382.61,546.35
ewe.garden,AVAILABLE,1,44.19,27.82
ewe.hair,AVAILABLE,0,1.54,12.98
ewe.monster,UNAVAILABLE,0,1.54,12.98
ewe.rest,UNAVAILABLE,0,1.54,26.26
ewe.skin,AVAILABLE,0,1.54,12.98
ewe.surf,AVAILABLE,1,44.19,27.82
fable.lol,UNAVAILABLE,0,1.54,26.26
fable.space,AVAILABLE,1,68.75,273.44
fable.pics,UNAVAILABLE,0,1.54,26.26
fable.quest,UNAVAILABLE,0,1.54,12.98
fable.mom,AVAILABLE,0,1.54,26.26
fable.beauty,UNAVAILABLE,0,1.54,12.98
fable.beer,UNAVAILABLE,0,1.54,26.26
fable.best,AVAILABLE,0,1.72,15.96
fable.click,AVAILABLE,1,76.94,109.69
fable.garden,UNAVAILABLE,0,1.54,26.26
fable.hair,AVAILABLE,0,1.54,12.98
fable.monster,UNAVAILABLE,0,1.54,12.98
fable.rest,AVAILABLE,0,1.54,26.26
fable.skin,AVAILABLE,0,1.54,12.98
fable.surf,AVAILABLE,0,1.54,26.26
fain.lol,AVAILABLE,0,1.54,26.26
fain.space,AVAILABLE,1,68.75,273.44
fain.pics,AVAILABLE,0,1.54,26.26
fain.quest,AVAILABLE,0,1.54,12.98
fain.mom,AVAILABLE,0,1.54,26.26
fain.beauty,AVAILABLE,0,1.54,12.98
fain.beer,AVAILABLE,1,44.19,27.82
fain.best,AVAILABLE,0,1.72,15.96
fain.click,AVAILABLE,1,76.94,109.69
fain.garden,AVAILABLE,0,1.54,26.26
fain.hair,AVAILABLE,0,1.54,12.98
fain.monster,AVAILABLE,0,1.54,12.98
fain.rest,AVAILABLE,0,1.54,26.26
fain.skin,AVAILABLE,0,1.54,12.98
fain.surf,AVAILABLE,0,1.54,26.26
farro.lol,AVAILABLE,0,1.54,26.26
farro.space,AVAILABLE,1,68.75,273.44
farro.pics,AVAILABLE,0,1.54,26.26
farro.quest,AVAILABLE,0,1.54,12.98
farro.mom,AVAILABLE,0,1.54,26.26
farro.beauty,AVAILABLE,0,1.54,12.98
farro.beer,AVAILABLE,0,1.54,26.26
farro.best,AVAILABLE,0,1.72,15.96
farro.click,AVAILABLE,0,1.54,10.81
farro.garden,AVAILABLE,0,1.54,26.26
farro.hair,AVAILABLE,0,1.54,12.98
farro.monster,AVAILABLE,0,1.54,12.98
farro.rest,AVAILABLE,0,1.54,26.26
farro.skin,AVAILABLE,0,1.54,12.98
farro.surf,AVAILABLE,0,1.54,26.26
felt.lol,UNAVAILABLE,0,1.54,26.26
felt.space,UNAVAILABLE,1,273.44,1092.18
felt.pics,AVAILABLE,0,1.54,26.26
felt.quest,AVAILABLE,0,1.54,12.98
felt.mom,AVAILABLE,0,1.54,26.26
felt.beauty,AVAILABLE,0,1.54,12.98
felt.beer,AVAILABLE,0,1.54,26.26
felt.best,AVAILABLE,0,1.72,15.96
felt.click,AVAILABLE,1,76.94,109.69
felt.garden,AVAILABLE,0,1.54,26.26
felt.hair,AVAILABLE,0,1.54,12.98
felt.monster,AVAILABLE,0,1.54,12.98
felt.rest,AVAILABLE,0,1.54,26.26
felt.skin,AVAILABLE,0,1.54,12.98
felt.surf,AVAILABLE,0,1.54,26.26
fen.lol,AVAILABLE,1,710.10,710.10
fen.space,AVAILABLE,1,68.75,273.44
fen.pics,AVAILABLE,0,1.54,26.26
fen.quest,AVAILABLE,1,710.10,710.10
fen.mom,AVAILABLE,1,710.10,710.10
fen.beauty,AVAILABLE,1,710.10,13.74
fen.beer,AVAILABLE,1,44.19,27.82
fen.best,AVAILABLE,0,1.72,15.96
fen.click,AVAILABLE,1,76.94,109.69
fen.garden,AVAILABLE,1,44.19,27.82
fen.hair,AVAILABLE,1,710.10,13.74
fen.monster,AVAILABLE,0,1.54,12.98
fen.rest,UNAVAILABLE,0,1.54,26.26
fen.skin,AVAILABLE,1,710.10,13.74
fen.surf,AVAILABLE,1,44.19,27.82
fennel.lol,AVAILABLE,0,1.54,26.26
fennel.space,AVAILABLE,1,68.75,273.44
fennel.pics,AVAILABLE,0,1.54,26.26
fennel.quest,AVAILABLE,0,1.54,12.98
fennel.mom,AVAILABLE,0,1.54,26.26
fennel.beauty,AVAILABLE,0,1.54,12.98
fennel.beer,AVAILABLE,1,44.19,27.82
fennel.best,AVAILABLE,0,1.72,15.96
fennel.click,AVAILABLE,0,1.54,10.81
fennel.garden,AVAILABLE,0,1.54,26.26
fennel.hair,AVAILABLE,0,1.54,12.98
fennel.monster,AVAILABLE,0,1.54,12.98
fennel.rest,AVAILABLE,0,1.54,26.26
fennel.skin,AVAILABLE,0,1.54,12.98
fennel.surf,AVAILABLE,0,1.54,26.26
fern.lol,UNAVAILABLE,0,1.54,26.26
fern.space,UNAVAILABLE,1,68.75,273.44
fern.pics,AVAILABLE,0,1.54,26.26
fern.quest,AVAILABLE,0,1.54,12.98
fern.mom,AVAILABLE,0,1.54,26.26
fern.beauty,UNAVAILABLE,0,1.54,12.98
fern.beer,UNAVAILABLE,0,1.54,26.26
fern.best,UNAVAILABLE,0,1.72,15.96
fern.click,AVAILABLE,1,76.94,109.69
fern.garden,UNAVAILABLE,1,437.19,27.82
fern.hair,AVAILABLE,0,1.54,12.98
fern.monster,AVAILABLE,0,1.54,12.98
fern.rest,AVAILABLE,0,1.54,26.26
fern.skin,AVAILABLE,0,1.54,12.98
fern.surf,AVAILABLE,0,1.54,26.26
fetid.lol,AVAILABLE,0,1.54,26.26
fetid.space,AVAILABLE,1,27.82,109.69
fetid.pics,AVAILABLE,0,1.54,26.26
fetid.quest,AVAILABLE,0,1.54,12.98
fetid.mom,AVAILABLE,0,1.54,26.26
fetid.beauty,AVAILABLE,0,1.54,12.98
fetid.beer,AVAILABLE,0,1.54,26.26
fetid.best,AVAILABLE,0,1.72,15.96
fetid.click,AVAILABLE,1,76.94,109.69
fetid.garden,AVAILABLE,0,1.54,26.26
fetid.hair,AVAILABLE,0,1.54,12.98
fetid.monster,UNAVAILABLE,0,1.54,12.98
fetid.rest,AVAILABLE,0,1.54,26.26
fetid.skin,AVAILABLE,0,1.54,12.98
fetid.surf,AVAILABLE,0,1.54,26.26
finch.lol,UNAVAILABLE,0,1.54,26.26
finch.space,AVAILABLE,1,273.44,1092.18
finch.pics,UNAVAILABLE,0,1.54,26.26
finch.quest,AVAILABLE,0,1.54,12.98
finch.mom,AVAILABLE,0,1.54,26.26
finch.beauty,AVAILABLE,0,1.54,12.98
finch.beer,AVAILABLE,0,1.54,26.26
finch.best,AVAILABLE,0,1.72,15.96
finch.click,AVAILABLE,1,382.61,546.35
finch.garden,AVAILABLE,0,1.54,26.26
finch.hair,AVAILABLE,0,1.54,12.98
finch.monster,UNAVAILABLE,0,1.54,12.98
finch.rest,AVAILABLE,0,1.54,26.26
finch.skin,AVAILABLE,0,1.54,12.98
finch.surf,AVAILABLE,0,1.54,26.26
firth.lol,AVAILABLE,0,1.54,26.26
firth.space,AVAILABLE,1,68.75,273.44
firth.pics,AVAILABLE,0,1.54,26.26
firth.quest,AVAILABLE,0,1.54,12.98
firth.mom,AVAILABLE,0,1.54,26.26
firth.beauty,AVAILABLE,0,1.54,12.98
firth.beer,AVAILABLE,0,1.54,26.26
firth.best,AVAILABLE,0,1.72,15.96
firth.click,AVAILABLE,1,76.94,109.69
firth.garden,AVAILABLE,0,1.54,26.26
firth.hair,AVAILABLE,0,1.54,12.98
firth.monster,AVAILABLE,0,1.54,12.98
firth.rest,AVAILABLE,0,1.54,26.26
firth.skin,AVAILABLE,0,1.54,12.98
firth.surf,AVAILABLE,0,1.54,26.26
fjord.lol,UNAVAILABLE,0,1.54,26.26
fjord.space,AVAILABLE,1,68.75,273.44
fjord.pics,AVAILABLE,0,1.54,26.26
fjord.quest,UNAVAILABLE,0,1.54,12.98
fjord.mom,AVAILABLE,0,1.54,26.26
fjord.beauty,AVAILABLE,0,1.54,12.98
fjord.beer,AVAILABLE,0,1.54,26.26
fjord.best,AVAILABLE,0,1.72,15.96
fjord.click,AVAILABLE,1,76.94,109.69
fjord.garden,AVAILABLE,0,1.54,26.26
fjord.hair,AVAILABLE,0,1.54,12.98
fjord.monster,AVAILABLE,0,1.54,12.98
fjord.rest,AVAILABLE,0,1.54,26.26
fjord.skin,AVAILABLE,0,1.54,12.98
fjord.surf,AVAILABLE,0,1.54,26.26
floe.lol,AVAILABLE,0,1.54,26.26
floe.space,AVAILABLE,1,68.75,273.44
floe.pics,AVAILABLE,0,1.54,26.26
floe.quest,AVAILABLE,0,1.54,12.98
floe.mom,AVAILABLE,0,1.54,26.26
floe.beauty,AVAILABLE,0,1.54,12.98
floe.beer,AVAILABLE,0,1.54,26.26
floe.best,AVAILABLE,0,1.72,15.96
floe.click,AVAILABLE,1,76.94,109.69
floe.garden,UNAVAILABLE,0,1.54,26.26
floe.hair,AVAILABLE,0,1.54,12.98
floe.monster,AVAILABLE,0,1.54,12.98
floe.rest,AVAILABLE,0,1.54,26.26
floe.skin,AVAILABLE,0,1.54,12.98
floe.surf,AVAILABLE,0,1.54,26.26
flume.lol,AVAILABLE,0,1.54,26.26
flume.space,UNAVAILABLE,0,1.96,26.26
flume.pics,AVAILABLE,0,1.54,26.26
flume.quest,AVAILABLE,0,1.54,12.98
flume.mom,AVAILABLE,0,1.54,26.26
flume.beauty,AVAILABLE,0,1.54,12.98
flume.beer,AVAILABLE,0,1.54,26.26
flume.best,AVAILABLE,0,1.72,15.96
flume.click,AVAILABLE,1,76.94,109.69
flume.garden,AVAILABLE,0,1.54,26.26
flume.hair,AVAILABLE,0,1.54,12.98
flume.monster,AVAILABLE,0,1.54,12.98
flume.rest,AVAILABLE,0,1.54,26.26
flume.skin,AVAILABLE,0,1.54,12.98
flume.surf,AVAILABLE,0,1.54,26.26
flux.lol,AVAILABLE,1,2183.84,2183.84
flux.space,UNAVAILABLE,1,136.98,546.35
flux.pics,AVAILABLE,1,2183.84,2183.84
flux.quest,AVAILABLE,1,2183.84,2183.84
flux.mom,AVAILABLE,1,2183.84,2183.84
flux.beauty,AVAILABLE,1,2183.84,2183.84
flux.beer,UNAVAILABLE,0,1.54,26.26
flux.best,UNAVAILABLE,0,1.72,15.96
flux.click,UNAVAILABLE,0,1.54,10.81
flux.garden,UNAVAILABLE,1,873.85,27.82
flux.hair,AVAILABLE,1,2183.84,2183.84
flux.monster,UNAVAILABLE,0,1.54,12.98
flux.rest,UNAVAILABLE,0,1.54,26.26
flux.skin,AVAILABLE,1,2183.84,2183.84
flux.surf,UNAVAILABLE,0,1.54,26.26
foal.lol,AVAILABLE,0,1.54,26.26
foal.space,AVAILABLE,1,27.82,109.69
foal.pics,UNAVAILABLE,0,1.54,26.26
foal.quest,AVAILABLE,0,1.54,12.98
foal.mom,AVAILABLE,0,1.54,26.26
foal.beauty,AVAILABLE,0,1.54,12.98
foal.beer,AVAILABLE,0,1.54,26.26
foal.best,AVAILABLE,0,1.72,15.96
foal.click,AVAILABLE,1,76.94,109.69
foal.garden,AVAILABLE,0,1.54,26.26
foal.hair,AVAILABLE,0,1.54,12.98
foal.monster,AVAILABLE,0,1.54,12.98
foal.rest,AVAILABLE,0,1.54,26.26
foal.skin,AVAILABLE,0,1.54,12.98
foal.surf,AVAILABLE,0,1.54,26.26
forge.lol,UNAVAILABLE,0,1.54,26.26
forge.space,UNAVAILABLE,0,1.96,26.26
forge.pics,UNAVAILABLE,0,1.54,26.26
forge.quest,UNAVAILABLE,0,1.54,12.98
forge.mom,UNAVAILABLE,0,1.54,26.26
forge.beauty,UNAVAILABLE,0,1.54,12.98
forge.beer,UNAVAILABLE,0,1.54,26.26
forge.best,UNAVAILABLE,0,1.72,15.96
forge.click,AVAILABLE,1,382.61,546.35
forge.garden,UNAVAILABLE,0,1.54,26.26
forge.hair,AVAILABLE,0,1.54,12.98
forge.monster,UNAVAILABLE,0,1.54,12.98
forge.rest,UNAVAILABLE,0,1.54,26.26
forge.skin,AVAILABLE,0,1.54,12.98
forge.surf,UNAVAILABLE,0,1.54,26.26
frond.lol,AVAILABLE,0,1.54,26.26
frond.space,UNAVAILABLE,1,27.82,109.69
frond.pics,AVAILABLE,0,1.54,26.26
frond.quest,AVAILABLE,0,1.54,12.98
frond.mom,AVAILABLE,0,1.54,26.26
frond.beauty,AVAILABLE,0,1.54,12.98
frond.beer,AVAILABLE,0,1.54,26.26
frond.best,AVAILABLE,0,1.72,15.96
frond.click,AVAILABLE,1,76.94,109.69
frond.garden,AVAILABLE,0,1.54,26.26
frond.hair,AVAILABLE,0,1.54,12.98
frond.monster,AVAILABLE,0,1.54,12.98
frond.rest,AVAILABLE,0,1.54,26.26
frond.skin,AVAILABLE,0,1.54,12.98
frond.surf,AVAILABLE,0,1.54,26.26
furrow.lol,AVAILABLE,0,1.54,26.26
furrow.space,AVAILABLE,1,68.75,273.44
furrow.pics,AVAILABLE,0,1.54,26.26
furrow.quest,AVAILABLE,0,1.54,12.98
furrow.mom,AVAILABLE,0,1.54,26.26
furrow.beauty,AVAILABLE,0,1.54,12.98
furrow.beer,AVAILABLE,0,1.54,26.26
furrow.best,AVAILABLE,0,1.72,15.96
furrow.click,AVAILABLE,0,1.54,10.81
furrow.garden,AVAILABLE,0,1.54,26.26
furrow.hair,AVAILABLE,0,1.54,12.98
furrow.monster,AVAILABLE,0,1.54,12.98
furrow.rest,AVAILABLE,0,1.54,26.26
furrow.skin,AVAILABLE,0,1.54,12.98
furrow.surf,AVAILABLE,0,1.54,26.26
furze.lol,AVAILABLE,0,1.54,26.26
furze.space,AVAILABLE,1,68.75,273.44
furze.pics,AVAILABLE,0,1.54,26.26
furze.quest,AVAILABLE,0,1.54,12.98
furze.mom,AVAILABLE,0,1.54,26.26
furze.beauty,AVAILABLE,0,1.54,12.98
furze.beer,AVAILABLE,0,1.54,26.26
furze.best,AVAILABLE,0,1.72,15.96
furze.click,AVAILABLE,1,76.94,109.69
furze.garden,AVAILABLE,0,1.54,26.26
furze.hair,AVAILABLE,0,1.54,12.98
furze.monster,AVAILABLE,0,1.54,12.98
furze.rest,AVAILABLE,0,1.54,26.26
furze.skin,AVAILABLE,0,1.54,12.98
furze.surf,AVAILABLE,0,1.54,26.26
gauge.lol,UNAVAILABLE,0,1.54,26.26
gauge.space,AVAILABLE,1,273.44,1092.18
gauge.pics,AVAILABLE,0,1.54,26.26
gauge.quest,AVAILABLE,0,1.54,12.98
gauge.mom,AVAILABLE,0,1.54,26.26
gauge.beauty,AVAILABLE,0,1.54,12.98
gauge.beer,AVAILABLE,0,1.54,26.26
gauge.best,AVAILABLE,0,1.72,15.96
gauge.click,AVAILABLE,1,76.94,109.69
gauge.garden,AVAILABLE,0,1.54,26.26
gauge.hair,AVAILABLE,0,1.54,12.98
gauge.monster,AVAILABLE,0,1.54,12.98
gauge.rest,AVAILABLE,0,1.54,26.26
gauge.skin,AVAILABLE,0,1.54,12.98
gauge.surf,AVAILABLE,0,1.54,26.26
gauze.lol,AVAILABLE,0,1.54,26.26
gauze.space,PENDING,0,0.00,0.00
gauze.pics,AVAILABLE,0,1.54,26.26
gauze.quest,AVAILABLE,0,1.54,12.98
gauze.mom,AVAILABLE,0,1.54,26.26
gauze.beauty,AVAILABLE,0,1.54,12.98
gauze.beer,AVAILABLE,0,1.54,26.26
gauze.best,AVAILABLE,0,1.72,15.96
gauze.click,AVAILABLE,1,76.94,109.69
gauze.garden,AVAILABLE,0,1.54,26.26
gauze.hair,AVAILABLE,0,1.54,12.98
gauze.monster,AVAILABLE,0,1.54,12.98
gauze.rest,AVAILABLE,0,1.54,26.26
gauze.skin,AVAILABLE,0,1.54,12.98
gauze.surf,AVAILABLE,0,1.54,26.26
gecko.lol,UNAVAILABLE,0,1.54,26.26
gecko.space,UNAVAILABLE,0,1.96,26.26
gecko.pics,UNAVAILABLE,0,1.54,26.26
gecko.quest,AVAILABLE,0,1.54,12.98
gecko.mom,AVAILABLE,0,1.54,26.26
gecko.beauty,AVAILABLE,0,1.54,12.98
gecko.beer,AVAILABLE,0,1.54,26.26
gecko.best,UNAVAILABLE,0,1.72,15.96
gecko.click,AVAILABLE,1,382.61,546.35
gecko.garden,AVAILABLE,1,87.86,27.82
gecko.hair,AVAILABLE,0,1.54,12.98
gecko.monster,UNAVAILABLE,0,1.54,12.98
gecko.rest,UNAVAILABLE,0,1.54,26.26
gecko.skin,AVAILABLE,0,1.54,12.98
gecko.surf,AVAILABLE,0,1.54,26.26
genet.lol,AVAILABLE,0,1.54,26.26
genet.space,AVAILABLE,1,68.75,273.44
genet.pics,AVAILABLE,0,1.54,26.26
genet.quest,AVAILABLE,0,1.54,12.98
genet.mom,AVAILABLE,0,1.54,26.26
genet.beauty,AVAILABLE,0,1.54,12.98
genet.beer,AVAILABLE,0,1.54,26.26
genet.best,AVAILABLE,0,1.72,15.96
genet.click,AVAILABLE,1,76.94,109.69
genet.garden,AVAILABLE,0,1.54,26.26
genet.hair,AVAILABLE,0,1.54,12.98
genet.monster,AVAILABLE,0,1.54,12.98
genet.rest,AVAILABLE,0,1.54,26.26
genet.skin,AVAILABLE,0,1.54,12.98
genet.surf,AVAILABLE,0,1.54,26.26
ghee.lol,AVAILABLE,0,1.54,26.26
ghee.space,PENDING,0,0.00,0.00
ghee.pics,AVAILABLE,0,1.54,26.26
ghee.quest,AVAILABLE,0,1.54,12.98
ghee.mom,AVAILABLE,0,1.54,26.26
ghee.beauty,AVAILABLE,0,1.54,12.98
ghee.beer,AVAILABLE,0,1.54,26.26
ghee.best,AVAILABLE,0,1.72,15.96
ghee.click,AVAILABLE,1,76.94,109.69
ghee.garden,AVAILABLE,0,1.54,26.26
ghee.hair,AVAILABLE,0,1.54,12.98
ghee.monster,AVAILABLE,0,1.54,12.98
ghee.rest,AVAILABLE,1,138.07,197.02
ghee.skin,AVAILABLE,0,1.54,12.98
ghee.surf,AVAILABLE,0,1.54,26.26
glamour.lol,UNAVAILABLE,0,1.54,26.26
glamour.space,AVAILABLE,1,273.44,1092.18
glamour.pics,UNAVAILABLE,0,1.54,26.26
glamour.quest,AVAILABLE,1,710.10,13.74
glamour.mom,AVAILABLE,1,710.10,710.10
glamour.beauty,AVAILABLE,1,2183.84,2183.84
glamour.beer,AVAILABLE,0,1.54,26.26
glamour.best,UNAVAILABLE,0,1.72,15.96
glamour.click,AVAILABLE,1,76.94,109.69
glamour.garden,AVAILABLE,1,87.86,27.82
glamour.hair,AVAILABLE,1,2183.84,2183.84
glamour.monster,UNAVAILABLE,0,1.54,12.98
glamour.rest,UNAVAILABLE,0,1.54,26.26
glamour.skin,AVAILABLE,1,2183.84,2183.84
glamour.surf,AVAILABLE,0,1.54,26.26
glint.lol,UNAVAILABLE,0,1.54,26.26
glint.space,UNAVAILABLE,0,1.96,26.26
glint.pics,UNAVAILABLE,0,1.54,26.26
glint.quest,AVAILABLE,0,1.54,12.98
glint.mom,AVAILABLE,0,1.54,26.26
glint.beauty,UNAVAILABLE,0,1.54,12.98
glint.beer,AVAILABLE,0,1.54,26.26
glint.best,UNAVAILABLE,0,1.72,15.96
glint.click,AVAILABLE,1,76.94,109.69
glint.garden,AVAILABLE,0,1.54,26.26
glint.hair,UNAVAILABLE,0,1.54,12.98
glint.monster,AVAILABLE,0,1.54,12.98
glint.rest,AVAILABLE,0,1.54,26.26
glint.skin,AVAILABLE,0,1.54,12.98
glint.surf,AVAILABLE,0,1.54,26.26
gloam.lol,AVAILABLE,0,1.54,26.26
gloam.space,AVAILABLE,1,27.82,109.69
gloam.pics,AVAILABLE,0,1.54,26.26
gloam.quest,AVAILABLE,0,1.54,12.98
gloam.mom,AVAILABLE,0,1.54,26.26
gloam.beauty,AVAILABLE,0,1.54,12.98
gloam.beer,AVAILABLE,0,1.54,26.26
gloam.best,AVAILABLE,0,1.72,15.96
gloam.click,AVAILABLE,1,76.94,109.69
gloam.garden,AVAILABLE,0,1.54,26.26
gloam.hair,AVAILABLE,0,1.54,12.98
gloam.monster,AVAILABLE,0,1.54,12.98
gloam.rest,AVAILABLE,0,1.54,26.26
gloam.skin,AVAILABLE,0,1.54,12.98
gloam.surf,AVAILABLE,0,1.54,26.26
gloom.lol,UNAVAILABLE,0,1.54,26.26
gloom.space,UNAVAILABLE,0,1.96,26.26
gloom.pics,AVAILABLE,0,1.54,26.26
gloom.quest,AVAILABLE,0,1.54,12.98
gloom.mom,AVAILABLE,0,1.54,26.26
gloom.beauty,AVAILABLE,0,1.54,12.98
gloom.beer,AVAILABLE,0,1.54,26.26
gloom.best,AVAILABLE,0,1.72,15.96
gloom.click,AVAILABLE,1,76.94,109.69
gloom.garden,UNAVAILABLE,0,1.54,26.26
gloom.hair,AVAILABLE,0,1.54,12.98
gloom.monster,AVAILABLE,0,1.54,12.98
gloom.rest,AVAILABLE,0,1.54,26.26
gloom.skin,AVAILABLE,0,1.54,12.98
gloom.surf,AVAILABLE,0,1.54,26.26
glume.lol,UNAVAILABLE,0,1.54,26.26
glume.space,AVAILABLE,0,1.96,26.26
glume.pics,AVAILABLE,0,1.54,26.26
glume.quest,AVAILABLE,0,1.54,12.98
glume.mom,AVAILABLE,0,1.54,26.26
glume.beauty,AVAILABLE,0,1.54,12.98
glume.beer,AVAILABLE,0,1.54,26.26
glume.best,AVAILABLE,0,1.72,15.96
glume.click,AVAILABLE,1,76.94,109.69
glume.garden,AVAILABLE,0,1.54,26.26
glume.hair,AVAILABLE,0,1.54,12.98
glume.monster,AVAILABLE,0,1.54,12.98
glume.rest,AVAILABLE,0,1.54,26.26
glume.skin,AVAILABLE,0,1.54,12.98
glume.surf,AVAILABLE,0,1.54,26.26
glyph.lol,UNAVAILABLE,0,1.54,26.26
glyph.space,UNAVAILABLE,0,1.96,26.26
glyph.pics,UNAVAILABLE,0,1.54,26.26
glyph.quest,UNAVAILABLE,0,1.54,12.98
glyph.mom,AVAILABLE,0,1.54,26.26
glyph.beauty,UNAVAILABLE,0,1.54,12.98
glyph.beer,AVAILABLE,0,1.54,26.26
glyph.best,AVAILABLE,0,1.72,15.96
glyph.click,AVAILABLE,1,76.94,109.69
glyph.garden,AVAILABLE,0,1.54,26.26
glyph.hair,AVAILABLE,0,1.54,12.98
glyph.monster,UNAVAILABLE,0,1.54,12.98
glyph.rest,AVAILABLE,0,1.54,26.26
glyph.skin,AVAILABLE,0,1.54,12.98
glyph.surf,AVAILABLE,0,1.54,26.26
gnarl.lol,AVAILABLE,0,1.54,26.26
gnarl.space,AVAILABLE,1,27.82,109.69
gnarl.pics,AVAILABLE,0,1.54,26.26
gnarl.quest,AVAILABLE,0,1.54,12.98
gnarl.mom,AVAILABLE,0,1.54,26.26
gnarl.beauty,AVAILABLE,0,1.54,12.98
gnarl.beer,AVAILABLE,0,1.54,26.26
gnarl.best,AVAILABLE,0,1.72,15.96
gnarl.click,AVAILABLE,1,76.94,109.69
gnarl.garden,AVAILABLE,0,1.54,26.26
gnarl.hair,AVAILABLE,0,1.54,12.98
gnarl.monster,AVAILABLE,0,1.54,12.98
gnarl.rest,AVAILABLE,0,1.54,26.26
gnarl.skin,AVAILABLE,0,1.54,12.98
gnarl.surf,AVAILABLE,0,1.54,26.26
gnat.lol,UNAVAILABLE,0,1.54,26.26
gnat.space,AVAILABLE,1,68.75,273.44
gnat.pics,AVAILABLE,0,1.54,26.26
gnat.quest,AVAILABLE,0,1.54,12.98
gnat.mom,AVAILABLE,0,1.54,26.26
gnat.beauty,AVAILABLE,0,1.54,12.98
gnat.beer,AVAILABLE,0,1.54,26.26
gnat.best,AVAILABLE,0,1.72,15.96
gnat.click,AVAILABLE,1,76.94,109.69
gnat.garden,UNAVAILABLE,0,1.54,26.26
gnat.hair,AVAILABLE,0,1.54,12.98
gnat.monster,AVAILABLE,0,1.54,12.98
gnat.rest,AVAILABLE,0,1.54,26.26
gnat.skin,AVAILABLE,0,1.54,12.98
gnat.surf,AVAILABLE,0,1.54,26.26
gneiss.lol,AVAILABLE,0,1.54,26.26
gneiss.space,AVAILABLE,1,27.82,109.69
gneiss.pics,AVAILABLE,0,1.54,26.26
gneiss.quest,AVAILABLE,0,1.54,12.98
gneiss.mom,AVAILABLE,0,1.54,26.26
gneiss.beauty,AVAILABLE,0,1.54,12.98
gneiss.beer,UNAVAILABLE,0,1.54,26.26
gneiss.best,AVAILABLE,0,1.72,15.96
gneiss.click,AVAILABLE,0,1.54,10.81
gneiss.garden,AVAILABLE,0,1.54,26.26
gneiss.hair,AVAILABLE,0,1.54,12.98
gneiss.monster,AVAILABLE,0,1.54,12.98
gneiss.rest,AVAILABLE,0,1.54,26.26
gneiss.skin,AVAILABLE,0,1.54,12.98
gneiss.surf,AVAILABLE,0,1.54,26.26
goby.lol,UNAVAILABLE,0,1.54,26.26
goby.space,AVAILABLE,1,68.75,273.44
goby.pics,AVAILABLE,0,1.54,26.26
goby.quest,AVAILABLE,0,1.54,12.98
goby.mom,AVAILABLE,0,1.54,26.26
goby.beauty,AVAILABLE,0,1.54,12.98
goby.beer,AVAILABLE,0,1.54,26.26
goby.best,AVAILABLE,0,1.72,15.96
goby.click,AVAILABLE,1,76.94,109.69
goby.garden,UNAVAILABLE,0,1.54,26.26
goby.hair,AVAILABLE,0,1.54,12.98
goby.monster,AVAILABLE,0,1.54,12.98
goby.rest,AVAILABLE,0,1.54,26.26
goby.skin,AVAILABLE,0,1.54,12.98
goby.surf,AVAILABLE,0,1.54,26.26
gorse.lol,AVAILABLE,0,1.54,26.26
gorse.space,AVAILABLE,1,68.75,273.44
gorse.pics,AVAILABLE,0,1.54,26.26
gorse.quest,AVAILABLE,0,1.54,12.98
gorse.mom,AVAILABLE,0,1.54,26.26
gorse.beauty,AVAILABLE,0,1.54,12.98
gorse.beer,AVAILABLE,0,1.54,26.26
gorse.best,AVAILABLE,0,1.72,15.96
gorse.click,AVAILABLE,1,76.94,109.69
gorse.garden,AVAILABLE,0,1.54,26.26
gorse.hair,AVAILABLE,0,1.54,12.98
gorse.monster,AVAILABLE,0,1.54,12.98
gorse.rest,AVAILABLE,0,1.54,26.26
gorse.skin,AVAILABLE,0,1.54,12.98
gorse.surf,AVAILABLE,0,1.54,26.26
graft.lol,AVAILABLE,0,1.54,26.26
graft.space,UNAVAILABLE,1,136.98,546.35
graft.pics,AVAILABLE,0,1.54,26.26
graft.quest,AVAILABLE,0,1.54,12.98
graft.mom,AVAILABLE,0,1.54,26.26
graft.beauty,AVAILABLE,0,1.54,12.98
graft.beer,AVAILABLE,0,1.54,26.26
graft.best,AVAILABLE,0,1.72,15.96
graft.click,AVAILABLE,1,76.94,109.69
graft.garden,AVAILABLE,0,1.54,26.26
graft.hair,UNAVAILABLE,0,1.54,12.98
graft.monster,AVAILABLE,0,1.54,12.98
graft.rest,AVAILABLE,0,1.54,26.26
graft.skin,AVAILABLE,0,1.54,12.98
graft.surf,AVAILABLE,0,1.54,26.26
grebe.lol,AVAILABLE,0,1.54,26.26
grebe.space,AVAILABLE,1,68.75,273.44
grebe.pics,AVAILABLE,0,1.54,26.26
grebe.quest,AVAILABLE,0,1.54,12.98
grebe.mom,AVAILABLE,0,1.54,26.26
grebe.beauty,AVAILABLE,0,1.54,12.98
grebe.beer,AVAILABLE,0,1.54,26.26
grebe.best,AVAILABLE,0,1.72,15.96
grebe.click,AVAILABLE,1,76.94,109.69
grebe.garden,AVAILABLE,0,1.54,26.26
grebe.hair,AVAILABLE,0,1.54,12.98
grebe.monster,AVAILABLE,0,1.54,12.98
grebe.rest,AVAILABLE,0,1.54,26.26
grebe.skin,AVAILABLE,0,1.54,12.98
grebe.surf,AVAILABLE,0,1.54,26.26
grim.lol,UNAVAILABLE,0,1.54,26.26
grim.space,AVAILABLE,1,136.98,546.35
grim.pics,AVAILABLE,0,1.54,26.26
grim.quest,UNAVAILABLE,0,1.54,12.98
grim.mom,AVAILABLE,0,1.54,26.26
grim.beauty,AVAILABLE,0,1.54,12.98
grim.beer,AVAILABLE,1,44.19,27.82
grim.best,AVAILABLE,0,1.72,15.96
grim.click,AVAILABLE,1,76.94,109.69
grim.garden,AVAILABLE,0,1.54,26.26
grim.hair,AVAILABLE,0,1.54,12.98
grim.monster,AVAILABLE,0,1.54,12.98
grim.rest,UNAVAILABLE,0,1.54,26.26
grim.skin,AVAILABLE,0,1.54,12.98
grim.surf,UNAVAILABLE,0,1.54,26.26
grit.lol,UNAVAILABLE,0,1.54,26.26
grit.space,UNAVAILABLE,1,68.75,273.44
grit.pics,AVAILABLE,0,1.54,26.26
grit.quest,UNAVAILABLE,0,1.54,12.98
grit.mom,UNAVAILABLE,1,109.69,109.69
grit.beauty,AVAILABLE,0,1.54,12.98
grit.beer,AVAILABLE,1,44.19,27.82
grit.best,AVAILABLE,0,1.72,15.96
grit.click,UNAVAILABLE,0,1.54,10.81
grit.garden,UNAVAILABLE,0,1.54,26.26
grit.hair,AVAILABLE,0,1.54,12.98
grit.monster,UNAVAILABLE,0,1.54,12.98
grit.rest,AVAILABLE,1,69.30,98.77
grit.skin,UNAVAILABLE,0,1.54,12.98
grit.surf,AVAILABLE,0,1.54,26.26
groats.lol,AVAILABLE,0,1.54,26.26
groats.space,AVAILABLE,1,27.82,109.69
groats.pics,AVAILABLE,0,1.54,26.26
groats.quest,AVAILABLE,0,1.54,12.98
groats.mom,AVAILABLE,0,1.54,26.26
groats.beauty,AVAILABLE,0,1.54,12.98
groats.beer,PENDING,0,0.00,0.00
groats.best,AVAILABLE,0,1.72,15.96
groats.click,AVAILABLE,0,1.54,10.81
groats.garden,PENDING,0,0.00,0.00
groats.hair,AVAILABLE,0,1.54,12.98
groats.monster,AVAILABLE,0,1.54,12.98
groats.rest,AVAILABLE,0,1.54,26.26
groats.skin,AVAILABLE,0,1.54,12.98
groats.surf,PENDING,0,0.00,0.00
grout.lol,AVAILABLE,0,1.54,26.26
grout.space,AVAILABLE,1,136.98,546.35
grout.pics,AVAILABLE,0,1.54,26.26
grout.quest,AVAILABLE,0,1.54,12.98
grout.mom,AVAILABLE,0,1.54,26.26
grout.beauty,AVAILABLE,0,1.54,12.98
grout.beer,AVAILABLE,0,1.54,26.26
grout.best,AVAILABLE,0,1.72,15.96
grout.click,AVAILABLE,1,76.94,109.69
grout.garden,AVAILABLE,0,1.54,26.26
grout.hair,AVAILABLE,0,1.54,12.98
grout.monster,AVAILABLE,0,1.54,12.98
grout.rest,AVAILABLE,0,1.54,26.26
grout.skin,AVAILABLE,0,1.54,12.98
grout.surf,AVAILABLE,0,1.54,26.26
grub.lol,AVAILABLE,1,710.10,710.10
grub.space,AVAILABLE,1,68.75,273.44
grub.pics,AVAILABLE,1,710.10,710.10
grub.quest,AVAILABLE,1,710.10,13.74
grub.mom,AVAILABLE,1,710.10,710.10
grub.beauty,AVAILABLE,1,710.10,13.74
grub.beer,UNAVAILABLE,0,1.54,26.26
grub.best,UNAVAILABLE,0,1.72,15.96
grub.click,AVAILABLE,1,76.94,109.69
grub.garden,AVAILABLE,1,437.19,27.82
grub.hair,AVAILABLE,1,710.10,13.74
grub.monster,AVAILABLE,1,546.35,13.74
grub.rest,AVAILABLE,1,1719.89,2456.76
grub.skin,AVAILABLE,1,710.10,13.74
grub.surf,AVAILABLE,0,1.54,26.26
gruel.lol,AVAILABLE,0,1.54,26.26
gruel.space,AVAILABLE,1,27.82,109.69
gruel.pics,AVAILABLE,0,1.54,26.26
gruel.quest,AVAILABLE,0,1.54,12.98
gruel.mom,AVAILABLE,0,1.54,26.26
gruel.beauty,AVAILABLE,0,1.54,12.98
gruel.beer,AVAILABLE,0,1.54,26.26
gruel.best,AVAILABLE,0,1.72,15.96
gruel.click,AVAILABLE,1,76.94,109.69
gruel.garden,UNAVAILABLE,0,1.54,26.26
gruel.hair,AVAILABLE,0,1.54,12.98
gruel.monster,AVAILABLE,0,1.54,12.98
gruel.rest,AVAILABLE,0,1.54,26.26
gruel.skin,AVAILABLE,0,1.54,12.98
gruel.surf,AVAILABLE,0,1.54,26.26
guild.lol,UNAVAILABLE,0,1.54,26.26
guild.space,UNAVAILABLE,0,1.96,26.26
guild.pics,UNAVAILABLE,0,1.54,26.26
guild.quest,UNAVAILABLE,0,1.54,12.98
guild.mom,UNAVAILABLE,0,1.54,26.26
guild.beauty,UNAVAILABLE,0,1.54,12.98
guild.beer,UNAVAILABLE,0,1.54,26.26
guild.best,UNAVAILABLE,0,1.72,15.96
guild.click,AVAILABLE,1,382.61,546.35
guild.garden,UNAVAILABLE,0,1.54,26.26
guild.hair,AVAILABLE,0,1.54,12.98
guild.monster,UNAVAILABLE,0,1.54,12.98
guild.rest,UNAVAILABLE,0,1.54,26.26
guild.skin,UNAVAILABLE,0,1.54,12.98
guild.surf,AVAILABLE,0,1.54,26.26
guppy.lol,UNAVAILABLE,0,1.54,26.26
guppy.space,AVAILABLE,1,68.75,273.44
guppy.pics,AVAILABLE,0,1.54,26.26
guppy.quest,AVAILABLE,0,1.54,12.98
guppy.mom,AVAILABLE,0,1.54,26.26
guppy.beauty,AVAILABLE,0,1.54,12.98
guppy.beer,AVAILABLE,0,1.54,26.26
guppy.best,AVAILABLE,0,1.72,15.96
guppy.click,AVAILABLE,1,76.94,109.69
guppy.garden,AVAILABLE,0,1.54,26.26
guppy.hair,AVAILABLE,0,1.54,12.98
guppy.monster,AVAILABLE,0,1.54,12.98
guppy.rest,UNAVAILABLE,0,1.54,26.26
guppy.skin,AVAILABLE,0,1.54,12.98
guppy.surf,AVAILABLE,0,1.54,26.26
gust.lol,AVAILABLE,0,1.54,26.26
gust.space,AVAILABLE,1,68.75,273.44
gust.pics,AVAILABLE,0,1.54,26.26
gust.quest,AVAILABLE,0,1.54,12.98
gust.mom,AVAILABLE,0,1.54,26.26
gust.beauty,AVAILABLE,0,1.54,12.98
gust.beer,AVAILABLE,0,1.54,26.26
gust.best,AVAILABLE,0,1.72,15.96
gust.click,AVAILABLE,1,76.94,109.69
gust.garden,AVAILABLE,0,1.54,26.26
gust.hair,AVAILABLE,0,1.54,12.98
gust.monster,AVAILABLE,0,1.54,12.98
gust.rest,UNAVAILABLE,0,1.54,26.26
gust.skin,AVAILABLE,0,1.54,12.98
gust.surf,AVAILABLE,0,1.54,26.26
hale.lol,UNAVAILABLE,0,1.54,26.26
hale.space,UNAVAILABLE,1,136.98,546.35
hale.pics,UNAVAILABLE,0,1.54,26.26
hale.quest,AVAILABLE,1,710.10,13.74
hale.mom,AVAILABLE,1,710.10,710.10
hale.beauty,AVAILABLE,1,710.10,13.74
hale.beer,UNAVAILABLE,0,1.54,26.26
hale.best,AVAILABLE,0,1.72,15.96
hale.click,AVAILABLE,1,76.94,109.69
hale.garden,AVAILABLE,0,1.54,26.26
hale.hair,AVAILABLE,1,710.10,13.74
hale.monster,AVAILABLE,0,1.54,12.98
hale.rest,UNAVAILABLE,0,1.54,26.26
hale.skin,AVAILABLE,1,710.10,13.74
hale.surf,AVAILABLE,0,1.54,26.26
halo.lol,UNAVAILABLE,0,1.54,26.26
halo.space,UNAVAILABLE,0,1.96,26.26
halo.pics,UNAVAILABLE,0,1.54,26.26
halo.quest,AVAILABLE,1,710.10,13.74
halo.mom,AVAILABLE,1,710.10,710.10
halo.beauty,AVAILABLE,1,2183.84,13.74
halo.beer,UNAVAILABLE,0,1.54,26.26
halo.best,UNAVAILABLE,0,1.72,15.96
halo.click,UNAVAILABLE,0,1.54,10.81
halo.garden,AVAILABLE,0,1.54,26.26
halo.hair,AVAILABLE,1,2183.84,13.74
halo.monster,UNAVAILABLE,0,1.54,12.98
halo.rest,AVAILABLE,0,1.54,26.26
halo.skin,AVAILABLE,1,2183.84,13.74
halo.surf,UNAVAILABLE,1,87.86,27.82
hart.lol,UNAVAILABLE,0,1.54,26.26
hart.space,AVAILABLE,1,136.98,546.35
hart.pics,AVAILABLE,1,710.10,710.10
hart.quest,AVAILABLE,1,710.10,13.74
hart.mom,UNAVAILABLE,1,109.69,109.69
hart.beauty,AVAILABLE,1,710.10,710.10
hart.beer,AVAILABLE,0,1.54,26.26
hart.best,UNAVAILABLE,0,1.72,15.96
hart.click,AVAILABLE,1,76.94,109.69
hart.garden,AVAILABLE,1,87.86,27.82
hart.hair,AVAILABLE,1,710.10,710.10
hart.monster,AVAILABLE,0,1.54,12.98
hart.rest,AVAILABLE,0,1.54,26.26
hart.skin,AVAILABLE,1,710.10,710.10
hart.surf,AVAILABLE,0,1.54,26.26
haze.lol,UNAVAILABLE,0,1.54,26.26
haze.space,UNAVAILABLE,0,1.96,26.26
haze.pics,AVAILABLE,0,1.54,26.26
haze.quest,AVAILABLE,0,1.54,12.98
haze.mom,AVAILABLE,0,1.54,26.26
haze.beauty,UNAVAILABLE,0,1.54,12.98
haze.beer,UNAVAILABLE,0,1.54,26.26
haze.best,AVAILABLE,0,1.72,15.96
haze.click,AVAILABLE,1,76.94,109.69
haze.garden,UNAVAILABLE,0,1.54,26.26
haze.hair,UNAVAILABLE,0,1.54,12.98
haze.monster,UNAVAILABLE,0,1.54,12.98
haze.rest,AVAILABLE,0,1.54,26.26
haze.skin,UNAVAILABLE,0,1.54,12.98
haze.surf,AVAILABLE,0,1.54,26.26
hazel.lol,UNAVAILABLE,0,1.54,26.26
hazel.space,AVAILABLE,1,68.75,273.44
hazel.pics,AVAILABLE,1,710.10,710.10
hazel.quest,AVAILABLE,1,710.10,13.74
hazel.mom,AVAILABLE,1,710.10,710.10
hazel.beauty,AVAILABLE,1,710.10,710.10
hazel.beer,AVAILABLE,0,1.54,26.26
hazel.best,AVAILABLE,0,1.72,15.96
hazel.click,UNAVAILABLE,0,1.54,10.81
hazel.garden,UNAVAILABLE,1,44.19,27.82
hazel.hair,AVAILABLE,1,710.10,710.10
hazel.monster,AVAILABLE,0,1.54,12.98
hazel.rest,AVAILABLE,0,1.54,26.26
hazel.skin,AVAILABLE,1,710.10,710.10
hazel.surf,AVAILABLE,1,87.86,27.82
heath.lol,UNAVAILABLE,0,1.54,26.26
heath.space,AVAILABLE,1,136.98,546.35
heath.pics,AVAILABLE,1,710.10,710.10
heath.quest,AVAILABLE,1,710.10,13.74
heath.mom,AVAILABLE,1,710.10,710.10
heath.beauty,AVAILABLE,1,710.10,13.74
heath.beer,AVAILABLE,0,1.54,26.26
heath.best,AVAILABLE,0,1.72,15.96
heath.click,AVAILABLE,0,1.54,10.81
heath.garden,AVAILABLE,0,1.54,26.26
heath.hair,AVAILABLE,1,710.10,13.74
heath.monster,AVAILABLE,0,1.54,12.98
heath.rest,AVAILABLE,0,1.54,26.26
heath.skin,AVAILABLE,1,710.10,13.74
heath.surf,AVAILABLE,0,1.54,26.26
hemp.lol,UNAVAILABLE,0,1.54,26.26
hemp.space,AVAILABLE,1,1365.10,5458.82
hemp.pics,UNAVAILABLE,0,1.54,26.26
hemp.quest,AVAILABLE,1,710.10,710.10
hemp.mom,AVAILABLE,1,710.10,710.10
hemp.beauty,AVAILABLE,1,2183.84,2183.84
hemp.beer,UNAVAILABLE,0,1.54,26.26
hemp.best,AVAILABLE,1,76.94,76.94
hemp.click,UNAVAILABLE,0,1.54,10.81
hemp.garden,AVAILABLE,1,873.85,27.82
hemp.hair,AVAILABLE,1,2183.84,2183.84
hemp.monster,UNAVAILABLE,0,1.54,12.98
hemp.rest,AVAILABLE,1,344.40,491.77
hemp.skin,AVAILABLE,1,2183.84,2183.84
hemp.surf,UNAVAILABLE,1,44.19,27.82
heron.lol,UNAVAILABLE,0,1.54,26.26
heron.space,AVAILABLE,1,68.75,273.44
heron.pics,AVAILABLE,0,1.54,26.26
heron.quest,UNAVAILABLE,0,1.54,12.98
heron.mom,AVAILABLE,0,1.54,26.26
heron.beauty,AVAILABLE,0,1.54,12.98
heron.beer,AVAILABLE,0,1.54,26.26
heron.best,AVAILABLE,0,1.72,15.96
heron.click,AVAILABLE,1,76.94,109.69
heron.garden,AVAILABLE,0,1.54,26.26
heron.hair,AVAILABLE,0,1.54,12.98
heron.monster,AVAILABLE,0,1.54,12.98
heron.rest,AVAILABLE,0,1.54,26.26
heron.skin,AVAILABLE,0,1.54,12.98
heron.surf,AVAILABLE,0,1.54,26.26
hex.lol,UNAVAILABLE,1,109.69,109.69
hex.space,UNAVAILABLE,1,273.44,1092.18
hex.pics,AVAILABLE,0,1.54,26.26
hex.quest,UNAVAILABLE,0,1.54,12.98
hex.mom,UNAVAILABLE,0,1.54,26.26
hex.beauty,AVAILABLE,0,1.54,12.98
hex.beer,AVAILABLE,1,44.19,27.82
hex.best,UNAVAILABLE,0,1.72,15.96
hex.click,UNAVAILABLE,0,1.54,10.81
hex.garden,UNAVAILABLE,1,44.19,27.82
hex.hair,AVAILABLE,0,1.54,12.98
hex.monster,UNAVAILABLE,0,1.54,12.98
hex.rest,AVAILABLE,1,138.07,197.02
hex.skin,UNAVAILABLE,0,1.54,12.98
hex.surf,UNAVAILABLE,1,44.19,27.82
hind.lol,UNAVAILABLE,0,1.54,26.26
hind.space,AVAILABLE,1,136.98,546.35
hind.pics,UNAVAILABLE,0,1.54,26.26
hind.quest,AVAILABLE,0,1.54,12.98
hind.mom,AVAILABLE,0,1.54,26.26
hind.beauty,AVAILABLE,0,1.54,12.98
hind.beer,AVAILABLE,0,1.54,26.26
hind.best,AVAILABLE,0,1.72,15.96
hind.click,AVAILABLE,1,382.61,546.35
hind.garden,UNAVAILABLE,0,1.54,26.26
hind.hair,AVAILABLE,0,1.54,12.98
hind.monster,AVAILABLE,0,1.54,12.98
hind.rest,AVAILABLE,0,1.54,26.26
hind.skin,AVAILABLE,0,1.54,12.98
hind.surf,AVAILABLE,0,1.54,26.26
hoar.lol,AVAILABLE,1,2183.84,2183.84
hoar.space,AVAILABLE,1,68.75,273.44
hoar.pics,AVAILABLE,1,2183.84,2183.84
hoar.quest,AVAILABLE,1,2183.84,2183.84
hoar.mom,AVAILABLE,1,2183.84,2183.84
hoar.beauty,AVAILABLE,1,2183.84,2183.84
hoar.beer,AVAILABLE,0,1.54,26.26
hoar.best,AVAILABLE,0,1.72,15.96
hoar.click,AVAILABLE,1,76.94,109.69
hoar.garden,AVAILABLE,0,1.54,26.26
hoar.hair,AVAILABLE,1,2183.84,2183.84
hoar.monster,AVAILABLE,0,1.54,12.98
hoar.rest,AVAILABLE,0,1.54,26.26
hoar.skin,AVAILABLE,1,2183.84,2183.84
hoar.surf,AVAILABLE,0,1.54,26.26
hoof.lol,AVAILABLE,0,1.54,26.26
hoof.space,UNAVAILABLE,0,1.96,26.26
hoof.pics,AVAILABLE,0,1.54,26.26
hoof.quest,AVAILABLE,0,1.54,12.98
hoof.mom,AVAILABLE,0,1.54,26.26
hoof.beauty,AVAILABLE,0,1.54,12.98
hoof.beer,AVAILABLE,0,1.54,26.26
hoof.best,AVAILABLE,0,1.72,15.96
hoof.click,AVAILABLE,1,76.94,109.69
hoof.garden,AVAILABLE,0,1.54,26.26
hoof.hair,AVAILABLE,0,1.54,12.98
hoof.monster,AVAILABLE,0,1.54,12.98
hoof.rest,AVAILABLE,0,1.54,26.26
hoof.skin,AVAILABLE,0,1.54,12.98
hoof.surf,AVAILABLE,0,1.54,26.26
hosta.lol,AVAILABLE,0,1.54,26.26
hosta.space,UNAVAILABLE,0,1.96,26.26
hosta.pics,AVAILABLE,0,1.54,26.26
hosta.quest,AVAILABLE,0,1.54,12.98
hosta.mom,AVAILABLE,0,1.54,26.26
hosta.beauty,AVAILABLE,0,1.54,12.98
hosta.beer,AVAILABLE,0,1.54,26.26
hosta.best,AVAILABLE,0,1.72,15.96
hosta.click,AVAILABLE,1,76.94,109.69
hosta.garden,UNAVAILABLE,0,1.54,26.26
hosta.hair,AVAILABLE,0,1.54,12.98
hosta.monster,AVAILABLE,0,1.54,12.98
hosta.rest,AVAILABLE,0,1.54,26.26
hosta.skin,AVAILABLE,0,1.54,12.98
hosta.surf,AVAILABLE,0,1.54,26.26
hull.lol,AVAILABLE,0,1.54,26.26
hull.space,AVAILABLE,1,136.98,546.35
hull.pics,AVAILABLE,1,710.10,710.10
hull.quest,AVAILABLE,1,710.10,13.74
hull.mom,AVAILABLE,1,710.10,710.10
hull.beauty,AVAILABLE,1,710.10,13.74
hull.beer,AVAILABLE,0,1.54,26.26
hull.best,AVAILABLE,0,1.72,15.96
hull.click,AVAILABLE,1,76.94,109.69
hull.garden,UNAVAILABLE,0,1.54,26.26
hull.hair,AVAILABLE,1,710.10,13.74
hull.monster,AVAILABLE,0,1.54,12.98
hull.rest,AVAILABLE,0,1.54,26.26
hull.skin,AVAILABLE,1,710.10,13.74
hull.surf,AVAILABLE,0,1.54,26.26
hum.lol,UNAVAILABLE,0,1.54,26.26
hum.space,UNAVAILABLE,1,68.75,273.44
hum.pics,AVAILABLE,0,1.54,26.26
hum.quest,AVAILABLE,0,1.54,12.98
hum.mom,AVAILABLE,0,1.54,26.26
hum.beauty,AVAILABLE,0,1.54,12.98
hum.beer,UNAVAILABLE,1,44.19,27.82
hum.best,AVAILABLE,0,1.72,15.96
hum.click,AVAILABLE,1,382.61,546.35
hum.garden,AVAILABLE,1,44.19,27.82
hum.hair,AVAILABLE,0,1.54,12.98
hum.monster,AVAILABLE,0,1.54,12.98
hum.rest,AVAILABLE,0,1.54,26.26
hum.skin,UNAVAILABLE,0,1.54,12.98
hum.surf,AVAILABLE,1,44.19,27.82
humus.lol,AVAILABLE,0,1.54,26.26
humus.space,UNAVAILABLE,0,1.96,26.26
humus.pics,AVAILABLE,0,1.54,26.26
humus.quest,AVAILABLE,0,1.54,12.98
humus.mom,AVAILABLE,0,1.54,26.26
humus.beauty,AVAILABLE,0,1.54,12.98
humus.beer,AVAILABLE,0,1.54,26.26
humus.best,AVAILABLE,0,1.72,15.96
humus.click,AVAILABLE,1,76.94,109.69
humus.garden,UNAVAILABLE,0,1.54,26.26
humus.hair,AVAILABLE,0,1.54,12.98
humus.monster,AVAILABLE,0,1.54,12.98
humus.rest,AVAILABLE,1,69.30,98.77
humus.skin,AVAILABLE,0,1.54,12.98
humus.surf,AVAILABLE,0,1.54,26.26
hutia.lol,AVAILABLE,0,1.54,26.26
hutia.space,AVAILABLE,0,1.96,26.26
hutia.pics,AVAILABLE,0,1.54,26.26
hutia.quest,AVAILABLE,0,1.54,12.98
hutia.mom,AVAILABLE,0,1.54,26.26
hutia.beauty,AVAILABLE,0,1.54,12.98
hutia.beer,AVAILABLE,0,1.54,26.26
hutia.best,AVAILABLE,0,1.72,15.96
hutia.click,AVAILABLE,1,76.94,109.69
hutia.garden,AVAILABLE,0,1.54,26.26
hutia.hair,AVAILABLE,0,1.54,12.98
hutia.monster,AVAILABLE,0,1.54,12.98
hutia.rest,AVAILABLE,0,1.54,26.26
hutia.skin,AVAILABLE,0,1.54,12.98
hutia.surf,AVAILABLE,0,1.54,26.26
hymn.lol,AVAILABLE,0,1.54,26.26
hymn.space,UNAVAILABLE,1,68.75,273.44
hymn.pics,AVAILABLE,0,1.54,26.26
hymn.quest,AVAILABLE,0,1.54,12.98
hymn.mom,AVAILABLE,0,1.54,26.26
hymn.beauty,AVAILABLE,0,1.54,12.98
hymn.beer,AVAILABLE,0,1.54,26.26
hymn.best,UNAVAILABLE,0,1.72,15.96
hymn.click,AVAILABLE,1,382.61,546.35
hymn.garden,AVAILABLE,1,44.19,27.82
hymn.hair,AVAILABLE,0,1.54,12.98
hymn.monster,AVAILABLE,0,1.54,12.98
hymn.rest,AVAILABLE,0,1.54,26.26
hymn.skin,AVAILABLE,0,1.54,12.98
hymn.surf,AVAILABLE,0,1.54,26.26
ibis.lol,AVAILABLE,1,2183.84,2183.84
ibis.space,AVAILABLE,1,136.98,546.35
ibis.pics,AVAILABLE,1,2183.84,2183.84
ibis.quest,AVAILABLE,1,2183.84,2183.84
ibis.mom,AVAILABLE,1,2183.84,2183.84
ibis.beauty,AVAILABLE,1,2183.84,2183.84
ibis.beer,AVAILABLE,0,1.54,26.26
ibis.best,AVAILABLE,0,1.72,15.96
ibis.click,AVAILABLE,1,382.61,546.35
ibis.garden,AVAILABLE,0,1.54,26.26
ibis.hair,AVAILABLE,1,2183.84,2183.84
ibis.monster,AVAILABLE,0,1.54,12.98
ibis.rest,AVAILABLE,0,1.54,26.26
ibis.skin,AVAILABLE,1,2183.84,2183.84
ibis.surf,AVAILABLE,0,1.54,26.26
imp.lol,UNAVAILABLE,0,1.54,26.26
imp.space,UNAVAILABLE,1,273.44,1092.18
imp.pics,AVAILABLE,0,1.54,26.26
imp.quest,UNAVAILABLE,0,1.54,12.98
imp.mom,UNAVAILABLE,0,1.54,26.26
imp.beauty,UNAVAILABLE,0,1.54,12.98
imp.beer,AVAILABLE,1,44.19,27.82
imp.best,UNAVAILABLE,0,1.72,15.96
imp.click,AVAILABLE,1,76.94,109.69
imp.garden,AVAILABLE,1,44.19,27.82
imp.hair,AVAILABLE,0,1.54,12.98
imp.monster,UNAVAILABLE,0,1.54,12.98
imp.rest,UNAVAILABLE,0,1.54,26.26
imp.skin,AVAILABLE,0,1.54,12.98
imp.surf,AVAILABLE,1,44.19,27.82
indigo.lol,UNAVAILABLE,0,1.54,26.26
indigo.space,AVAILABLE,1,273.44,1092.18
indigo.pics,UNAVAILABLE,0,1.54,26.26
indigo.quest,UNAVAILABLE,0,1.54,12.98
indigo.mom,UNAVAILABLE,0,1.54,26.26
indigo.beauty,UNAVAILABLE,0,1.54,12.98
indigo.beer,AVAILABLE,0,1.54,26.26
indigo.best,AVAILABLE,0,1.72,15.96
indigo.click,UNAVAILABLE,0,1.54,10.81
indigo.garden,AVAILABLE,1,44.19,27.82
indigo.hair,UNAVAILABLE,0,1.54,12.98
indigo.monster,UNAVAILABLE,0,1.54,12.98
indigo.rest,UNAVAILABLE,0,1.54,26.26
indigo.skin,UNAVAILABLE,0,1.54,12.98
indigo.surf,AVAILABLE,0,1.54,26.26
ixora.lol,UNAVAILABLE,0,1.54,26.26
ixora.space,UNAVAILABLE,0,1.96,26.26
ixora.pics,AVAILABLE,0,1.54,26.26
ixora.quest,AVAILABLE,0,1.54,12.98
ixora.mom,AVAILABLE,0,1.54,26.26
ixora.beauty,UNAVAILABLE,0,1.54,12.98
ixora.beer,AVAILABLE,0,1.54,26.26
ixora.best,AVAILABLE,0,1.72,15.96
ixora.click,AVAILABLE,1,76.94,109.69
ixora.garden,AVAILABLE,0,1.54,26.26
ixora.hair,AVAILABLE,0,1.54,12.98
ixora.monster,AVAILABLE,0,1.54,12.98
ixora.rest,AVAILABLE,0,1.54,26.26
ixora.skin,AVAILABLE,0,1.54,12.98
ixora.surf,AVAILABLE,0,1.54,26.26
jarl.lol,AVAILABLE,0,1.54,26.26
jarl.space,AVAILABLE,1,27.82,109.69
jarl.pics,AVAILABLE,0,1.54,26.26
jarl.quest,AVAILABLE,0,1.54,12.98
jarl.mom,AVAILABLE,0,1.54,26.26
jarl.beauty,AVAILABLE,0,1.54,12.98
jarl.beer,AVAILABLE,1,44.19,27.82
jarl.best,AVAILABLE,0,1.72,15.96
jarl.click,AVAILABLE,1,76.94,109.69
jarl.garden,AVAILABLE,0,1.54,26.26
jarl.hair,AVAILABLE,0,1.54,12.98
jarl.monster,AVAILABLE,1,218.86,13.74
jarl.rest,AVAILABLE,0,1.54,26.26
jarl.skin,AVAILABLE,0,1.54,12.98
jarl.surf,AVAILABLE,0,1.54,26.26
jerbo.lol,AVAILABLE,0,1.54,26.26
jerbo.space,AVAILABLE,0,1.96,26.26
jerbo.pics,AVAILABLE,0,1.54,26.26
jerbo.quest,AVAILABLE,0,1.54,12.98
jerbo.mom,AVAILABLE,0,1.54,26.26
jerbo.beauty,AVAILABLE,0,1.54,12.98
jerbo.beer,AVAILABLE,0,1.54,26.26
jerbo.best,AVAILABLE,0,1.72,15.96
jerbo.click,AVAILABLE,0,1.54,10.81
jerbo.garden,AVAILABLE,0,1.54,26.26
jerbo.hair,AVAILABLE,0,1.54,12.98
jerbo.monster,AVAILABLE,0,1.54,12.98
jerbo.rest,AVAILABLE,0,1.54,26.26
jerbo.skin,AVAILABLE,0,1.54,12.98
jerbo.surf,AVAILABLE,0,1.54,26.26
jute.lol,AVAILABLE,0,1.54,26.26
jute.space,AVAILABLE,1,68.75,273.44
jute.pics,AVAILABLE,0,1.54,26.26
jute.quest,AVAILABLE,0,1.54,12.98
jute.mom,AVAILABLE,0,1.54,26.26
jute.beauty,AVAILABLE,0,1.54,12.98
jute.beer,AVAILABLE,0,1.54,26.26
jute.best,AVAILABLE,0,1.72,15.96
jute.click,AVAILABLE,1,76.94,109.69
jute.garden,AVAILABLE,0,1.54,26.26
jute.hair,AVAILABLE,0,1.54,12.98
jute.monster,AVAILABLE,0,1.54,12.98
jute.rest,AVAILABLE,0,1.54,26.26
jute.skin,AVAILABLE,0,1.54,12.98
jute.surf,AVAILABLE,0,1.54,26.26
kamut.lol,AVAILABLE,0,1.54,26.26
kamut.space,AVAILABLE,0,1.96,26.26
kamut.pics,AVAILABLE,0,1.54,26.26
kamut.quest,AVAILABLE,0,1.54,12.98
kamut.mom,AVAILABLE,0,1.54,26.26
kamut.beauty,AVAILABLE,0,1.54,12.98
kamut.beer,AVAILABLE,0,1.54,26.26
kamut.best,AVAILABLE,0,1.72,15.96
kamut.click,AVAILABLE,1,76.94,109.69
kamut.garden,AVAILABLE,0,1.54,26.26
kamut.hair,AVAILABLE,0,1.54,12.98
kamut.monster,AVAILABLE,0,1.54,12.98
kamut.rest,AVAILABLE,0,1.54,26.26
kamut.skin,AVAILABLE,0,1.54,12.98
kamut.surf,AVAILABLE,0,1.54,26.26
kaolin.lol,AVAILABLE,0,1.54,26.26
kaolin.space,AVAILABLE,1,27.82,109.69
kaolin.pics,AVAILABLE,0,1.54,26.26
kaolin.quest,AVAILABLE,0,1.54,12.98
kaolin.mom,AVAILABLE,0,1.54,26.26
kaolin.beauty,AVAILABLE,0,1.54,12.98
kaolin.beer,AVAILABLE,0,1.54,26.26
kaolin.best,AVAILABLE,0,1.72,15.96
kaolin.click,AVAILABLE,0,1.54,10.81
kaolin.garden,AVAILABLE,0,1.54,26.26
kaolin.hair,AVAILABLE,0,1.54,12.98
kaolin.monster,AVAILABLE,0,1.54,12.98
kaolin.rest,AVAILABLE,0,1.54,26.26
kaolin.skin,AVAILABLE,0,1.54,12.98
kaolin.surf,AVAILABLE,0,1.54,26.26
karst.lol,AVAILABLE,0,1.54,26.26
karst.space,AVAILABLE,1,68.75,273.44
karst.pics,AVAILABLE,0,1.54,26.26
karst.quest,AVAILABLE,0,1.54,12.98
karst.mom,AVAILABLE,0,1.54,26.26
karst.beauty,AVAILABLE,0,1.54,12.98
karst.beer,AVAILABLE,0,1.54,26.26
karst.best,AVAILABLE,0,1.72,15.96
karst.click,AVAILABLE,1,76.94,109.69
karst.garden,AVAILABLE,0,1.54,26.26
karst.hair,AVAILABLE,0,1.54,12.98
karst.monster,AVAILABLE,0,1.54,12.98
karst.rest,AVAILABLE,0,1.54,26.26
karst.skin,AVAILABLE,0,1.54,12.98
karst.surf,AVAILABLE,0,1.54,26.26
keen.lol,AVAILABLE,1,2183.84,2183.84
keen.space,AVAILABLE,1,273.44,1092.18
keen.pics,AVAILABLE,1,2183.84,2183.84
keen.quest,AVAILABLE,1,2183.84,2183.84
keen.mom,AVAILABLE,1,2183.84,2183.84
keen.beauty,AVAILABLE,1,2183.84,2183.84
keen.beer,AVAILABLE,0,1.54,26.26
keen.best,UNAVAILABLE,0,1.72,15.96
keen.click,AVAILABLE,1,382.61,546.35
keen.garden,UNAVAILABLE,0,1.54,26.26
keen.hair,AVAILABLE,1,2183.84,2183.84
keen.monster,UNAVAILABLE,0,1.54,12.98
keen.rest,AVAILABLE,0,1.54,26.26
keen.skin,AVAILABLE,1,2183.84,2183.84
keen.surf,AVAILABLE,0,1.54,26.26
kelp.lol,UNAVAILABLE,0,1.54,26.26
kelp.space,AVAILABLE,1,136.98,546.35
kelp.pics,AVAILABLE,0,1.54,26.26
kelp.quest,AVAILABLE,0,1.54,12.98
kelp.mom,AVAILABLE,0,1.54,26.26
kelp.beauty,AVAILABLE,0,1.54,12.98
kelp.beer,AVAILABLE,0,1.54,26.26
kelp.best,AVAILABLE,0,1.72,15.96
kelp.click,AVAILABLE,1,76.94,109.69
kelp.garden,AVAILABLE,1,218.86,27.82
kelp.hair,AVAILABLE,0,1.54,12.98
kelp.monster,AVAILABLE,0,1.54,12.98
kelp.rest,AVAILABLE,0,1.54,26.26
kelp.skin,AVAILABLE,0,1.54,12.98
kelp.surf,AVAILABLE,0,1.54,26.26
kiln.lol,UNAVAILABLE,0,1.54,26.26
kiln.space,AVAILABLE,1,136.98,546.35
kiln.pics,AVAILABLE,0,1.54,26.26
kiln.quest,UNAVAILABLE,0,1.54,12.98
kiln.mom,UNAVAILABLE,0,1.54,26.26
kiln.beauty,AVAILABLE,0,1.54,12.98
kiln.beer,AVAILABLE,0,1.54,26.26
kiln.best,AVAILABLE,0,1.72,15.96
kiln.click,AVAILABLE,1,76.94,109.69
kiln.garden,AVAILABLE,0,1.54,26.26
kiln.hair,AVAILABLE,0,1.54,12.98
kiln.monster,AVAILABLE,0,1.54,12.98
kiln.rest,AVAILABLE,0,1.54,26.26
kiln.skin,AVAILABLE,0,1.54,12.98
kiln.surf,AVAILABLE,0,1.54,26.26
kit.lol,AVAILABLE,1,710.10,710.10
kit.space,UNAVAILABLE,1,273.44,1092.18
kit.pics,UNAVAILABLE,0,1.54,26.26
kit.quest,AVAILABLE,1,710.10,13.74
kit.mom,AVAILABLE,1,710.10,710.10
kit.beauty,AVAILABLE,1,2183.84,13.74
kit.beer,UNAVAILABLE,0,1.54,26.26
kit.best,UNAVAILABLE,0,1.72,15.96
kit.click,UNAVAILABLE,0,1.54,10.81
kit.garden,AVAILABLE,1,2183.84,27.82
kit.hair,AVAILABLE,1,2183.84,13.74
kit.monster,UNAVAILABLE,0,1.54,12.98
kit.rest,AVAILABLE,1,69.30,98.77
kit.skin,AVAILABLE,1,2183.84,13.74
kit.surf,UNAVAILABLE,1,87.86,87.86
kite.lol,UNAVAILABLE,0,1.54,26.26
kite.space,UNAVAILABLE,1,136.98,546.35
kite.pics,UNAVAILABLE,0,1.54,26.26
kite.quest,UNAVAILABLE,0,1.54,12.98
kite.mom,AVAILABLE,0,1.54,26.26
kite.beauty,AVAILABLE,0,1.54,12.98
kite.beer,AVAILABLE,0,1.54,26.26
kite.best,UNAVAILABLE,0,1.72,15.96
kite.click,UNAVAILABLE,1,76.94,109.69
kite.garden,UNAVAILABLE,0,1.54,26.26
kite.hair,AVAILABLE,0,1.54,12.98
kite.monster,UNAVAILABLE,0,1.54,12.98
kite.rest,AVAILABLE,0,1.54,26.26
kite.skin,AVAILABLE,0,1.54,12.98
kite.surf,UNAVAILABLE,1,44.19,44.19
knave.lol,AVAILABLE,0,1.54,26.26
knave.space,UNAVAILABLE,0,1.96,26.26
knave.pics,AVAILABLE,0,1.54,26.26
knave.quest,AVAILABLE,0,1.54,12.98
knave.mom,AVAILABLE,0,1.54,26.26
knave.beauty,AVAILABLE,0,1.54,12.98
knave.beer,AVAILABLE,0,1.54,26.26
knave.best,AVAILABLE,0,1.72,15.96
knave.click,AVAILABLE,1,76.94,109.69
knave.garden,AVAILABLE,0,1.54,26.26
knave.hair,AVAILABLE,0,1.54,12.98
knave.monster,AVAILABLE,0,1.54,12.98
knave.rest,AVAILABLE,0,1.54,26.26
knave.skin,AVAILABLE,0,1.54,12.98
knave.surf,AVAILABLE,0,1.54,26.26
knead.lol,UNAVAILABLE,0,1.54,26.26
knead.space,AVAILABLE,1,27.82,109.69
knead.pics,AVAILABLE,0,1.54,26.26
knead.quest,AVAILABLE,0,1.54,12.98
knead.mom,AVAILABLE,0,1.54,26.26
knead.beauty,AVAILABLE,0,1.54,12.98
knead.beer,AVAILABLE,0,1.54,26.26
knead.best,AVAILABLE,0,1.72,15.96
knead.click,AVAILABLE,1,76.94,109.69
knead.garden,AVAILABLE,0,1.54,26.26
knead.hair,AVAILABLE,0,1.54,12.98
knead.monster,AVAILABLE,0,1.54,12.98
knead.rest,AVAILABLE,0,1.54,26.26
knead.skin,AVAILABLE,0,1.54,12.98
knead.surf,AVAILABLE,0,1.54,26.26
knell.lol,UNAVAILABLE,0,1.54,26.26
knell.space,AVAILABLE,1,68.75,273.44
knell.pics,AVAILABLE,0,1.54,26.26
knell.quest,AVAILABLE,0,1.54,12.98
knell.mom,AVAILABLE,0,1.54,26.26
knell.beauty,AVAILABLE,0,1.54,12.98
knell.beer,AVAILABLE,0,1.54,26.26
knell.best,AVAILABLE,0,1.72,15.96
knell.click,AVAILABLE,1,76.94,109.69
knell.garden,AVAILABLE,0,1.54,26.26
knell.hair,AVAILABLE,0,1.54,12.98
knell.monster,AVAILABLE,0,1.54,12.98
knell.rest,AVAILABLE,0,1.54,26.26
knell.skin,AVAILABLE,0,1.54,12.98
knell.surf,AVAILABLE,0,1.54,26.26
knoll.lol,PENDING,0,0.00,0.00
knoll.space,AVAILABLE,1,68.75,273.44
knoll.pics,PENDING,0,0.00,0.00
knoll.quest,PENDING,0,0.00,0.00
knoll.mom,PENDING,0,0.00,0.00
knoll.beauty,PENDING,0,0.00,0.00
knoll.beer,AVAILABLE,0,1.54,26.26
knoll.best,PENDING,0,0.00,0.00
knoll.click,PENDING,0,0.00,0.00
knoll.garden,AVAILABLE,0,1.54,26.26
knoll.hair,PENDING,0,0.00,0.00
knoll.monster,PENDING,0,0.00,0.00
knoll.rest,PENDING,0,0.00,0.00
knoll.skin,PENDING,0,0.00,0.00
knoll.surf,AVAILABLE,0,1.54,26.26
knosp.lol,AVAILABLE,0,1.54,26.26
knosp.space,AVAILABLE,0,1.96,26.26
knosp.pics,AVAILABLE,0,1.54,26.26
knosp.quest,AVAILABLE,0,1.54,12.98
knosp.mom,AVAILABLE,0,1.54,26.26
knosp.beauty,AVAILABLE,0,1.54,12.98
knosp.beer,AVAILABLE,0,1.54,26.26
knosp.best,AVAILABLE,0,1.72,15.96
knosp.click,AVAILABLE,1,76.94,109.69
knosp.garden,AVAILABLE,0,1.54,26.26
knosp.hair,AVAILABLE,0,1.54,12.98
knosp.monster,AVAILABLE,0,1.54,12.98
knosp.rest,AVAILABLE,0,1.54,26.26
knosp.skin,AVAILABLE,0,1.54,12.98
knosp.surf,AVAILABLE,0,1.54,26.26
koji.lol,UNAVAILABLE,0,1.54,26.26
koji.space,UNAVAILABLE,0,1.96,26.26
koji.pics,AVAILABLE,0,1.54,26.26
koji.quest,AVAILABLE,0,1.54,12.98
koji.mom,AVAILABLE,0,1.54,26.26
koji.beauty,AVAILABLE,0,1.54,12.98
koji.beer,UNAVAILABLE,0,1.54,26.26
koji.best,AVAILABLE,0,1.72,15.96
koji.click,AVAILABLE,0,1.54,10.81
koji.garden,AVAILABLE,0,1.54,26.26
koji.hair,AVAILABLE,0,1.54,12.98
koji.monster,AVAILABLE,0,1.54,12.98
koji.rest,AVAILABLE,0,1.54,26.26
koji.skin,AVAILABLE,0,1.54,12.98
koji.surf,AVAILABLE,0,1.54,26.26
kvass.lol,AVAILABLE,0,1.54,26.26
kvass.space,AVAILABLE,0,1.96,26.26
kvass.pics,AVAILABLE,0,1.54,26.26
kvass.quest,AVAILABLE,0,1.54,12.98
kvass.mom,AVAILABLE,0,1.54,26.26
kvass.beauty,AVAILABLE,0,1.54,12.98
kvass.beer,UNAVAILABLE,0,1.54,26.26
kvass.best,AVAILABLE,0,1.72,15.96
kvass.click,AVAILABLE,1,76.94,109.69
kvass.garden,PENDING,0,0.00,0.00
kvass.hair,AVAILABLE,0,1.54,12.98
kvass.monster,AVAILABLE,0,1.54,12.98
kvass.rest,AVAILABLE,0,1.54,26.26
kvass.skin,AVAILABLE,0,1.54,12.98
kvass.surf,PENDING,0,0.00,0.00
ladle.lol,AVAILABLE,0,1.54,26.26
ladle.space,AVAILABLE,1,136.98,546.35
ladle.pics,AVAILABLE,0,1.54,26.26
ladle.quest,AVAILABLE,0,1.54,12.98
ladle.mom,AVAILABLE,0,1.54,26.26
ladle.beauty,AVAILABLE,0,1.54,12.98
ladle.beer,AVAILABLE,0,1.54,26.26
ladle.best,AVAILABLE,0,1.72,15.96
ladle.click,AVAILABLE,1,76.94,109.69
ladle.garden,AVAILABLE,0,1.54,26.26
ladle.hair,AVAILABLE,0,1.54,12.98
ladle.monster,AVAILABLE,0,1.54,12.98
ladle.rest,AVAILABLE,0,1.54,26.26
ladle.skin,AVAILABLE,0,1.54,12.98
ladle.surf,AVAILABLE,0,1.54,26.26
larch.lol,AVAILABLE,0,1.54,26.26
larch.space,AVAILABLE,1,68.75,273.44
larch.pics,AVAILABLE,0,1.54,26.26
larch.quest,AVAILABLE,0,1.54,12.98
larch.mom,AVAILABLE,0,1.54,26.26
larch.beauty,AVAILABLE,0,1.54,12.98
larch.beer,AVAILABLE,0,1.54,26.26
larch.best,AVAILABLE,0,1.72,15.96
larch.click,AVAILABLE,1,76.94,109.69
larch.garden,AVAILABLE,0,1.54,26.26
larch.hair,AVAILABLE,0,1.54,12.98
larch.monster,AVAILABLE,0,1.54,12.98
larch.rest,AVAILABLE,0,1.54,26.26
larch.skin,AVAILABLE,0,1.54,12.98
larch.surf,AVAILABLE,0,1.54,26.26
lard.lol,AVAILABLE,0,1.54,26.26
lard.space,AVAILABLE,1,68.75,273.44
lard.pics,AVAILABLE,0,1.54,26.26
lard.quest,AVAILABLE,0,1.54,12.98
lard.mom,UNAVAILABLE,0,1.54,26.26
lard.beauty,AVAILABLE,0,1.54,12.98
lard.beer,AVAILABLE,0,1.54,26.26
lard.best,AVAILABLE,0,1.72,15.96
lard.click,AVAILABLE,1,76.94,109.69
lard.garden,AVAILABLE,0,1.54,26.26
lard.hair,AVAILABLE,0,1.54,12.98
lard.monster,AVAILABLE,0,1.54,12.98
lard.rest,AVAILABLE,0,1.54,26.26
lard.skin,AVAILABLE,0,1.54,12.98
lard.surf,AVAILABLE,0,1.54,26.26
lark.lol,UNAVAILABLE,0,1.54,26.26
lark.space,AVAILABLE,1,273.44,1092.18
lark.pics,AVAILABLE,0,1.54,26.26
lark.quest,UNAVAILABLE,0,1.54,12.98
lark.mom,UNAVAILABLE,0,1.54,26.26
lark.beauty,AVAILABLE,0,1.54,12.98
lark.beer,AVAILABLE,0,1.54,26.26
lark.best,UNAVAILABLE,0,1.72,15.96
lark.click,AVAILABLE,1,382.61,546.35
lark.garden,AVAILABLE,0,1.54,26.26
lark.hair,AVAILABLE,0,1.54,12.98
lark.monster,AVAILABLE,0,1.54,12.98
lark.rest,AVAILABLE,0,1.54,26.26
lark.skin,AVAILABLE,0,1.54,12.98
lark.surf,AVAILABLE,0,1.54,26.26
larva.lol,UNAVAILABLE,0,1.54,26.26
larva.space,UNAVAILABLE,0,1.96,26.26
larva.pics,AVAILABLE,0,1.54,26.26
larva.quest,AVAILABLE,0,1.54,12.98
larva.mom,AVAILABLE,0,1.54,26.26
larva.beauty,AVAILABLE,0,1.54,12.98
larva.beer,AVAILABLE,0,1.54,26.26
larva.best,AVAILABLE,0,1.72,15.96
larva.click,AVAILABLE,1,76.94,109.69
larva.garden,AVAILABLE,0,1.54,26.26
larva.hair,AVAILABLE,0,1.54,12.98
larva.monster,AVAILABLE,0,1.54,12.98
larva.rest,AVAILABLE,0,1.54,26.26
larva.skin,AVAILABLE,0,1.54,12.98
larva.surf,AVAILABLE,0,1.54,26.26
lees.lol,AVAILABLE,0,1.54,26.26
lees.space,PENDING,0,0.00,0.00
lees.pics,AVAILABLE,0,1.54,26.26
lees.quest,AVAILABLE,0,1.54,12.98
lees.mom,AVAILABLE,0,1.54,26.26
lees.beauty,AVAILABLE,0,1.54,12.98
lees.beer,AVAILABLE,1,44.19,27.82
lees.best,AVAILABLE,0,1.72,15.96
lees.click,AVAILABLE,1,76.94,109.69
lees.garden,AVAILABLE,0,1.54,26.26
lees.hair,AVAILABLE,0,1.54,12.98
lees.monster,UNAVAILABLE,0,1.54,12.98
lees.rest,AVAILABLE,0,1.54,26.26
lees.skin,AVAILABLE,0,1.54,12.98
lees.surf,AVAILABLE,0,1.54,26.26
lichen.lol,UNAVAILABLE,0,1.54,26.26
lichen.space,UNAVAILABLE,0,1.96,26.26
lichen.pics,UNAVAILABLE,0,1.54,26.26
lichen.quest,AVAILABLE,0,1.54,12.98
lichen.mom,AVAILABLE,0,1.54,26.26
lichen.beauty,AVAILABLE,0,1.54,12.98
lichen.beer,AVAILABLE,0,1.54,26.26
lichen.best,AVAILABLE,0,1.72,15.96
lichen.click,AVAILABLE,0,1.54,10.81
lichen.garden,UNAVAILABLE,0,1.54,26.26
lichen.hair,AVAILABLE,0,1.54,12.98
lichen.monster,AVAILABLE,0,1.54,12.98
lichen.rest,AVAILABLE,0,1.54,26.26
lichen.skin,AVAILABLE,0,1.54,12.98
lichen.surf,AVAILABLE,0,1.54,26.26
liege.lol,AVAILABLE,0,1.54,26.26
liege.space,UNAVAILABLE,1,27.82,109.69
liege.pics,UNAVAILABLE,0,1.54,26.26
liege.quest,AVAILABLE,0,1.54,12.98
liege.mom,AVAILABLE,0,1.54,26.26
liege.beauty,AVAILABLE,0,1.54,12.98
liege.beer,AVAILABLE,1,44.19,27.82
liege.best,UNAVAILABLE,0,1.72,15.96
liege.click,AVAILABLE,1,76.94,109.69
liege.garden,AVAILABLE,0,1.54,26.26
liege.hair,AVAILABLE,0,1.54,12.98
liege.monster,AVAILABLE,0,1.54,12.98
liege.rest,UNAVAILABLE,0,1.54,26.26
liege.skin,AVAILABLE,0,1.54,12.98
liege.surf,AVAILABLE,0,1.54,26.26
lilt.lol,UNAVAILABLE,0,1.54,26.26
lilt.space,AVAILABLE,1,27.82,109.69
lilt.pics,AVAILABLE,0,1.54,26.26
lilt.quest,UNAVAILABLE,0,1.54,12.98
lilt.mom,AVAILABLE,0,1.54,26.26
lilt.beauty,AVAILABLE,0,1.54,12.98
lilt.beer,AVAILABLE,0,1.54,26.26
lilt.best,AVAILABLE,0,1.72,15.96
lilt.click,AVAILABLE,1,76.94,109.69
lilt.garden,UNAVAILABLE,0,1.54,26.26
lilt.hair,AVAILABLE,0,1.54,12.98
lilt.monster,AVAILABLE,0,1.54,12.98
lilt.rest,AVAILABLE,0,1.54,26.26
lilt.skin,AVAILABLE,0,1.54,12.98
lilt.surf,AVAILABLE,0,1.54,26.26
linen.lol,UNAVAILABLE,0,1.54,26.26
linen.space,AVAILABLE,1,273.44,1092.18
linen.pics,AVAILABLE,0,1.54,26.26
linen.quest,AVAILABLE,0,1.54,12.98
linen.mom,AVAILABLE,0,1.54,26.26
linen.beauty,AVAILABLE,0,1.54,12.98
linen.beer,AVAILABLE,0,1.54,26.26
linen.best,UNAVAILABLE,0,1.72,15.96
linen.click,AVAILABLE,1,76.94,109.69
linen.garden,AVAILABLE,1,873.85,27.82
linen.hair,AVAILABLE,0,1.54,12.98
linen.monster,AVAILABLE,0,1.54,12.98
linen.rest,AVAILABLE,0,1.54,26.26
linen.skin,AVAILABLE,0,1.54,12.98
linen.surf,AVAILABLE,0,1.54,26.26
linnet.lol,AVAILABLE,0,1.54,26.26
linnet.space,UNAVAILABLE,0,1.96,26.26
linnet.pics,AVAILABLE,0,1.54,26.26
linnet.quest,AVAILABLE,0,1.54,12.98
linnet.mom,AVAILABLE,0,1.54,26.26
linnet.beauty,AVAILABLE,0,1.54,12.98
linnet.beer,AVAILABLE,0,1.54,26.26
linnet.best,AVAILABLE,0,1.72,15.96
linnet.click,AVAILABLE,0,1.54,10.81
linnet.garden,AVAILABLE,0,1.54,26.26
linnet.hair,AVAILABLE,0,1.54,12.98
linnet.monster,AVAILABLE,0,1.54,12.98
linnet.rest,AVAILABLE,0,1.54,26.26
linnet.skin,AVAILABLE,0,1.54,12.98
linnet.surf,AVAILABLE,0,1.54,26.26
loach.lol,UNAVAILABLE,0,1.54,26.26
loach.space,AVAILABLE,1,68.75,273.44
loach.pics,AVAILABLE,0,1.54,26.26
loach.quest,AVAILABLE,0,1.54,12.98
loach.mom,AVAILABLE,0,1.54,26.26
loach.beauty,AVAILABLE,0,1.54,12.98
loach.beer,AVAILABLE,0,1.54,26.26
loach.best,AVAILABLE,0,1.72,15.96
loach.click,AVAILABLE,1,76.94,109.69
loach.garden,AVAILABLE,0,1.54,26.26
loach.hair,AVAILABLE,0,1.54,12.98
loach.monster,AVAILABLE,0,1.54,12.98
loach.rest,AVAILABLE,0,1.54,26.26
loach.skin,AVAILABLE,0,1.54,12.98
loach.surf,AVAILABLE,0,1.54,26.26
loam.lol,UNAVAILABLE,0,1.54,26.26
loam.space,UNAVAILABLE,0,1.96,26.26
loam.pics,AVAILABLE,0,1.54,26.26
loam.quest,UNAVAILABLE,0,1.54,12.98
loam.mom,AVAILABLE,0,1.54,26.26
loam.beauty,AVAILABLE,0,1.54,12.98
loam.beer,AVAILABLE,1,44.19,27.82
loam.best,AVAILABLE,0,1.72,15.96
loam.click,AVAILABLE,1,76.94,109.69
loam.garden,UNAVAILABLE,0,1.54,26.26
loam.hair,AVAILABLE,0,1.54,12.98
loam.monster,UNAVAILABLE,0,1.54,12.98
loam.rest,UNAVAILABLE,0,1.54,26.26
loam.skin,AVAILABLE,0,1.54,12.98
loam.surf,AVAILABLE,0,1.54,26.26
loess.lol,UNAVAILABLE,0,1.54,26.26
loess.space,AVAILABLE,1,27.82,109.69
loess.pics,AVAILABLE,0,1.54,26.26
loess.quest,AVAILABLE,0,1.54,12.98
loess.mom,AVAILABLE,0,1.54,26.26
loess.beauty,AVAILABLE,0,1.54,12.98
loess.beer,AVAILABLE,0,1.54,26.26
loess.best,AVAILABLE,0,1.72,15.96
loess.click,AVAILABLE,1,76.94,109.69
loess.garden,AVAILABLE,0,1.54,26.26
loess.hair,AVAILABLE,0,1.54,12.98
loess.monster,AVAILABLE,0,1.54,12.98
loess.rest,AVAILABLE,0,1.54,26.26
loess.skin,AVAILABLE,0,1.54,12.98
loess.surf,AVAILABLE,0,1.54,26.26
loom.lol,UNAVAILABLE,0,1.54,26.26
loom.space,UNAVAILABLE,1,273.44,1092.18
loom.pics,AVAILABLE,0,1.54,26.26
loom.quest,UNAVAILABLE,0,1.54,12.98
loom.mom,AVAILABLE,0,1.54,26.26
loom.beauty,UNAVAILABLE,0,1.54,12.98
loom.beer,AVAILABLE,0,1.54,26.26
loom.best,UNAVAILABLE,0,1.72,15.96
loom.click,AVAILABLE,1,76.94,109.69
loom.garden,AVAILABLE,0,1.54,26.26
loom.hair,UNAVAILABLE,0,1.54,12.98
loom.monster,AVAILABLE,0,1.54,12.98
loom.rest,AVAILABLE,0,1.54,26.26
loom.skin,AVAILABLE,0,1.54,12.98
loom.surf,AVAILABLE,0,1.54,26.26
loris.lol,AVAILABLE,0,1.54,26.26
loris.space,AVAILABLE,1,68.75,273.44
loris.pics,AVAILABLE,0,1.54,26.26
loris.quest,AVAILABLE,0,1.54,12.98
loris.mom,AVAILABLE,0,1.54,26.26
loris.beauty,UNAVAILABLE,0,1.54,12.98
loris.beer,UNAVAILABLE,0,1.54,26.26
loris.best,AVAILABLE,0,1.72,15.96
loris.click,AVAILABLE,1,76.94,109.69
loris.garden,AVAILABLE,0,1.54,26.26
loris.hair,AVAILABLE,0,1.54,12.98
loris.monster,AVAILABLE,0,1.54,12.98
loris.rest,AVAILABLE,0,1.54,26.26
loris.skin,AVAILABLE,0,1.54,12.98
loris.surf,AVAILABLE,0,1.54,26.26
lupin.lol,UNAVAILABLE,0,1.54,26.26
lupin.space,AVAILABLE,1,136.98,546.35
lupin.pics,AVAILABLE,0,1.54,26.26
lupin.quest,AVAILABLE,0,1.54,12.98
lupin.mom,UNAVAILABLE,0,1.54,26.26
lupin.beauty,AVAILABLE,0,1.54,12.98
lupin.beer,AVAILABLE,0,1.54,26.26
lupin.best,AVAILABLE,0,1.72,15.96
lupin.click,AVAILABLE,1,382.61,546.35
lupin.garden,AVAILABLE,0,1.54,26.26
lupin.hair,AVAILABLE,0,1.54,12.98
lupin.monster,AVAILABLE,0,1.54,12.98
lupin.rest,AVAILABLE,0,1.54,26.26
lupin.skin,AVAILABLE,0,1.54,12.98
lupin.surf,AVAILABLE,0,1.54,26.26
lyre.lol,AVAILABLE,0,1.54,26.26
lyre.space,UNAVAILABLE,0,1.96,26.26
lyre.pics,AVAILABLE,0,1.54,26.26
lyre.quest,AVAILABLE,0,1.54,12.98
lyre.mom,AVAILABLE,0,1.54,26.26
lyre.beauty,AVAILABLE,0,1.54,12.98
lyre.beer,AVAILABLE,0,1.54,26.26
lyre.best,AVAILABLE,0,1.72,15.96
lyre.click,AVAILABLE,1,76.94,109.69
lyre.garden,UNAVAILABLE,0,1.54,26.26
lyre.hair,AVAILABLE,0,1.54,12.98
lyre.monster,AVAILABLE,0,1.54,12.98
lyre.rest,AVAILABLE,0,1.54,26.26
lyre.skin,AVAILABLE,0,1.54,12.98
lyre.surf,AVAILABLE,0,1.54,26.26
lyric.lol,UNAVAILABLE,0,1.54,26.26
lyric.space,AVAILABLE,1,1365.10,5458.82
lyric.pics,AVAILABLE,0,1.54,26.26
lyric.quest,UNAVAILABLE,0,1.54,12.98
lyric.mom,UNAVAILABLE,0,1.54,26.26
lyric.beauty,AVAILABLE,0,1.54,12.98
lyric.beer,AVAILABLE,0,1.54,26.26
lyric.best,UNAVAILABLE,0,1.72,15.96
lyric.click,UNAVAILABLE,0,1.54,10.81
lyric.garden,AVAILABLE,0,1.54,26.26
lyric.hair,AVAILABLE,0,1.54,12.98
lyric.monster,AVAILABLE,0,1.54,12.98
lyric.rest,PENDING,0,0.00,0.00
lyric.skin,AVAILABLE,0,1.54,12.98
lyric.surf,AVAILABLE,0,1.54,26.26
mace.lol,UNAVAILABLE,0,1.54,26.26
mace.space,UNAVAILABLE,0,1.96,26.26
mace.pics,AVAILABLE,0,1.54,26.26
mace.quest,AVAILABLE,0,1.54,12.98
mace.mom,AVAILABLE,0,1.54,26.26
mace.beauty,AVAILABLE,0,1.54,12.98
mace.beer,AVAILABLE,0,1.54,26.26
mace.best,AVAILABLE,0,1.72,15.96
mace.click,AVAILABLE,1,382.61,546.35
mace.garden,AVAILABLE,0,1.54,26.26
mace.hair,AVAILABLE,0,1.54,12.98
mace.monster,AVAILABLE,0,1.54,12.98
mace.rest,AVAILABLE,0,1.54,26.26
mace.skin,AVAILABLE,0,1.54,12.98
mace.surf,AVAILABLE,0,1.54,26.26
madder.lol,AVAILABLE,0,1.54,26.26
madder.space,AVAILABLE,1,27.82,109.69
madder.pics,AVAILABLE,0,1.54,26.26
madder.quest,AVAILABLE,0,1.54,12.98
madder.mom,AVAILABLE,0,1.54,26.26
madder.beauty,AVAILABLE,0,1.54,12.98
madder.beer,AVAILABLE,0,1.54,26.26
madder.best,AVAILABLE,0,1.72,15.96
madder.click,AVAILABLE,0,1.54,10.81
madder.garden,AVAILABLE,0,1.54,26.26
madder.hair,AVAILABLE,0,1.54,12.98
madder.monster,AVAILABLE,0,1.54,12.98
madder.rest,AVAILABLE,0,1.54,26.26
madder.skin,AVAILABLE,0,1.54,12.98
madder.surf,AVAILABLE,0,1.54,26.26
malt.lol,UNAVAILABLE,0,1.54,26.26
malt.space,UNAVAILABLE,0,1.96,26.26
malt.pics,AVAILABLE,0,1.54,26.26
malt.quest,UNAVAILABLE,0,1.54,12.98
malt.mom,AVAILABLE,0,1.54,26.26
malt.beauty,AVAILABLE,0,1.54,12.98
malt.beer,UNAVAILABLE,1,4367.16,27.82
malt.best,AVAILABLE,0,1.72,15.96
malt.click,AVAILABLE,1,76.94,109.69
malt.garden,AVAILABLE,0,1.54,26.26
malt.hair,AVAILABLE,0,1.54,12.98
malt.monster,AVAILABLE,0,1.54,12.98
malt.rest,AVAILABLE,0,1.54,26.26
malt.skin,AVAILABLE,0,1.54,12.98
malt.surf,AVAILABLE,0,1.54,26.26
mane.lol,UNAVAILABLE,0,1.54,26.26
mane.space,UNAVAILABLE,0,1.96,26.26
mane.pics,AVAILABLE,0,1.54,26.26
mane.quest,UNAVAILABLE,0,1.54,12.98
mane.mom,AVAILABLE,0,1.54,26.26
mane.beauty,AVAILABLE,0,1.54,12.98
mane.beer,AVAILABLE,0,1.54,26.26
mane.best,AVAILABLE,0,1.72,15.96
mane.click,AVAILABLE,1,76.94,109.69
mane.garden,AVAILABLE,0,1.54,26.26
mane.hair,AVAILABLE,0,1.54,12.98
mane.monster,AVAILABLE,0,1.54,12.98
mane.rest,AVAILABLE,0,1.54,26.26
mane.skin,UNAVAILABLE,0,1.54,12.98
mane.surf,AVAILABLE,0,1.54,26.26
marl.lol,AVAILABLE,0,1.54,26.26
marl.space,AVAILABLE,1,68.75,273.44
marl.pics,AVAILABLE,0,1.54,26.26
marl.quest,AVAILABLE,0,1.54,12.98
marl.mom,AVAILABLE,0,1.54,26.26
marl.beauty,AVAILABLE,0,1.54,12.98
marl.beer,AVAILABLE,0,1.54,26.26
marl.best,AVAILABLE,0,1.72,15.96
marl.click,AVAILABLE,1,76.94,109.69
marl.garden,AVAILABLE,0,1.54,26.26
marl.hair,AVAILABLE,0,1.54,12.98
marl.monster,AVAILABLE,0,1.54,12.98
marl.rest,AVAILABLE,0,1.54,26.26
marl.skin,AVAILABLE,0,1.54,12.98
marl.surf,AVAILABLE,0,1.54,26.26
mash.lol,UNAVAILABLE,0,1.54,26.26
mash.space,UNAVAILABLE,1,273.44,1092.18
mash.pics,AVAILABLE,0,1.54,26.26
mash.quest,AVAILABLE,0,1.54,12.98
mash.mom,AVAILABLE,0,1.54,26.26
mash.beauty,AVAILABLE,0,1.54,12.98
mash.beer,UNAVAILABLE,0,1.54,26.26
mash.best,UNAVAILABLE,0,1.72,15.96
mash.click,AVAILABLE,1,76.94,109.69
mash.garden,AVAILABLE,0,1.54,26.26
mash.hair,UNAVAILABLE,0,1.54,12.98
mash.monster,UNAVAILABLE,0,1.54,12.98
mash.rest,AVAILABLE,0,1.54,26.26
mash.skin,AVAILABLE,0,1.54,12.98
mash.surf,AVAILABLE,0,1.54,26.26
mayfly.lol,AVAILABLE,0,1.54,26.26
mayfly.space,AVAILABLE,1,27.82,109.69
mayfly.pics,AVAILABLE,0,1.54,26.26
mayfly.quest,AVAILABLE,0,1.54,12.98
mayfly.mom,AVAILABLE,0,1.54,26.26
mayfly.beauty,AVAILABLE,0,1.54,12.98
mayfly.beer,AVAILABLE,0,1.54,26.26
mayfly.best,AVAILABLE,0,1.72,15.96
mayfly.click,AVAILABLE,0,1.54,10.81
mayfly.garden,AVAILABLE,0,1.54,26.26
mayfly.hair,UNAVAILABLE,0,1.54,12.98
mayfly.monster,AVAILABLE,0,1.54,12.98
mayfly.rest,AVAILABLE,0,1.54,26.26
mayfly.skin,AVAILABLE,0,1.54,12.98
mayfly.surf,AVAILABLE,0,1.54,26.26
mead.lol,UNAVAILABLE,0,1.54,26.26
mead.space,AVAILABLE,1,136.98,546.35
mead.pics,AVAILABLE,0,1.54,26.26
mead.quest,AVAILABLE,0,1.54,12.98
mead.mom,AVAILABLE,0,1.54,26.26
mead.beauty,AVAILABLE,0,1.54,12.98
mead.beer,AVAILABLE,1,87.86,87.86
mead.best,AVAILABLE,0,1.72,15.96
mead.click,AVAILABLE,1,76.94,109.69
mead.garden,AVAILABLE,0,1.54,26.26
mead.hair,AVAILABLE,0,1.54,12.98
mead.monster,UNAVAILABLE,0,1.54,12.98
mead.rest,AVAILABLE,0,1.54,26.26
mead.skin,AVAILABLE,0,1.54,12.98
mead.surf,AVAILABLE,0,1.54,26.26
medlar.lol,AVAILABLE,0,1.54,26.26
medlar.space,AVAILABLE,1,27.82,109.69
medlar.pics,AVAILABLE,0,1.54,26.26
medlar.quest,AVAILABLE,0,1.54,12.98
medlar.mom,AVAILABLE,0,1.54,26.26
medlar.beauty,AVAILABLE,0,1.54,12.98
medlar.beer,AVAILABLE,0,1.54,26.26
medlar.best,AVAILABLE,0,1.72,15.96
medlar.click,AVAILABLE,0,1.54,10.81
medlar.garden,AVAILABLE,0,1.54,26.26
medlar.hair,AVAILABLE,0,1.54,12.98
medlar.monster,AVAILABLE,0,1.54,12.98
medlar.rest,AVAILABLE,0,1.54,26.26
medlar.skin,AVAILABLE,0,1.54,12.98
medlar.surf,AVAILABLE,0,1.54,26.26
merle.lol,AVAILABLE,0,1.54,26.26
merle.space,AVAILABLE,1,68.75,273.44
merle.pics,AVAILABLE,0,1.54,26.26
merle.quest,AVAILABLE,0,1.54,12.98
merle.mom,AVAILABLE,0,1.54,26.26
merle.beauty,AVAILABLE,0,1.54,12.98
merle.beer,AVAILABLE,0,1.54,26.26
merle.best,AVAILABLE,0,1.72,15.96
merle.click,AVAILABLE,0,1.54,10.81
merle.garden,AVAILABLE,0,1.54,26.26
merle.hair,AVAILABLE,0,1.54,12.98
merle.monster,UNAVAILABLE,0,1.54,12.98
merle.rest,AVAILABLE,0,1.54,26.26
merle.skin,AVAILABLE,0,1.54,12.98
merle.surf,AVAILABLE,0,1.54,26.26
mica.lol,UNAVAILABLE,0,1.54,26.26
mica.space,UNAVAILABLE,1,136.98,546.35
mica.pics,UNAVAILABLE,0,1.54,26.26
mica.quest,AVAILABLE,0,1.54,12.98
mica.mom,AVAILABLE,0,1.54,26.26
mica.beauty,UNAVAILABLE,0,1.54,12.98
mica.beer,AVAILABLE,1,44.19,27.82
mica.best,AVAILABLE,0,1.72,15.96
mica.click,AVAILABLE,1,76.94,109.69
mica.garden,AVAILABLE,0,1.54,26.26
mica.hair,AVAILABLE,0,1.54,12.98
mica.monster,AVAILABLE,0,1.54,12.98
mica.rest,AVAILABLE,0,1.54,26.26
mica.skin,AVAILABLE,0,1.54,12.98
mica.surf,AVAILABLE,0,1.54,26.26
midge.lol,AVAILABLE,0,1.54,26.26
midge.space,AVAILABLE,1,68.75,273.44
midge.pics,AVAILABLE,0,1.54,26.26
midge.quest,AVAILABLE,0,1.54,12.98
midge.mom,AVAILABLE,0,1.54,26.26
midge.beauty,AVAILABLE,0,1.54,12.98
midge.beer,AVAILABLE,0,1.54,26.26
midge.best,AVAILABLE,0,1.72,15.96
midge.click,AVAILABLE,1,76.94,109.69
midge.garden,AVAILABLE,0,1.54,26.26
midge.hair,AVAILABLE,0,1.54,12.98
midge.monster,AVAILABLE,0,1.54,12.98
midge.rest,AVAILABLE,0,1.54,26.26
midge.skin,AVAILABLE,0,1.54,12.98
midge.surf,AVAILABLE,0,1.54,26.26
millet.lol,UNAVAILABLE,0,1.54,26.26
millet.space,AVAILABLE,1,68.75,273.44
millet.pics,AVAILABLE,0,1.54,26.26
millet.quest,AVAILABLE,0,1.54,12.98
millet.mom,AVAILABLE,0,1.54,26.26
millet.beauty,AVAILABLE,0,1.54,12.98
millet.beer,AVAILABLE,0,1.54,26.26
millet.best,UNAVAILABLE,0,1.72,15.96
millet.click,AVAILABLE,1,76.94,109.69
millet.garden,AVAILABLE,0,1.54,26.26
millet.hair,AVAILABLE,0,1.54,12.98
millet.monster,AVAILABLE,0,1.54,12.98
millet.rest,AVAILABLE,0,1.54,26.26
millet.skin,AVAILABLE,0,1.54,12.98
millet.surf,AVAILABLE,0,1.54,26.26
mite.lol,UNAVAILABLE,0,1.54,26.26
mite.space,AVAILABLE,1,136.98,546.35
mite.pics,AVAILABLE,0,1.54,26.26
mite.quest,AVAILABLE,0,1.54,12.98
mite.mom,AVAILABLE,0,1.54,26.26
mite.beauty,AVAILABLE,0,1.54,12.98
mite.beer,AVAILABLE,0,1.54,26.26
mite.best,AVAILABLE,0,1.72,15.96
mite.click,AVAILABLE,1,76.94,109.69
mite.garden,AVAILABLE,0,1.54,26.26
mite.hair,AVAILABLE,0,1.54,12.98
mite.monster,AVAILABLE,0,1.54,12.98
mite.rest,AVAILABLE,0,1.54,26.26
mite.skin,AVAILABLE,0,1.54,12.98
mite.surf,AVAILABLE,0,1.54,26.26
molly.lol,UNAVAILABLE,0,1.54,26.26
molly.space,AVAILABLE,1,682.81,2729.67
molly.pics,UNAVAILABLE,0,1.54,26.26
molly.quest,AVAILABLE,0,1.54,12.98
molly.mom,AVAILABLE,0,1.54,26.26
molly.beauty,UNAVAILABLE,0,1.54,12.98
molly.beer,AVAILABLE,0,1.54,26.26
molly.best,UNAVAILABLE,0,1.72,15.96
molly.click,UNAVAILABLE,0,1.54,10.81
molly.garden,AVAILABLE,0,1.54,26.26
molly.hair,AVAILABLE,0,1.54,12.98
molly.monster,AVAILABLE,1,218.86,13.74
molly.rest,UNAVAILABLE,0,1.54,26.26
molly.skin,UNAVAILABLE,0,1.54,12.98
molly.surf,AVAILABLE,1,44.19,27.82
morel.lol,AVAILABLE,0,1.54,26.26
morel.space,AVAILABLE,1,68.75,273.44
morel.pics,AVAILABLE,0,1.54,26.26
morel.quest,AVAILABLE,0,1.54,12.98
morel.mom,AVAILABLE,0,1.54,26.26
morel.beauty,AVAILABLE,0,1.54,12.98
morel.beer,AVAILABLE,0,1.54,26.26
morel.best,AVAILABLE,0,1.72,15.96
morel.click,UNAVAILABLE,0,1.54,10.81
morel.garden,AVAILABLE,0,1.54,26.26
morel.hair,AVAILABLE,0,1.54,12.98
morel.monster,AVAILABLE,0,1.54,12.98
morel.rest,AVAILABLE,0,1.54,26.26
morel.skin,AVAILABLE,0,1.54,12.98
morel.surf,AVAILABLE,0,1.54,26.26
mortar.lol,AVAILABLE,0,1.54,26.26
mortar.space,AVAILABLE,1,136.98,546.35
mortar.pics,AVAILABLE,0,1.54,26.26
mortar.quest,AVAILABLE,0,1.54,12.98
mortar.mom,AVAILABLE,0,1.54,26.26
mortar.beauty,AVAILABLE,0,1.54,12.98
mortar.beer,AVAILABLE,0,1.54,26.26
mortar.best,AVAILABLE,0,1.72,15.96
mortar.click,AVAILABLE,0,1.54,10.81
mortar.garden,AVAILABLE,0,1.54,26.26
mortar.hair,AVAILABLE,0,1.54,12.98
mortar.monster,AVAILABLE,0,1.54,12.98
mortar.rest,AVAILABLE,0,1.54,26.26
mortar.skin,AVAILABLE,0,1.54,12.98
mortar.surf,AVAILABLE,0,1.54,26.26
mote.lol,AVAILABLE,0,1.54,26.26
mote.space,AVAILABLE,1,68.75,273.44
mote.pics,AVAILABLE,0,1.54,26.26
mote.quest,AVAILABLE,0,1.54,12.98
mote.mom,AVAILABLE,0,1.54,26.26
mote.beauty,AVAILABLE,0,1.54,12.98
mote.beer,AVAILABLE,1,44.19,27.82
mote.best,AVAILABLE,0,1.72,15.96
mote.click,UNAVAILABLE,0,1.54,10.81
mote.garden,AVAILABLE,0,1.54,26.26
mote.hair,AVAILABLE,0,1.54,12.98
mote.monster,UNAVAILABLE,0,1.54,12.98
mote.rest,AVAILABLE,0,1.54,26.26
mote.skin,AVAILABLE,0,1.54,12.98
mote.surf,AVAILABLE,0,1.54,26.26
moth.lol,UNAVAILABLE,0,1.54,26.26
moth.space,AVAILABLE,1,68.75,273.44
moth.pics,UNAVAILABLE,0,1.54,26.26
moth.quest,UNAVAILABLE,0,1.54,12.98
moth.mom,UNAVAILABLE,0,1.54,26.26
moth.beauty,AVAILABLE,0,1.54,12.98
moth.beer,AVAILABLE,1,87.86,87.86
moth.best,UNAVAILABLE,0,1.72,15.96
moth.click,AVAILABLE,1,76.94,109.69
moth.garden,UNAVAILABLE,0,1.54,26.26
moth.hair,AVAILABLE,0,1.54,12.98
moth.monster,UNAVAILABLE,0,1.54,12.98
moth.rest,AVAILABLE,0,1.54,26.26
moth.skin,AVAILABLE,0,1.54,12.98
moth.surf,AVAILABLE,0,1.54,26.26
mulch.lol,AVAILABLE,0,1.54,26.26
mulch.space,AVAILABLE,1,136.98,546.35
mulch.pics,AVAILABLE,0,1.54,26.26
mulch.quest,AVAILABLE,0,1.54,12.98
mulch.mom,AVAILABLE,0,1.54,26.26
mulch.beauty,AVAILABLE,0,1.54,12.98
mulch.beer,AVAILABLE,0,1.54,26.26
mulch.best,AVAILABLE,0,1.72,15.96
mulch.click,AVAILABLE,1,76.94,109.69
mulch.garden,AVAILABLE,1,218.86,27.82
mulch.hair,AVAILABLE,0,1.54,12.98
mulch.monster,UNAVAILABLE,0,1.54,12.98
mulch.rest,AVAILABLE,0,1.54,26.26
mulch.skin,AVAILABLE,0,1.54,12.98
mulch.surf,AVAILABLE,0,1.54,26.26
murk.lol,UNAVAILABLE,0,1.54,26.26
murk.space,AVAILABLE,1,27.82,109.69
murk.pics,AVAILABLE,0,1.54,26.26
murk.quest,AVAILABLE,0,1.54,12.98
murk.mom,AVAILABLE,0,1.54,26.26
murk.beauty,AVAILABLE,0,1.54,12.98
murk.beer,AVAILABLE,0,1.54,26.26
murk.best,AVAILABLE,0,1.72,15.96
murk.click,AVAILABLE,1,76.94,109.69
murk.garden,AVAILABLE,0,1.54,26.26
murk.hair,AVAILABLE,0,1.54,12.98
murk.monster,AVAILABLE,0,1.54,12.98
murk.rest,AVAILABLE,0,1.54,26.26
murk.skin,AVAILABLE,0,1.54,12.98
murk.surf,AVAILABLE,0,1.54,26.26
must.lol,UNAVAILABLE,0,1.54,26.26
must.space,UNAVAILABLE,1,68.75,273.44
must.pics,AVAILABLE,0,1.54,26.26
must.quest,UNAVAILABLE,0,1.54,12.98
must.mom,AVAILABLE,0,1.54,26.26
must.beauty,AVAILABLE,0,1.54,12.98
must.beer,UNAVAILABLE,0,1.54,26.26
must.best,AVAILABLE,0,1.72,15.96
must.click,UNAVAILABLE,0,1.54,10.81
must.garden,AVAILABLE,0,1.54,26.26
must.hair,AVAILABLE,0,1.54,12.98
must.monster,UNAVAILABLE,0,1.54,12.98
must.rest,UNAVAILABLE,0,1.54,26.26
must.skin,AVAILABLE,0,1.54,12.98
must.surf,AVAILABLE,0,1.54,26.26
myna.lol,UNAVAILABLE,0,1.54,26.26
myna.space,AVAILABLE,1,27.82,109.69
myna.pics,AVAILABLE,0,1.54,26.26
myna.quest,AVAILABLE,0,1.54,12.98
myna.mom,AVAILABLE,0,1.54,26.26
myna.beauty,AVAILABLE,0,1.54,12.98
myna.beer,AVAILABLE,0,1.54,26.26
myna.best,AVAILABLE,0,1.72,15.96
myna.click,AVAILABLE,1,76.94,109.69
myna.garden,AVAILABLE,0,1.54,26.26
myna.hair,AVAILABLE,0,1.54,12.98
myna.monster,AVAILABLE,0,1.54,12.98
myna.rest,AVAILABLE,0,1.54,26.26
myna.skin,AVAILABLE,0,1.54,12.98
myna.surf,AVAILABLE,0,1.54,26.26
nacre.lol,AVAILABLE,0,1.54,26.26
nacre.space,UNAVAILABLE,0,1.96,26.26
nacre.pics,AVAILABLE,0,1.54,26.26
nacre.quest,AVAILABLE,0,1.54,12.98
nacre.mom,AVAILABLE,0,1.54,26.26
nacre.beauty,AVAILABLE,0,1.54,12.98
nacre.beer,AVAILABLE,0,1.54,26.26
nacre.best,AVAILABLE,0,1.72,15.96
nacre.click,AVAILABLE,1,76.94,109.69
nacre.garden,AVAILABLE,0,1.54,26.26
nacre.hair,AVAILABLE,0,1.54,12.98
nacre.monster,AVAILABLE,0,1.54,12.98
nacre.rest,AVAILABLE,0,1.54,26.26
nacre.skin,AVAILABLE,0,1.54,12.98
nacre.surf,AVAILABLE,0,1.54,26.26
nadir.lol,UNAVAILABLE,0,1.54,26.26
nadir.space,UNAVAILABLE,1,68.75,273.44
nadir.pics,AVAILABLE,0,1.54,26.26
nadir.quest,AVAILABLE,0,1.54,12.98
nadir.mom,AVAILABLE,0,1.54,26.26
nadir.beauty,AVAILABLE,0,1.54,12.98
nadir.beer,AVAILABLE,0,1.54,26.26
nadir.best,AVAILABLE,0,1.72,15.96
nadir.click,AVAILABLE,1,76.94,109.69
nadir.garden,AVAILABLE,0,1.54,26.26
nadir.hair,AVAILABLE,0,1.54,12.98
nadir.monster,AVAILABLE,0,1.54,12.98
nadir.rest,AVAILABLE,0,1.54,26.26
nadir.skin,AVAILABLE,0,1.54,12.98
nadir.surf,AVAILABLE,0,1.54,26.26
naiad.lol,AVAILABLE,0,1.54,26.26
naiad.space,AVAILABLE,1,27.82,109.69
naiad.pics,AVAILABLE,0,1.54,26.26
naiad.quest,AVAILABLE,0,1.54,12.98
naiad.mom,AVAILABLE,0,1.54,26.26
naiad.beauty,AVAILABLE,0,1.54,12.98
naiad.beer,AVAILABLE,0,1.54,26.26
naiad.best,AVAILABLE,0,1.72,15.96
naiad.click,AVAILABLE,1,76.94,109.69
naiad.garden,AVAILABLE,0,1.54,26.26
naiad.hair,AVAILABLE,0,1.54,12.98
naiad.monster,AVAILABLE,0,1.54,12.98
naiad.rest,AVAILABLE,0,1.54,26.26
naiad.skin,AVAILABLE,0,1.54,12.98
naiad.surf,AVAILABLE,0,1.54,26.26
nap.lol,UNAVAILABLE,0,1.54,26.26
nap.space,PENDING,0,0.00,0.00
nap.pics,UNAVAILABLE,0,1.54,26.26
nap.quest,AVAILABLE,1,710.10,13.74
nap.mom,AVAILABLE,0,1.54,26.26
nap.beauty,AVAILABLE,0,1.54,12.98
nap.beer,UNAVAILABLE,0,1.54,26.26
nap.best,UNAVAILABLE,0,1.72,15.96
nap.click,AVAILABLE,1,382.61,546.35
nap.garden,AVAILABLE,1,437.19,27.82
nap.hair,AVAILABLE,0,1.54,12.98
nap.monster,AVAILABLE,0,1.54,12.98
nap.rest,AVAILABLE,1,688.27,983.02
nap.skin,AVAILABLE,0,1.54,12.98
nap.surf,AVAILABLE,1,437.19,27.82
nave.lol,UNAVAILABLE,0,1.54,26.26
nave.space,AVAILABLE,1,68.75,273.44
nave.pics,UNAVAILABLE,0,1.54,26.26
nave.quest,UNAVAILABLE,0,1.54,12.98
nave.mom,AVAILABLE,0,1.54,26.26
nave.beauty,UNAVAILABLE,0,1.54,12.98
nave.beer,AVAILABLE,0,1.54,26.26
nave.best,AVAILABLE,0,1.72,15.96
nave.click,AVAILABLE,1,76.94,109.69
nave.garden,AVAILABLE,0,1.54,26.26
nave.hair,AVAILABLE,0,1.54,12.98
nave.monster,AVAILABLE,0,1.54,12.98
nave.rest,AVAILABLE,0,1.54,26.26
nave.skin,AVAILABLE,0,1.54,12.98
nave.surf,AVAILABLE,0,1.54,26.26
newt.lol,UNAVAILABLE,0,1.54,26.26
newt.space,AVAILABLE,1,68.75,273.44
newt.pics,UNAVAILABLE,0,1.54,26.26
newt.quest,UNAVAILABLE,0,1.54,12.98
newt.mom,AVAILABLE,0,1.54,26.26
newt.beauty,AVAILABLE,0,1.54,12.98
newt.beer,AVAILABLE,0,1.54,26.26
newt.best,AVAILABLE,0,1.72,15.96
newt.click,AVAILABLE,1,76.94,109.69
newt.garden,UNAVAILABLE,0,1.54,26.26
newt.hair,AVAILABLE,0,1.54,12.98
newt.monster,AVAILABLE,0,1.54,12.98
newt.rest,AVAILABLE,0,1.54,26.26
newt.skin,AVAILABLE,0,1.54,12.98
newt.surf,AVAILABLE,0,1.54,26.26
nexus.lol,UNAVAILABLE,0,1.54,26.26
nexus.space,UNAVAILABLE,1,136.98,546.35
nexus.pics,UNAVAILABLE,0,1.54,26.26
nexus.quest,UNAVAILABLE,0,1.54,12.98
nexus.mom,UNAVAILABLE,0,1.54,26.26
nexus.beauty,UNAVAILABLE,0,1.54,12.98
nexus.beer,UNAVAILABLE,0,1.54,26.26
nexus.best,UNAVAILABLE,0,1.72,15.96
nexus.click,UNAVAILABLE,0,1.54,10.81
nexus.garden,UNAVAILABLE,0,1.54,26.26
nexus.hair,UNAVAILABLE,0,1.54,12.98
nexus.monster,UNAVAILABLE,0,1.54,12.98
nexus.rest,UNAVAILABLE,0,1.54,26.26
nexus.skin,UNAVAILABLE,0,1.54,12.98
nexus.surf,UNAVAILABLE,0,1.54,26.26
nib.lol,UNAVAILABLE,0,1.54,26.26
nib.space,UNAVAILABLE,0,1.96,26.26
nib.pics,UNAVAILABLE,0,1.54,26.26
nib.quest,UNAVAILABLE,0,1.54,12.98
nib.mom,UNAVAILABLE,0,1.54,26.26
nib.beauty,UNAVAILABLE,0,1.54,12.98
nib.beer,UNAVAILABLE,0,1.54,26.26
nib.best,UNAVAILABLE,0,1.72,15.96
nib.click,UNAVAILABLE,0,1.54,10.81
nib.garden,UNAVAILABLE,0,1.54,26.26
nib.hair,UNAVAILABLE,0,1.54,12.98
nib.monster,UNAVAILABLE,0,1.54,12.98
nib.rest,UNAVAILABLE,0,1.54,26.26
nib.skin,UNAVAILABLE,0,1.54,12.98
nib.surf,UNAVAILABLE,0,1.54,26.26
nix.lol,UNAVAILABLE,1,109.69,109.69
nix.space,UNAVAILABLE,1,136.98,546.35
nix.pics,UNAVAILABLE,0,1.54,26.26
nix.quest,UNAVAILABLE,0,1.54,12.98
nix.mom,AVAILABLE,0,1.54,26.26
nix.beauty,UNAVAILABLE,0,1.54,12.98
nix.beer,AVAILABLE,1,437.19,27.82
nix.best,UNAVAILABLE,0,1.72,15.96
nix.click,AVAILABLE,1,76.94,109.69
nix.garden,AVAILABLE,1,437.19,27.82
nix.hair,AVAILABLE,0,1.54,12.98
nix.monster,UNAVAILABLE,0,1.54,12.98
nix.rest,UNAVAILABLE,0,1.54,26.26
nix.skin,UNAVAILABLE,0,1.54,12.98
nix.surf,AVAILABLE,1,437.19,27.82
norn.lol,AVAILABLE,0,1.54,26.26
norn.space,AVAILABLE,1,68.75,273.44
norn.pics,AVAILABLE,0,1.54,26.26
norn.quest,AVAILABLE,0,1.54,12.98
norn.mom,AVAILABLE,0,1.54,26.26
norn.beauty,AVAILABLE,0,1.54,12.98
norn.beer,AVAILABLE,0,1.54,26.26
norn.best,AVAILABLE,0,1.72,15.96
norn.click,AVAILABLE,1,76.94,109.69
norn.garden,AVAILABLE,0,1.54,26.26
norn.hair,AVAILABLE,0,1.54,12.98
norn.monster,AVAILABLE,0,1.54,12.98
norn.rest,AVAILABLE,0,1.54,26.26
norn.skin,AVAILABLE,0,1.54,12.98
norn.surf,AVAILABLE,0,1.54,26.26
nymph.lol,UNAVAILABLE,0,1.54,26.26
nymph.space,AVAILABLE,1,68.75,273.44
nymph.pics,UNAVAILABLE,0,1.54,26.26
nymph.quest,UNAVAILABLE,0,1.54,12.98
nymph.mom,AVAILABLE,0,1.54,26.26
nymph.beauty,AVAILABLE,0,1.54,12.98
nymph.beer,AVAILABLE,0,1.54,26.26
nymph.best,AVAILABLE,0,1.72,15.96
nymph.click,AVAILABLE,1,76.94,109.69
nymph.garden,UNAVAILABLE,0,1.54,26.26
nymph.hair,AVAILABLE,0,1.54,12.98
nymph.monster,AVAILABLE,0,1.54,12.98
nymph.rest,AVAILABLE,0,1.54,26.26
nymph.skin,AVAILABLE,0,1.54,12.98
nymph.surf,AVAILABLE,0,1.54,26.26
oat.lol,AVAILABLE,1,710.10,710.10
oat.space,AVAILABLE,1,68.75,273.44
oat.pics,AVAILABLE,0,1.54,26.26
oat.quest,UNAVAILABLE,0,1.54,12.98
oat.mom,AVAILABLE,0,1.54,26.26
oat.beauty,AVAILABLE,0,1.54,12.98
oat.beer,AVAILABLE,1,44.19,27.82
oat.best,UNAVAILABLE,0,1.72,15.96
oat.click,AVAILABLE,1,382.61,546.35
oat.garden,AVAILABLE,1,44.19,27.82
oat.hair,AVAILABLE,0,1.54,12.98
oat.monster,AVAILABLE,0,1.54,12.98
oat.rest,AVAILABLE,1,138.07,197.02
oat.skin,AVAILABLE,0,1.54,12.98
oat.surf,AVAILABLE,1,44.19,27.82
ode.lol,UNAVAILABLE,0,1.54,26.26
ode.space,AVAILABLE,1,136.98,546.35
ode.pics,AVAILABLE,0,1.54,26.26
ode.quest,UNAVAILABLE,0,1.54,12.98
ode.mom,AVAILABLE,0,1.54,26.26
ode.beauty,AVAILABLE,0,1.54,12.98
ode.beer,PENDING,0,0.00,0.00
ode.best,UNAVAILABLE,0,1.72,15.96
ode.click,AVAILABLE,1,76.94,109.69
ode.garden,PENDING,0,0.00,0.00
ode.hair,AVAILABLE,0,1.54,12.98
ode.monster,AVAILABLE,0,1.54,12.98
ode.rest,AVAILABLE,0,1.54,26.26
ode.skin,AVAILABLE,0,1.54,12.98
ode.surf,PENDING,0,0.00,0.00
offal.lol,AVAILABLE,0,1.54,26.26
offal.space,AVAILABLE,1,27.82,109.69
offal.pics,AVAILABLE,0,1.54,26.26
offal.quest,AVAILABLE,0,1.54,12.98
offal.mom,AVAILABLE,0,1.54,26.26
offal.beauty,AVAILABLE,0,1.54,12.98
offal.beer,AVAILABLE,0,1.54,26.26
offal.best,AVAILABLE,0,1.72,15.96
offal.click,AVAILABLE,1,76.94,109.69
offal.garden,UNAVAILABLE,0,1.54,26.26
offal.hair,AVAILABLE,0,1.54,12.98
offal.monster,AVAILABLE,0,1.54,12.98
offal.rest,AVAILABLE,0,1.54,26.26
offal.skin,AVAILABLE,0,1.54,12.98
offal.surf,AVAILABLE,0,1.54,26.26
orris.lol,AVAILABLE,0,1.54,26.26
orris.space,AVAILABLE,1,68.75,273.44
orris.pics,AVAILABLE,0,1.54,26.26
orris.quest,AVAILABLE,0,1.54,12.98
orris.mom,AVAILABLE,0,1.54,26.26
orris.beauty,UNAVAILABLE,0,1.54,12.98
orris.beer,AVAILABLE,0,1.54,26.26
orris.best,AVAILABLE,0,1.72,15.96
orris.click,AVAILABLE,1,76.94,109.69
orris.garden,AVAILABLE,0,1.54,26.26
orris.hair,AVAILABLE,0,1.54,12.98
orris.monster,AVAILABLE,0,1.54,12.98
orris.rest,AVAILABLE,0,1.54,26.26
orris.skin,AVAILABLE,0,1.54,12.98
orris.surf,AVAILABLE,0,1.54,26.26
osage.lol,UNAVAILABLE,0,1.54,26.26
osage.space,AVAILABLE,1,27.82,109.69
osage.pics,AVAILABLE,0,1.54,26.26
osage.quest,AVAILABLE,0,1.54,12.98
osage.mom,AVAILABLE,0,1.54,26.26
osage.beauty,AVAILABLE,0,1.54,12.98
osage.beer,AVAILABLE,0,1.54,26.26
osage.best,AVAILABLE,0,1.72,15.96
osage.click,AVAILABLE,1,76.94,109.69
osage.garden,AVAILABLE,0,1.54,26.26
osage.hair,AVAILABLE,0,1.54,12.98
osage.monster,AVAILABLE,0,1.54,12.98
osage.rest,AVAILABLE,0,1.54,26.26
osage.skin,AVAILABLE,0,1.54,12.98
osage.surf,AVAILABLE,0,1.54,26.26
osier.lol,AVAILABLE,0,1.54,26.26
osier.space,AVAILABLE,1,68.75,273.44
osier.pics,AVAILABLE,0,1.54,26.26
osier.quest,AVAILABLE,0,1.54,12.98
osier.mom,AVAILABLE,0,1.54,26.26
osier.beauty,AVAILABLE,0,1.54,12.98
osier.beer,AVAILABLE,0,1.54,26.26
osier.best,AVAILABLE,0,1.72,15.96
osier.click,AVAILABLE,1,76.94,109.69
osier.garden,AVAILABLE,0,1.54,26.26
osier.hair,AVAILABLE,0,1.54,12.98
osier.monster,AVAILABLE,0,1.54,12.98
osier.rest,AVAILABLE,0,1.54,26.26
osier.skin,AVAILABLE,0,1.54,12.98
osier.surf,AVAILABLE,0,1.54,26.26
ouzel.lol,AVAILABLE,0,1.54,26.26
ouzel.space,AVAILABLE,0,1.96,26.26
ouzel.pics,AVAILABLE,0,1.54,26.26
ouzel.quest,AVAILABLE,0,1.54,12.98
ouzel.mom,AVAILABLE,0,1.54,26.26
ouzel.beauty,AVAILABLE,0,1.54,12.98
ouzel.beer,AVAILABLE,0,1.54,26.26
ouzel.best,AVAILABLE,0,1.72,15.96
ouzel.click,AVAILABLE,1,76.94,109.69
ouzel.garden,AVAILABLE,0,1.54,26.26
ouzel.hair,AVAILABLE,0,1.54,12.98
ouzel.monster,AVAILABLE,0,1.54,12.98
ouzel.rest,AVAILABLE,0,1.54,26.26
ouzel.skin,AVAILABLE,0,1.54,12.98
ouzel.surf,AVAILABLE,0,1.54,26.26
oxbow.lol,AVAILABLE,0,1.54,26.26
oxbow.space,AVAILABLE,1,27.82,109.69
oxbow.pics,AVAILABLE,0,1.54,26.26
oxbow.quest,AVAILABLE,0,1.54,12.98
oxbow.mom,AVAILABLE,0,1.54,26.26
oxbow.beauty,AVAILABLE,0,1.54,12.98
oxbow.beer,AVAILABLE,1,44.19,27.82
oxbow.best,AVAILABLE,0,1.72,15.96
oxbow.click,AVAILABLE,1,382.61,546.35
oxbow.garden,AVAILABLE,0,1.54,26.26
oxbow.hair,AVAILABLE,0,1.54,12.98
oxbow.monster,AVAILABLE,0,1.54,12.98
oxbow.rest,AVAILABLE,0,1.54,26.26
oxbow.skin,AVAILABLE,0,1.54,12.98
oxbow.surf,AVAILABLE,0,1.54,26.26
oxlip.lol,AVAILABLE,0,1.54,26.26
oxlip.space,PENDING,0,0.00,0.00
oxlip.pics,AVAILABLE,0,1.54,26.26
oxlip.quest,AVAILABLE,0,1.54,12.98
oxlip.mom,AVAILABLE,0,1.54,26.26
oxlip.beauty,AVAILABLE,0,1.54,12.98
oxlip.beer,AVAILABLE,0,1.54,26.26
oxlip.best,AVAILABLE,0,1.72,15.96
oxlip.click,AVAILABLE,1,76.94,109.69
oxlip.garden,AVAILABLE,0,1.54,26.26
oxlip.hair,AVAILABLE,0,1.54,12.98
oxlip.monster,AVAILABLE,0,1.54,12.98
oxlip.rest,AVAILABLE,0,1.54,26.26
oxlip.skin,AVAILABLE,0,1.54,12.98
oxlip.surf,AVAILABLE,0,1.54,26.26
palea.lol,AVAILABLE,0,1.54,26.26
palea.space,PENDING,0,0.00,0.00
palea.pics,AVAILABLE,0,1.54,26.26
palea.quest,AVAILABLE,0,1.54,12.98
palea.mom,AVAILABLE,0,1.54,26.26
palea.beauty,AVAILABLE,0,1.54,12.98
palea.beer,AVAILABLE,0,1.54,26.26
palea.best,AVAILABLE,0,1.72,15.96
palea.click,AVAILABLE,1,76.94,109.69
palea.garden,AVAILABLE,0,1.54,26.26
palea.hair,AVAILABLE,0,1.54,12.98
palea.monster,AVAILABLE,0,1.54,12.98
palea.rest,AVAILABLE,0,1.54,26.26
palea.skin,AVAILABLE,0,1.54,12.98
palea.surf,AVAILABLE,0,1.54,26.26
patina.lol,AVAILABLE,0,1.54,26.26
patina.space,UNAVAILABLE,0,1.96,26.26
patina.pics,AVAILABLE,0,1.54,26.26
patina.quest,AVAILABLE,0,1.54,12.98
patina.mom,AVAILABLE,0,1.54,26.26
patina.beauty,AVAILABLE,0,1.54,12.98
patina.beer,AVAILABLE,0,1.54,26.26
patina.best,AVAILABLE,0,1.72,15.96
patina.click,AVAILABLE,1,76.94,109.69
patina.garden,AVAILABLE,0,1.54,26.26
patina.hair,AVAILABLE,0,1.54,12.98
patina.monster,AVAILABLE,0,1.54,12.98
patina.rest,AVAILABLE,0,1.54,26.26
patina.skin,UNAVAILABLE,0,1.54,12.98
patina.surf,AVAILABLE,0,1.54,26.26
peal.lol,UNAVAILABLE,0,1.54,26.26
peal.space,UNAVAILABLE,0,1.96,26.26
peal.pics,AVAILABLE,0,1.54,26.26
peal.quest,AVAILABLE,0,1.54,12.98
peal.mom,AVAILABLE,0,1.54,26.26
peal.beauty,AVAILABLE,0,1.54,12.98
peal.beer,AVAILABLE,0,1.54,26.26
peal.best,AVAILABLE,0,1.72,15.96
peal.click,AVAILABLE,1,76.94,109.69
peal.garden,AVAILABLE,0,1.54,26.26
peal.hair,AVAILABLE,0,1.54,12.98
peal.monster,AVAILABLE,0,1.54,12.98
peal.rest,AVAILABLE,0,1.54,26.26
peal.skin,AVAILABLE,0,1.54,12.98
peal.surf,AVAILABLE,0,1.54,26.26
peat.lol,AVAILABLE,0,1.54,26.26
peat.space,AVAILABLE,1,68.75,273.44
peat.pics,AVAILABLE,0,1.54,26.26
peat.quest,AVAILABLE,0,1.54,12.98
peat.mom,AVAILABLE,0,1.54,26.26
peat.beauty,AVAILABLE,0,1.54,12.98
peat.beer,AVAILABLE,0,1.54,26.26
peat.best,AVAILABLE,0,1.72,15.96
peat.click,AVAILABLE,1,76.94,109.69
peat.garden,AVAILABLE,0,1.54,26.26
peat.hair,AVAILABLE,0,1.54,12.98
peat.monster,AVAILABLE,0,1.54,12.98
peat.rest,AVAILABLE,0,1.54,26.26
peat.skin,AVAILABLE,0,1.54,12.98
peat.surf,AVAILABLE,0,1.54,26.26
pelt.lol,AVAILABLE,0,1.54,26.26
pelt.space,AVAILABLE,1,68.75,273.44
pelt.pics,AVAILABLE,0,1.54,26.26
pelt.quest,AVAILABLE,0,1.54,12.98
pelt.mom,AVAILABLE,0,1.54,26.26
pelt.beauty,AVAILABLE,0,1.54,12.98
pelt.beer,AVAILABLE,0,1.54,26.26
pelt.best,AVAILABLE,0,1.72,15.96
pelt.click,AVAILABLE,1,76.94,109.69
pelt.garden,AVAILABLE,0,1.54,26.26
pelt.hair,AVAILABLE,0,1.54,12.98
pelt.monster,AVAILABLE,0,1.54,12.98
pelt.rest,AVAILABLE,0,1.54,26.26
pelt.skin,AVAILABLE,0,1.54,12.98
pelt.surf,AVAILABLE,0,1.54,26.26
peony.lol,AVAILABLE,0,1.54,26.26
peony.space,UNAVAILABLE,0,1.96,26.26
peony.pics,UNAVAILABLE,0,1.54,26.26
peony.quest,AVAILABLE,0,1.54,12.98
peony.mom,AVAILABLE,0,1.54,26.26
peony.beauty,UNAVAILABLE,0,1.54,12.98
peony.beer,AVAILABLE,0,1.54,26.26
peony.best,UNAVAILABLE,0,1.72,15.96
peony.click,UNAVAILABLE,0,1.54,10.81
peony.garden,UNAVAILABLE,0,1.54,26.26
peony.hair,AVAILABLE,0,1.54,12.98
peony.monster,AVAILABLE,0,1.54,12.98
peony.rest,AVAILABLE,0,1.54,26.26
peony.skin,AVAILABLE,0,1.54,12.98
peony.surf,AVAILABLE,0,1.54,26.26
perch.lol,UNAVAILABLE,0,1.54,26.26
perch.space,AVAILABLE,1,273.44,1092.18
perch.pics,AVAILABLE,0,1.54,26.26
perch.quest,UNAVAILABLE,0,1.54,12.98
perch.mom,AVAILABLE,0,1.54,26.26
perch.beauty,AVAILABLE,0,1.54,12.98
perch.beer,UNAVAILABLE,0,1.54,26.26
perch.best,AVAILABLE,0,1.72,15.96
perch.click,AVAILABLE,1,76.94,109.69
perch.garden,AVAILABLE,0,1.54,26.26
perch.hair,AVAILABLE,0,1.54,12.98
perch.monster,UNAVAILABLE,0,1.54,12.98
perch.rest,AVAILABLE,0,1.54,26.26
perch.skin,AVAILABLE,0,1.54,12.98
perch.surf,AVAILABLE,0,1.54,26.26
pestle.lol,AVAILABLE,0,1.54,26.26
pestle.space,PENDING,0,0.00,0.00
pestle.pics,AVAILABLE,0,1.54,26.26
pestle.quest,AVAILABLE,0,1.54,12.98
pestle.mom,AVAILABLE,0,1.54,26.26
pestle.beauty,AVAILABLE,0,1.54,12.98
pestle.beer,PENDING,0,0.00,0.00
pestle.best,AVAILABLE,0,1.72,15.96
pestle.click,AVAILABLE,0,1.54,10.81
pestle.garden,PENDING,0,0.00,0.00
pestle.hair,AVAILABLE,0,1.54,12.98
pestle.monster,AVAILABLE,0,1.54,12.98
pestle.rest,AVAILABLE,0,1.54,26.26
pestle.skin,AVAILABLE,0,1.54,12.98
pestle.surf,PENDING,0,0.00,0.00
pewit.lol,AVAILABLE,0,1.54,26.26
pewit.space,AVAILABLE,0,1.96,26.26
pewit.pics,AVAILABLE,0,1.54,26.26
pewit.quest,AVAILABLE,0,1.54,12.98
pewit.mom,AVAILABLE,0,1.54,26.26
pewit.beauty,AVAILABLE,0,1.54,12.98
pewit.beer,AVAILABLE,0,1.54,26.26
pewit.best,AVAILABLE,0,1.72,15.96
pewit.click,AVAILABLE,1,76.94,109.69
pewit.garden,AVAILABLE,0,1.54,26.26
pewit.hair,AVAILABLE,0,1.54,12.98
pewit.monster,AVAILABLE,0,1.54,12.98
pewit.rest,AVAILABLE,0,1.54,26.26
pewit.skin,AVAILABLE,0,1.54,12.98
pewit.surf,AVAILABLE,0,1.54,26.26
phlox.lol,AVAILABLE,0,1.54,26.26
phlox.space,UNAVAILABLE,0,1.96,26.26
phlox.pics,AVAILABLE,0,1.54,26.26
phlox.quest,AVAILABLE,0,1.54,12.98
phlox.mom,AVAILABLE,0,1.54,26.26
phlox.beauty,AVAILABLE,0,1.54,12.98
phlox.beer,AVAILABLE,0,1.54,26.26
phlox.best,AVAILABLE,0,1.72,15.96
phlox.click,AVAILABLE,1,76.94,109.69
phlox.garden,AVAILABLE,0,1.54,26.26
phlox.hair,AVAILABLE,0,1.54,12.98
phlox.monster,AVAILABLE,0,1.54,12.98
phlox.rest,AVAILABLE,0,1.54,26.26
phlox.skin,AVAILABLE,0,1.54,12.98
phlox.surf,AVAILABLE,0,1.54,26.26
pika.lol,UNAVAILABLE,0,1.54,26.26
pika.space,UNAVAILABLE,1,68.75,273.44
pika.pics,UNAVAILABLE,0,1.54,26.26
pika.quest,AVAILABLE,1,710.10,13.74
pika.mom,AVAILABLE,1,710.10,710.10
pika.beauty,AVAILABLE,0,1.54,12.98
pika.beer,UNAVAILABLE,0,1.54,26.26
pika.best,UNAVAILABLE,0,1.72,15.96
pika.click,AVAILABLE,1,76.94,109.69
pika.garden,AVAILABLE,0,1.54,26.26
pika.hair,AVAILABLE,0,1.54,12.98
pika.monster,AVAILABLE,1,546.35,13.74
pika.rest,AVAILABLE,0,1.54,26.26
pika.skin,AVAILABLE,0,1.54,12.98
pika.surf,UNAVAILABLE,0,1.54,26.26
pike.lol,UNAVAILABLE,0,1.54,26.26
pike.space,AVAILABLE,1,136.98,546.35
pike.pics,AVAILABLE,0,1.54,26.26
pike.quest,UNAVAILABLE,0,1.54,12.98
pike.mom,AVAILABLE,0,1.54,26.26
pike.beauty,AVAILABLE,0,1.54,12.98
pike.beer,AVAILABLE,0,1.54,26.26
pike.best,UNAVAILABLE,0,1.72,15.96
pike.click,AVAILABLE,1,76.94,109.69
pike.garden,AVAILABLE,0,1.54,26.26
pike.hair,AVAILABLE,0,1.54,12.98
pike.monster,AVAILABLE,0,1.54,12.98
pike.rest,AVAILABLE,0,1.54,26.26
pike.skin,AVAILABLE,0,1.54,12.98
pike.surf,AVAILABLE,0,1.54,26.26
pipit.lol,AVAILABLE,0,1.54,26.26
pipit.space,AVAILABLE,1,68.75,273.44
pipit.pics,AVAILABLE,0,1.54,26.26
pipit.quest,AVAILABLE,0,1.54,12.98
pipit.mom,AVAILABLE,0,1.54,26.26
pipit.beauty,AVAILABLE,0,1.54,12.98
pipit.beer,AVAILABLE,0,1.54,26.26
pipit.best,AVAILABLE,0,1.72,15.96
pipit.click,AVAILABLE,1,76.94,109.69
pipit.garden,AVAILABLE,0,1.54,26.26
pipit.hair,AVAILABLE,0,1.54,12.98
pipit.monster,AVAILABLE,0,1.54,12.98
pipit.rest,AVAILABLE,0,1.54,26.26
pipit.skin,AVAILABLE,0,1.54,12.98
pipit.surf,AVAILABLE,0,1.54,26.26
pith.lol,AVAILABLE,0,1.54,26.26
pith.space,UNAVAILABLE,0,1.96,26.26
pith.pics,AVAILABLE,0,1.54,26.26
pith.quest,AVAILABLE,0,1.54,12.98
pith.mom,AVAILABLE,0,1.54,26.26
pith.beauty,AVAILABLE,0,1.54,12.98
pith.beer,AVAILABLE,0,1.54,26.26
pith.best,AVAILABLE,0,1.72,15.96
pith.click,AVAILABLE,1,76.94,109.69
pith.garden,AVAILABLE,0,1.54,26.26
pith.hair,AVAILABLE,0,1.54,12.98
pith.monster,AVAILABLE,0,1.54,12.98
pith.rest,AVAILABLE,0,1.54,26.26
pith.skin,AVAILABLE,0,1.54,12.98
pith.surf,AVAILABLE,0,1.54,26.26
pithy.lol,AVAILABLE,0,1.54,26.26
pithy.space,AVAILABLE,1,27.82,109.69
pithy.pics,AVAILABLE,0,1.54,26.26
pithy.quest,AVAILABLE,0,1.54,12.98
pithy.mom,AVAILABLE,0,1.54,26.26
pithy.beauty,AVAILABLE,0,1.54,12.98
pithy.beer,AVAILABLE,0,1.54,26.26
pithy.best,AVAILABLE,0,1.72,15.96
pithy.click,AVAILABLE,1,76.94,109.69
pithy.garden,AVAILABLE,0,1.54,26.26
pithy.hair,AVAILABLE,0,1.54,12.98
pithy.monster,AVAILABLE,0,1.54,12.98
pithy.rest,AVAILABLE,0,1.54,26.26
pithy.skin,AVAILABLE,0,1.54,12.98
pithy.surf,AVAILABLE,0,1.54,26.26
pixie.lol,UNAVAILABLE,0,1.54,26.26
pixie.space,UNAVAILABLE,1,136.98,546.35
pixie.pics,UNAVAILABLE,0,1.54,26.26
pixie.quest,UNAVAILABLE,0,1.54,12.98
pixie.mom,AVAILABLE,0,1.54,26.26
pixie.beauty,AVAILABLE,0,1.54,12.98
pixie.beer,AVAILABLE,1,44.19,27.82
pixie.best,AVAILABLE,0,1.72,15.96
pixie.click,UNAVAILABLE,0,1.54,10.81
pixie.garden,UNAVAILABLE,0,1.54,26.26
pixie.hair,UNAVAILABLE,0,1.54,12.98
pixie.monster,AVAILABLE,0,1.54,12.98
pixie.rest,AVAILABLE,0,1.54,26.26
pixie.skin,AVAILABLE,0,1.54,12.98
pixie.surf,AVAILABLE,0,1.54,26.26
plait.lol,AVAILABLE,0,1.54,26.26
plait.space,AVAILABLE,1,27.82,109.69
plait.pics,AVAILABLE,0,1.54,26.26
plait.quest,AVAILABLE,0,1.54,12.98
plait.mom,AVAILABLE,0,1.54,26.26
plait.beauty,AVAILABLE,0,1.54,12.98
plait.beer,AVAILABLE,0,1.54,26.26
plait.best,AVAILABLE,0,1.72,15.96
plait.click,AVAILABLE,1,76.94,109.69
plait.garden,AVAILABLE,0,1.54,26.26
plait.hair,AVAILABLE,0,1.54,12.98
plait.monster,AVAILABLE,0,1.54,12.98
plait.rest,AVAILABLE,0,1.54,26.26
plait.skin,AVAILABLE,0,1.54,12.98
plait.surf,AVAILABLE,0,1.54,26.26
platy.lol,UNAVAILABLE,0,1.54,26.26
platy.space,AVAILABLE,1,68.75,273.44
platy.pics,AVAILABLE,0,1.54,26.26
platy.quest,UNAVAILABLE,0,1.54,12.98
platy.mom,AVAILABLE,0,1.54,26.26
platy.beauty,AVAILABLE,0,1.54,12.98
platy.beer,AVAILABLE,0,1.54,26.26
platy.best,AVAILABLE,0,1.72,15.96
platy.click,AVAILABLE,1,76.94,109.69
platy.garden,AVAILABLE,0,1.54,26.26
platy.hair,AVAILABLE,0,1.54,12.98
platy.monster,UNAVAILABLE,0,1.54,12.98
platy.rest,AVAILABLE,0,1.54,26.26
platy.skin,AVAILABLE,0,1.54,12.98
platy.surf,AVAILABLE,0,1.54,26.26
plinth.lol,AVAILABLE,0,1.54,26.26
plinth.space,UNAVAILABLE,0,1.96,26.26
plinth.pics,AVAILABLE,0,1.54,26.26
plinth.quest,AVAILABLE,0,1.54,12.98
plinth.mom,AVAILABLE,0,1.54,26.26
plinth.beauty,AVAILABLE,0,1.54,12.98
plinth.beer,AVAILABLE,0,1.54,26.26
plinth.best,AVAILABLE,0,1.72,15.96
plinth.click,AVAILABLE,0,1.54,10.81
plinth.garden,AVAILABLE,0,1.54,26.26
plinth.hair,AVAILABLE,0,1.54,12.98
plinth.monster,AVAILABLE,0,1.54,12.98
plinth.rest,AVAILABLE,0,1.54,26.26
plinth.skin,AVAILABLE,0,1.54,12.98
plinth.surf,AVAILABLE,0,1.54,26.26
plume.lol,UNAVAILABLE,0,1.54,26.26
plume.space,UNAVAILABLE,1,68.75,273.44
plume.pics,AVAILABLE,0,1.54,26.26
plume.quest,AVAILABLE,0,1.54,12.98
plume.mom,AVAILABLE,0,1.54,26.26
plume.beauty,UNAVAILABLE,0,1.54,12.98
plume.beer,AVAILABLE,0,1.54,26.26
plume.best,AVAILABLE,0,1.72,15.96
plume.click,AVAILABLE,1,76.94,109.69
plume.garden,PENDING,0,0.00,0.00
plume.hair,AVAILABLE,0,1.54,12.98
plume.monster,AVAILABLE,0,1.54,12.98
plume.rest,AVAILABLE,0,1.54,26.26
plume.skin,AVAILABLE,0,1.54,12.98
plume.surf,PENDING,0,0.00,0.00
poach.lol,AVAILABLE,0,1.54,26.26
poach.space,AVAILABLE,1,68.75,273.44
poach.pics,AVAILABLE,0,1.54,26.26
poach.quest,AVAILABLE,0,1.54,12.98
poach.mom,AVAILABLE,0,1.54,26.26
poach.beauty,AVAILABLE,0,1.54,12.98
poach.beer,AVAILABLE,0,1.54,26.26
poach.best,AVAILABLE,0,1.72,15.96
poach.click,AVAILABLE,1,76.94,109.69
poach.garden,AVAILABLE,0,1.54,26.26
poach.hair,AVAILABLE,0,1.54,12.98
poach.monster,AVAILABLE,0,1.54,12.98
poach.rest,AVAILABLE,0,1.54,26.26
poach.skin,AVAILABLE,0,1.54,12.98
poach.surf,AVAILABLE,0,1.54,26.26
prose.lol,UNAVAILABLE,0,1.54,26.26
prose.space,AVAILABLE,1,136.98,546.35
prose.pics,AVAILABLE,0,1.54,26.26
prose.quest,AVAILABLE,0,1.54,12.98
prose.mom,AVAILABLE,0,1.54,26.26
prose.beauty,UNAVAILABLE,0,1.54,12.98
prose.beer,AVAILABLE,0,1.54,26.26
prose.best,AVAILABLE,0,1.72,15.96
prose.click,AVAILABLE,1,76.94,109.69
prose.garden,UNAVAILABLE,1,87.86,27.82
prose.hair,UNAVAILABLE,0,1.54,12.98
prose.monster,UNAVAILABLE,0,1.54,12.98
prose.rest,UNAVAILABLE,0,1.54,26.26
prose.skin,UNAVAILABLE,0,1.54,12.98
prose.surf,AVAILABLE,0,1.54,26.26
prune.lol,UNAVAILABLE,0,1.54,26.26
prune.space,AVAILABLE,1,136.98,546.35
prune.pics,AVAILABLE,0,1.54,26.26
prune.quest,UNAVAILABLE,0,1.54,12.98
prune.mom,AVAILABLE,0,1.54,26.26
prune.beauty,AVAILABLE,0,1.54,12.98
prune.beer,AVAILABLE,0,1.54,26.26
prune.best,AVAILABLE,0,1.72,15.96
prune.click,AVAILABLE,1,76.94,109.69
prune.garden,AVAILABLE,1,87.86,27.82
prune.hair,AVAILABLE,0,1.54,12.98
prune.monster,AVAILABLE,0,1.54,12.98
prune.rest,UNAVAILABLE,0,1.54,26.26
prune.skin,AVAILABLE,0,1.54,12.98
prune.surf,AVAILABLE,0,1.54,26.26
psalm.lol,AVAILABLE,0,1.54,26.26
psalm.space,UNAVAILABLE,0,1.96,26.26
psalm.pics,UNAVAILABLE,0,1.54,26.26
psalm.quest,AVAILABLE,0,1.54,12.98
psalm.mom,AVAILABLE,0,1.54,26.26
psalm.beauty,AVAILABLE,0,1.54,12.98
psalm.beer,AVAILABLE,0,1.54,26.26
psalm.best,AVAILABLE,0,1.72,15.96
psalm.click,AVAILABLE,1,76.94,109.69
psalm.garden,AVAILABLE,0,1.54,26.26
psalm.hair,AVAILABLE,0,1.54,12.98
psalm.monster,AVAILABLE,0,1.54,12.98
psalm.rest,AVAILABLE,0,1.54,26.26
psalm.skin,AVAILABLE,0,1.54,12.98
psalm.surf,AVAILABLE,0,1.54,26.26
pulp.lol,UNAVAILABLE,0,1.54,26.26
pulp.space,AVAILABLE,1,682.81,2729.67
pulp.pics,AVAILABLE,0,1.54,26.26
pulp.quest,AVAILABLE,0,1.54,12.98
pulp.mom,AVAILABLE,0,1.54,26.26
pulp.beauty,UNAVAILABLE,0,1.54,12.98
pulp.beer,AVAILABLE,0,1.54,26.26
pulp.best,AVAILABLE,0,1.72,15.96
pulp.click,AVAILABLE,1,76.94,109.69
pulp.garden,UNAVAILABLE,0,1.54,26.26
pulp.hair,AVAILABLE,0,1.54,12.98
pulp.monster,AVAILABLE,0,1.54,12.98
pulp.rest,AVAILABLE,0,1.54,26.26
pulp.skin,AVAILABLE,0,1.54,12.98
pulp.surf,AVAILABLE,0,1.54,26.26
pumice.lol,AVAILABLE,0,1.54,26.26
pumice.space,AVAILABLE,1,27.82,109.69
pumice.pics,AVAILABLE,0,1.54,26.26
pumice.quest,AVAILABLE,0,1.54,12.98
pumice.mom,AVAILABLE,0,1.54,26.26
pumice.beauty,AVAILABLE,0,1.54,12.98
pumice.beer,AVAILABLE,0,1.54,26.26
pumice.best,AVAILABLE,0,1.72,15.96
pumice.click,AVAILABLE,0,1.54,10.81
pumice.garden,AVAILABLE,0,1.54,26.26
pumice.hair,AVAILABLE,0,1.54,12.98
pumice.monster,AVAILABLE,0,1.54,12.98
pumice.rest,AVAILABLE,0,1.54,26.26
pumice.skin,AVAILABLE,0,1.54,12.98
pumice.surf,AVAILABLE,0,1.54,26.26
pupa.lol,UNAVAILABLE,0,1.54,26.26
pupa.space,AVAILABLE,1,136.98,546.35
pupa.pics,AVAILABLE,0,1.54,26.26
pupa.quest,UNAVAILABLE,0,1.54,12.98
pupa.mom,AVAILABLE,0,1.54,26.26
pupa.beauty,AVAILABLE,1,710.10,13.74
pupa.beer,AVAILABLE,0,1.54,26.26
pupa.best,AVAILABLE,0,1.72,15.96
pupa.click,AVAILABLE,1,382.61,546.35
pupa.garden,AVAILABLE,0,1.54,26.26
pupa.hair,AVAILABLE,1,710.10,13.74
pupa.monster,UNAVAILABLE,0,1.54,12.98
pupa.rest,AVAILABLE,0,1.54,26.26
pupa.skin,AVAILABLE,1,710.10,13.74
pupa.surf,AVAILABLE,0,1.54,26.26
pyre.lol,UNAVAILABLE,0,1.54,26.26
pyre.space,AVAILABLE,1,27.82,109.69
pyre.pics,AVAILABLE,0,1.54,26.26
pyre.quest,UNAVAILABLE,0,1.54,12.98
pyre.mom,AVAILABLE,0,1.54,26.26
pyre.beauty,AVAILABLE,0,1.54,12.98
pyre.beer,AVAILABLE,0,1.54,26.26
pyre.best,AVAILABLE,0,1.72,15.96
pyre.click,AVAILABLE,1,76.94,109.69
pyre.garden,AVAILABLE,0,1.54,26.26
pyre.hair,AVAILABLE,0,1.54,12.98
pyre.monster,AVAILABLE,0,1.54,12.98
pyre.rest,AVAILABLE,0,1.54,26.26
pyre.skin,AVAILABLE,0,1.54,12.98
pyre.surf,AVAILABLE,0,1.54,26.26
quaff.lol,AVAILABLE,0,1.54,26.26
quaff.space,AVAILABLE,1,27.82,109.69
quaff.pics,AVAILABLE,0,1.54,26.26
quaff.quest,AVAILABLE,0,1.54,12.98
quaff.mom,AVAILABLE,0,1.54,26.26
quaff.beauty,AVAILABLE,0,1.54,12.98
quaff.beer,PENDING,0,0.00,0.00
quaff.best,AVAILABLE,0,1.72,15.96
quaff.click,AVAILABLE,1,76.94,109.69
quaff.garden,PENDING,0,0.00,0.00
quaff.hair,AVAILABLE,0,1.54,12.98
quaff.monster,AVAILABLE,0,1.54,12.98
quaff.rest,AVAILABLE,0,1.54,26.26
quaff.skin,AVAILABLE,0,1.54,12.98
quaff.surf,PENDING,0,0.00,0.00
quill.lol,AVAILABLE,1,2183.84,2183.84
quill.space,AVAILABLE,1,136.98,546.35
quill.pics,AVAILABLE,1,2183.84,2183.84
quill.quest,AVAILABLE,1,2183.84,2183.84
quill.mom,AVAILABLE,1,2183.84,2183.84
quill.beauty,AVAILABLE,1,2183.84,2183.84
quill.beer,AVAILABLE,0,1.54,26.26
quill.best,AVAILABLE,0,1.72,15.96
quill.click,AVAILABLE,1,76.94,109.69
quill.garden,AVAILABLE,0,1.54,26.26
quill.hair,AVAILABLE,1,2183.84,2183.84
quill.monster,AVAILABLE,0,1.54,12.98
quill.rest,AVAILABLE,0,1.54,26.26
quill.skin,AVAILABLE,1,2183.84,2183.84
quill.surf,AVAILABLE,0,1.54,26.26
ram.lol,UNAVAILABLE,0,1.54,26.26
ram.space,UNAVAILABLE,1,682.81,2729.67
ram.pics,UNAVAILABLE,0,1.54,26.26
ram.quest,UNAVAILABLE,0,1.54,12.98
ram.mom,UNAVAILABLE,0,1.54,26.26
ram.beauty,UNAVAILABLE,0,1.54,12.98
ram.beer,UNAVAILABLE,1,44.19,44.19
ram.best,AVAILABLE,1,76.94,76.94
ram.click,AVAILABLE,1,382.61,546.35
ram.garden,AVAILABLE,1,44.19,27.82
ram.hair,UNAVAILABLE,0,1.54,12.98
ram.monster,UNAVAILABLE,0,1.54,12.98
ram.rest,AVAILABLE,1,69.30,98.77
ram.skin,UNAVAILABLE,0,1.54,12.98
ram.surf,AVAILABLE,1,44.19,27.82
ramps.lol,AVAILABLE,0,1.54,26.26
ramps.space,AVAILABLE,1,68.75,273.44
ramps.pics,AVAILABLE,0,1.54,26.26
ramps.quest,AVAILABLE,0,1.54,12.98
ramps.mom,AVAILABLE,0,1.54,26.26
ramps.beauty,AVAILABLE,0,1.54,12.98
ramps.beer,AVAILABLE,0,1.54,26.26
ramps.best,AVAILABLE,0,1.72,15.96
ramps.click,AVAILABLE,1,76.94,109.69
ramps.garden,AVAILABLE,0,1.54,26.26
ramps.hair,AVAILABLE,0,1.54,12.98
ramps.monster,AVAILABLE,0,1.54,12.98
ramps.rest,AVAILABLE,0,1.54,26.26
ramps.skin,AVAILABLE,0,1.54,12.98
ramps.surf,AVAILABLE,0,1.54,26.26
rasp.lol,AVAILABLE,0,1.54,26.26
rasp.space,AVAILABLE,1,68.75,273.44
rasp.pics,AVAILABLE,0,1.54,26.26
rasp.quest,AVAILABLE,0,1.54,12.98
rasp.mom,AVAILABLE,0,1.54,26.26
rasp.beauty,AVAILABLE,0,1.54,12.98
rasp.beer,AVAILABLE,0,1.54,26.26
rasp.best,AVAILABLE,0,1.72,15.96
rasp.click,AVAILABLE,1,76.94,109.69
rasp.garden,AVAILABLE,0,1.54,26.26
rasp.hair,AVAILABLE,0,1.54,12.98
rasp.monster,AVAILABLE,0,1.54,12.98
rasp.rest,AVAILABLE,0,1.54,26.26
rasp.skin,AVAILABLE,0,1.54,12.98
rasp.surf,AVAILABLE,0,1.54,26.26
rattan.lol,AVAILABLE,0,1.54,26.26
rattan.space,AVAILABLE,1,68.75,273.44
rattan.pics,AVAILABLE,0,1.54,26.26
rattan.quest,AVAILABLE,0,1.54,12.98
rattan.mom,AVAILABLE,0,1.54,26.26
rattan.beauty,AVAILABLE,0,1.54,12.98
rattan.beer,AVAILABLE,0,1.54,26.26
rattan.best,AVAILABLE,0,1.72,15.96
rattan.click,AVAILABLE,0,1.54,10.81
rattan.garden,AVAILABLE,0,1.54,26.26
rattan.hair,AVAILABLE,0,1.54,12.98
rattan.monster,AVAILABLE,0,1.54,12.98
rattan.rest,AVAILABLE,0,1.54,26.26
rattan.skin,AVAILABLE,0,1.54,12.98
rattan.surf,AVAILABLE,0,1.54,26.26
reed.lol,UNAVAILABLE,0,1.54,26.26
reed.space,AVAILABLE,1,682.81,2729.67
reed.pics,AVAILABLE,1,710.10,710.10
reed.quest,AVAILABLE,1,710.10,13.74
reed.mom,AVAILABLE,1,710.10,710.10
reed.beauty,AVAILABLE,1,710.10,710.10
reed.beer,UNAVAILABLE,1,87.86,87.86
reed.best,UNAVAILABLE,0,1.72,15.96
reed.click,UNAVAILABLE,0,1.54,10.81
reed.garden,AVAILABLE,1,44.19,27.82
reed.hair,AVAILABLE,1,710.10,710.10
reed.monster,UNAVAILABLE,0,1.54,12.98
reed.rest,AVAILABLE,0,1.54,26.26
reed.skin,AVAILABLE,1,710.10,710.10
reed.surf,AVAILABLE,1,87.86,27.82
render.lol,UNAVAILABLE,0,1.54,26.26
render.space,UNAVAILABLE,1,273.44,1092.18
render.pics,UNAVAILABLE,0,1.54,26.26
render.quest,UNAVAILABLE,0,1.54,12.98
render.mom,AVAILABLE,0,1.54,26.26
render.beauty,UNAVAILABLE,0,1.54,12.98
render.beer,UNAVAILABLE,0,1.54,26.26
render.best,UNAVAILABLE,0,1.72,15.96
render.click,UNAVAILABLE,0,1.54,10.81
render.garden,UNAVAILABLE,0,1.54,26.26
render.hair,AVAILABLE,0,1.54,12.98
render.monster,AVAILABLE,0,1.54,12.98
render.rest,UNAVAILABLE,0,1.54,26.26
render.skin,AVAILABLE,0,1.54,12.98
render.surf,UNAVAILABLE,0,1.54,26.26
rennet.lol,AVAILABLE,0,1.54,26.26
rennet.space,AVAILABLE,1,27.82,109.69
rennet.pics,AVAILABLE,0,1.54,26.26
rennet.quest,AVAILABLE,0,1.54,12.98
rennet.mom,AVAILABLE,0,1.54,26.26
rennet.beauty,AVAILABLE,0,1.54,12.98
rennet.beer,AVAILABLE,0,1.54,26.26
rennet.best,AVAILABLE,0,1.72,15.96
rennet.click,AVAILABLE,0,1.54,10.81
rennet.garden,AVAILABLE,0,1.54,26.26
rennet.hair,AVAILABLE,0,1.54,12.98
rennet.monster,AVAILABLE,0,1.54,12.98
rennet.rest,AVAILABLE,0,1.54,26.26
rennet.skin,AVAILABLE,0,1.54,12.98
rennet.surf,AVAILABLE,0,1.54,26.26
rill.lol,AVAILABLE,0,1.54,26.26
rill.space,AVAILABLE,1,68.75,273.44
rill.pics,AVAILABLE,0,1.54,26.26
rill.quest,AVAILABLE,0,1.54,12.98
rill.mom,AVAILABLE,0,1.54,26.26
rill.beauty,AVAILABLE,0,1.54,12.98
rill.beer,AVAILABLE,0,1.54,26.26
rill.best,AVAILABLE,0,1.72,15.96
rill.click,AVAILABLE,1,76.94,109.69
rill.garden,AVAILABLE,0,1.54,26.26
rill.hair,AVAILABLE,0,1.54,12.98
rill.monster,AVAILABLE,0,1.54,12.98
rill.rest,AVAILABLE,0,1.54,26.26
rill.skin,AVAILABLE,0,1.54,12.98
rill.surf,AVAILABLE,0,1.54,26.26
rime.lol,UNAVAILABLE,0,1.54,26.26
rime.space,UNAVAILABLE,1,68.75,273.44
rime.pics,AVAILABLE,0,1.54,26.26
rime.quest,AVAILABLE,0,1.54,12.98
rime.mom,AVAILABLE,0,1.54,26.26
rime.beauty,AVAILABLE,0,1.54,12.98
rime.beer,AVAILABLE,1,44.19,27.82
rime.best,AVAILABLE,0,1.72,15.96
rime.click,UNAVAILABLE,0,1.54,10.81
rime.garden,AVAILABLE,0,1.54,26.26
rime.hair,AVAILABLE,0,1.54,12.98
rime.monster,AVAILABLE,0,1.54,12.98
rime.rest,AVAILABLE,0,1.54,26.26
rime.skin,AVAILABLE,0,1.54,12.98
rime.surf,AVAILABLE,0,1.54,26.26
rind.lol,AVAILABLE,0,1.54,26.26
rind.space,AVAILABLE,1,68.75,273.44
rind.pics,AVAILABLE,0,1.54,26.26
rind.quest,AVAILABLE,0,1.54,12.98
rind.mom,AVAILABLE,0,1.54,26.26
rind.beauty,AVAILABLE,0,1.54,12.98
rind.beer,AVAILABLE,1,44.19,27.82
rind.best,AVAILABLE,0,1.72,15.96
rind.click,AVAILABLE,1,76.94,109.69
rind.garden,AVAILABLE,0,1.54,26.26
rind.hair,AVAILABLE,0,1.54,12.98
rind.monster,AVAILABLE,0,1.54,12.98
rind.rest,AVAILABLE,0,1.54,26.26
rind.skin,AVAILABLE,0,1.54,12.98
rind.surf,AVAILABLE,0,1.54,26.26
roach.lol,UNAVAILABLE,0,1.54,26.26
roach.space,AVAILABLE,1,68.75,273.44
roach.pics,AVAILABLE,1,710.10,710.10
roach.quest,AVAILABLE,1,710.10,13.74
roach.mom,AVAILABLE,1,710.10,710.10
roach.beauty,AVAILABLE,1,710.10,13.74
roach.beer,AVAILABLE,0,1.54,26.26
roach.best,AVAILABLE,0,1.72,15.96
roach.click,UNAVAILABLE,0,1.54,10.81
roach.garden,AVAILABLE,1,87.86,27.82
roach.hair,AVAILABLE,1,710.10,13.74
roach.monster,UNAVAILABLE,0,1.54,12.98
roach.rest,AVAILABLE,0,1.54,26.26
roach.skin,AVAILABLE,1,710.10,13.74
roach.surf,AVAILABLE,0,1.54,26.26
roan.lol,UNAVAILABLE,0,1.54,26.26
roan.space,AVAILABLE,1,136.98,546.35
roan.pics,AVAILABLE,0,1.54,26.26
roan.quest,AVAILABLE,0,1.54,12.98
roan.mom,AVAILABLE,0,1.54,26.26
roan.beauty,AVAILABLE,0,1.54,12.98
roan.beer,AVAILABLE,0,1.54,26.26
roan.best,AVAILABLE,0,1.72,15.96
roan.click,AVAILABLE,1,76.94,109.69
roan.garden,AVAILABLE,0,1.54,26.26
roan.hair,AVAILABLE,0,1.54,12.98
roan.monster,AVAILABLE,0,1.54,12.98
roan.rest,AVAILABLE,0,1.54,26.26
roan.skin,AVAILABLE,0,1.54,12.98
roan.surf,AVAILABLE,0,1.54,26.26
roe.lol,UNAVAILABLE,0,1.54,26.26
roe.space,AVAILABLE,1,136.98,546.35
roe.pics,AVAILABLE,0,1.54,26.26
roe.quest,AVAILABLE,0,1.54,12.98
roe.mom,AVAILABLE,0,1.54,26.26
roe.beauty,AVAILABLE,0,1.54,12.98
roe.beer,AVAILABLE,1,44.19,27.82
roe.best,AVAILABLE,0,1.72,15.96
roe.click,AVAILABLE,1,76.94,109.69
roe.garden,AVAILABLE,1,44.19,27.82
roe.hair,AVAILABLE,0,1.54,12.98
roe.monster,AVAILABLE,0,1.54,12.98
roe.rest,AVAILABLE,0,1.54,26.26
roe.skin,AVAILABLE,0,1.54,12.98
roe.surf,AVAILABLE,1,44.19,27.82
rook.lol,UNAVAILABLE,0,1.54,26.26
rook.space,AVAILABLE,1,136.98,546.35
rook.pics,UNAVAILABLE,0,1.54,26.26
rook.quest,UNAVAILABLE,0,1.54,12.98
rook.mom,UNAVAILABLE,0,1.54,26.26
rook.beauty,AVAILABLE,0,1.54,12.98
rook.beer,AVAILABLE,1,44.19,27.82
rook.best,AVAILABLE,0,1.72,15.96
rook.click,AVAILABLE,1,76.94,109.69
rook.garden,AVAILABLE,0,1.54,26.26
rook.hair,AVAILABLE,0,1.54,12.98
rook.monster,UNAVAILABLE,0,1.54,12.98
rook.rest,AVAILABLE,0,1.54,26.26
rook.skin,AVAILABLE,0,1.54,12.98
rook.surf,AVAILABLE,0,1.54,26.26
rowan.lol,UNAVAILABLE,0,1.54,26.26
rowan.space,AVAILABLE,1,68.75,273.44
rowan.pics,AVAILABLE,0,1.54,26.26
rowan.quest,AVAILABLE,0,1.54,12.98
rowan.mom,AVAILABLE,0,1.54,26.26
rowan.beauty,AVAILABLE,0,1.54,12.98
rowan.beer,AVAILABLE,0,1.54,26.26
rowan.best,UNAVAILABLE,0,1.72,15.96
rowan.click,UNAVAILABLE,0,1.54,10.81
rowan.garden,AVAILABLE,1,44.19,27.82
rowan.hair,AVAILABLE,0,1.54,12.98
rowan.monster,UNAVAILABLE,0,1.54,12.98
rowan.rest,AVAILABLE,0,1.54,26.26
rowan.skin,AVAILABLE,0,1.54,12.98
rowan.surf,AVAILABLE,1,87.86,27.82
rudd.lol,AVAILABLE,0,1.54,26.26
rudd.space,AVAILABLE,1,68.75,273.44
rudd.pics,AVAILABLE,0,1.54,26.26
rudd.quest,AVAILABLE,0,1.54,12.98
rudd.mom,AVAILABLE,0,1.54,26.26
rudd.beauty,AVAILABLE,0,1.54,12.98
rudd.beer,AVAILABLE,0,1.54,26.26
rudd.best,AVAILABLE,0,1.72,15.96
rudd.click,AVAILABLE,1,76.94,109.69
rudd.garden,AVAILABLE,0,1.54,26.26
rudd.hair,AVAILABLE,0,1.54,12.98
rudd.monster,AVAILABLE,0,1.54,12.98
rudd.rest,AVAILABLE,0,1.54,26.26
rudd.skin,AVAILABLE,0,1.54,12.98
rudd.surf,AVAILABLE,0,1.54,26.26
rue.lol,AVAILABLE,1,710.10,710.10
rue.space,AVAILABLE,1,68.75,273.44
rue.pics,AVAILABLE,0,1.54,26.26
rue.quest,UNAVAILABLE,0,1.54,12.98
rue.mom,AVAILABLE,0,1.54,26.26
rue.beauty,AVAILABLE,0,1.54,12.98
rue.beer,AVAILABLE,1,44.19,27.82
rue.best,AVAILABLE,0,1.72,15.96
rue.click,AVAILABLE,1,76.94,109.69
rue.garden,AVAILABLE,1,44.19,27.82
rue.hair,AVAILABLE,0,1.54,12.98
rue.monster,AVAILABLE,0,1.54,12.98
rue.rest,AVAILABLE,0,1.54,26.26
rue.skin,AVAILABLE,0,1.54,12.98
rue.surf,AVAILABLE,1,44.19,27.82
runnel.lol,AVAILABLE,0,1.54,26.26
runnel.space,AVAILABLE,1,27.82,109.69
runnel.pics,AVAILABLE,0,1.54,26.26
runnel.quest,AVAILABLE,0,1.54,12.98
runnel.mom,AVAILABLE,0,1.54,26.26
runnel.beauty,AVAILABLE,0,1.54,12.98
runnel.beer,AVAILABLE,0,1.54,26.26
runnel.best,AVAILABLE,0,1.72,15.96
runnel.click,AVAILABLE,0,1.54,10.81
runnel.garden,AVAILABLE,0,1.54,26.26
runnel.hair,AVAILABLE,0,1.54,12.98
runnel.monster,AVAILABLE,0,1.54,12.98
runnel.rest,AVAILABLE,0,1.54,26.26
runnel.skin,AVAILABLE,0,1.54,12.98
runnel.surf,AVAILABLE,0,1.54,26.26
rush.lol,UNAVAILABLE,0,1.54,26.26
rush.space,AVAILABLE,1,682.81,2729.67
rush.pics,UNAVAILABLE,0,1.54,26.26
rush.quest,AVAILABLE,1,2183.84,2183.84
rush.mom,AVAILABLE,1,2183.84,2183.84
rush.beauty,AVAILABLE,1,2183.84,2183.84
rush.beer,PENDING,0,0.00,0.00
rush.best,UNAVAILABLE,0,1.72,15.96
rush.click,AVAILABLE,1,382.61,546.35
rush.garden,PENDING,0,0.00,0.00
rush.hair,AVAILABLE,1,2183.84,2183.84
rush.monster,UNAVAILABLE,0,1.54,12.98
rush.rest,AVAILABLE,1,69.30,98.77
rush.skin,AVAILABLE,1,2183.84,2183.84
rush.surf,PENDING,0,0.00,0.00
rye.lol,UNAVAILABLE,0,1.54,26.26
rye.space,AVAILABLE,1,68.75,273.44
rye.pics,AVAILABLE,0,1.54,26.26
rye.quest,AVAILABLE,0,1.54,12.98
rye.mom,AVAILABLE,0,1.54,26.26
rye.beauty,AVAILABLE,0,1.54,12.98
rye.beer,UNAVAILABLE,1,437.19,27.82
rye.best,AVAILABLE,0,1.72,15.96
rye.click,AVAILABLE,1,76.94,109.69
rye.garden,AVAILABLE,1,437.19,27.82
rye.hair,AVAILABLE,0,1.54,12.98
rye.monster,UNAVAILABLE,0,1.54,12.98
rye.rest,UNAVAILABLE,0,1.54,26.26
rye.skin,AVAILABLE,0,1.54,12.98
rye.surf,AVAILABLE,1,437.19,27.82
saga.lol,UNAVAILABLE,0,1.54,26.26
saga.space,UNAVAILABLE,1,68.75,273.44
saga.pics,UNAVAILABLE,0,1.54,26.26
saga.quest,UNAVAILABLE,0,1.54,12.98
saga.mom,AVAILABLE,0,1.54,26.26
saga.beauty,AVAILABLE,0,1.54,12.98
saga.beer,AVAILABLE,0,1.54,26.26
saga.best,UNAVAILABLE,0,1.72,15.96
saga.click,AVAILABLE,1,382.61,546.35
saga.garden,AVAILABLE,0,1.54,26.26
saga.hair,AVAILABLE,0,1.54,12.98
saga.monster,UNAVAILABLE,0,1.54,12.98
saga.rest,UNAVAILABLE,0,1.54,26.26
saga.skin,AVAILABLE,0,1.54,12.98
saga.surf,UNAVAILABLE,0,1.54,26.26
sago.lol,UNAVAILABLE,0,1.54,26.26
sago.space,AVAILABLE,1,68.75,273.44
sago.pics,AVAILABLE,0,1.54,26.26
sago.quest,AVAILABLE,0,1.54,12.98
sago.mom,AVAILABLE,0,1.54,26.26
sago.beauty,AVAILABLE,0,1.54,12.98
sago.beer,AVAILABLE,0,1.54,26.26
sago.best,AVAILABLE,0,1.72,15.96
sago.click,AVAILABLE,1,76.94,109.69
sago.garden,AVAILABLE,0,1.54,26.26
sago.hair,AVAILABLE,0,1.54,12.98
sago.monster,AVAILABLE,0,1.54,12.98
sago.rest,AVAILABLE,0,1.54,26.26
sago.skin,AVAILABLE,0,1.54,12.98
sago.surf,AVAILABLE,0,1.54,26.26
satyr.lol,AVAILABLE,0,1.54,26.26
satyr.space,AVAILABLE,1,27.82,109.69
satyr.pics,AVAILABLE,0,1.54,26.26
satyr.quest,AVAILABLE,0,1.54,12.98
satyr.mom,AVAILABLE,0,1.54,26.26
satyr.beauty,AVAILABLE,0,1.54,12.98
satyr.beer,AVAILABLE,0,1.54,26.26
satyr.best,AVAILABLE,0,1.72,15.96
satyr.click,AVAILABLE,1,76.94,109.69
satyr.garden,AVAILABLE,0,1.54,26.26
satyr.hair,AVAILABLE,0,1.54,12.98
satyr.monster,AVAILABLE,0,1.54,12.98
satyr.rest,AVAILABLE,0,1.54,26.26
satyr.skin,AVAILABLE,0,1.54,12.98
satyr.surf,AVAILABLE,0,1.54,26.26
scald.lol,AVAILABLE,0,1.54,26.26
scald.space,AVAILABLE,1,27.82,109.69
scald.pics,AVAILABLE,0,1.54,26.26
scald.quest,AVAILABLE,0,1.54,12.98
scald.mom,UNAVAILABLE,0,1.54,26.26
scald.beauty,AVAILABLE,0,1.54,12.98
scald.beer,AVAILABLE,0,1.54,26.26
scald.best,AVAILABLE,0,1.72,15.96
scald.click,AVAILABLE,1,76.94,109.69
scald.garden,AVAILABLE,0,1.54,26.26
scald.hair,AVAILABLE,0,1.54,12.98
scald.monster,AVAILABLE,0,1.54,12.98
scald.rest,AVAILABLE,0,1.54,26.26
scald.skin,AVAILABLE,0,1.54,12.98
scald.surf,AVAILABLE,0,1.54,26.26
scape.lol,UNAVAILABLE,0,1.54,26.26
scape.space,AVAILABLE,1,136.98,546.35
scape.pics,AVAILABLE,0,1.54,26.26
scape.quest,UNAVAILABLE,0,1.54,12.98
scape.mom,AVAILABLE,0,1.54,26.26
scape.beauty,AVAILABLE,0,1.54,12.98
scape.beer,AVAILABLE,0,1.54,26.26
scape.best,AVAILABLE,0,1.72,15.96
scape.click,AVAILABLE,1,76.94,109.69
scape.garden,AVAILABLE,0,1.54,26.26
scape.hair,AVAILABLE,0,1.54,12.98
scape.monster,AVAILABLE,0,1.54,12.98
scape.rest,AVAILABLE,0,1.54,26.26
scape.skin,AVAILABLE,0,1.54,12.98
scape.surf,UNAVAILABLE,0,1.54,26.26
schist.lol,AVAILABLE,0,1.54,26.26
schist.space,AVAILABLE,1,27.82,109.69
schist.pics,AVAILABLE,0,1.54,26.26
schist.quest,AVAILABLE,0,1.54,12.98
schist.mom,AVAILABLE,0,1.54,26.26
schist.beauty,AVAILABLE,0,1.54,12.98
schist.beer,AVAILABLE,0,1.54,26.26
schist.best,AVAILABLE,0,1.72,15.96
schist.click,AVAILABLE,0,1.54,10.81
schist.garden,AVAILABLE,0,1.54,26.26
schist.hair,AVAILABLE,0,1.54,12.98
schist.monster,AVAILABLE,0,1.54,12.98
schist.rest,AVAILABLE,0,1.54,26.26
schist.skin,AVAILABLE,0,1.54,12.98
schist.surf,AVAILABLE,0,1.54,26.26
scion.lol,AVAILABLE,0,1.54,26.26
scion.space,UNAVAILABLE,0,1.96,26.26
scion.pics,AVAILABLE,0,1.54,26.26
scion.quest,AVAILABLE,0,1.54,12.98
scion.mom,AVAILABLE,0,1.54,26.26
scion.beauty,AVAILABLE,0,1.54,12.98
scion.beer,AVAILABLE,0,1.54,26.26
scion.best,AVAILABLE,0,1.72,15.96
scion.click,AVAILABLE,1,76.94,109.69
scion.garden,AVAILABLE,0,1.54,26.26
scion.hair,AVAILABLE,0,1.54,12.98
scion.monster,AVAILABLE,0,1.54,12.98
scion.rest,AVAILABLE,0,1.54,26.26
scion.skin,AVAILABLE,0,1.54,12.98
scion.surf,AVAILABLE,0,1.54,26.26
scoria.lol,AVAILABLE,0,1.54,26.26
scoria.space,AVAILABLE,1,27.82,109.69
scoria.pics,AVAILABLE,0,1.54,26.26
scoria.quest,AVAILABLE,0,1.54,12.98
scoria.mom,AVAILABLE,0,1.54,26.26
scoria.beauty,AVAILABLE,0,1.54,12.98
scoria.beer,AVAILABLE,0,1.54,26.26
scoria.best,AVAILABLE,0,1.72,15.96
scoria.click,AVAILABLE,0,1.54,10.81
scoria.garden,AVAILABLE,0,1.54,26.26
scoria.hair,AVAILABLE,0,1.54,12.98
scoria.monster,AVAILABLE,0,1.54,12.98
scoria.rest,AVAILABLE,0,1.54,26.26
scoria.skin,AVAILABLE,0,1.54,12.98
scoria.surf,AVAILABLE,0,1.54,26.26
scree.lol,UNAVAILABLE,0,1.54,26.26
scree.space,UNAVAILABLE,0,1.96,26.26
scree.pics,AVAILABLE,0,1.54,26.26
scree.quest,AVAILABLE,0,1.54,12.98
scree.mom,AVAILABLE,0,1.54,26.26
scree.beauty,AVAILABLE,0,1.54,12.98
scree.beer,AVAILABLE,0,1.54,26.26
scree.best,AVAILABLE,0,1.72,15.96
scree.click,AVAILABLE,1,76.94,109.69
scree.garden,AVAILABLE,0,1.54,26.26
scree.hair,AVAILABLE,0,1.54,12.98
scree.monster,AVAILABLE,0,1.54,12.98
scree.rest,AVAILABLE,0,1.54,26.26
scree.skin,AVAILABLE,0,1.54,12.98
scree.surf,AVAILABLE,0,1.54,26.26
scribe.lol,UNAVAILABLE,0,1.54,26.26
scribe.space,UNAVAILABLE,1,136.98,546.35
scribe.pics,AVAILABLE,0,1.54,26.26
scribe.quest,AVAILABLE,0,1.54,12.98
scribe.mom,AVAILABLE,0,1.54,26.26
scribe.beauty,AVAILABLE,0,1.54,12.98
scribe.beer,AVAILABLE,0,1.54,26.26
scribe.best,AVAILABLE,0,1.72,15.96
scribe.click,AVAILABLE,1,76.94,109.69
scribe.garden,AVAILABLE,0,1.54,26.26
scribe.hair,AVAILABLE,0,1.54,12.98
scribe.monster,UNAVAILABLE,0,1.54,12.98
scribe.rest,AVAILABLE,0,1.54,26.26
scribe.skin,AVAILABLE,0,1.54,12.98
scribe.surf,AVAILABLE,0,1.54,26.26
scry.lol,AVAILABLE,0,1.54,26.26
scry.space,UNAVAILABLE,0,1.96,26.26
scry.pics,AVAILABLE,0,1.54,26.26
scry.quest,UNAVAILABLE,0,1.54,12.98
scry.mom,AVAILABLE,0,1.54,26.26
scry.beauty,AVAILABLE,0,1.54,12.98
scry.beer,AVAILABLE,0,1.54,26.26
scry.best,AVAILABLE,0,1.72,15.96
scry.click,AVAILABLE,1,76.94,109.69
scry.garden,AVAILABLE,0,1.54,26.26
scry.hair,AVAILABLE,0,1.54,12.98
scry.monster,AVAILABLE,0,1.54,12.98
scry.rest,AVAILABLE,0,1.54,26.26
scry.skin,AVAILABLE,0,1.54,12.98
scry.surf,AVAILABLE,0,1.54,26.26
scud.lol,AVAILABLE,0,1.54,26.26
scud.space,AVAILABLE,0,1.96,26.26
scud.pics,AVAILABLE,0,1.54,26.26
scud.quest,AVAILABLE,0,1.54,12.98
scud.mom,AVAILABLE,0,1.54,26.26
scud.beauty,AVAILABLE,0,1.54,12.98
scud.beer,AVAILABLE,0,1.54,26.26
scud.best,AVAILABLE,0,1.72,15.96
scud.click,AVAILABLE,1,76.94,109.69
scud.garden,AVAILABLE,0,1.54,26.26
scud.hair,AVAILABLE,0,1.54,12.98
scud.monster,AVAILABLE,0,1.54,12.98
scud.rest,AVAILABLE,0,1.54,26.26
scud.skin,AVAILABLE,0,1.54,12.98
scud.surf,AVAILABLE,0,1.54,26.26
sear.lol,UNAVAILABLE,0,1.54,26.26
sear.space,AVAILABLE,1,136.98,546.35
sear.pics,AVAILABLE,0,1.54,26.26
sear.quest,AVAILABLE,0,1.54,12.98
sear.mom,UNAVAILABLE,0,1.54,26.26
sear.beauty,UNAVAILABLE,0,1.54,12.98
sear.beer,AVAILABLE,0,1.54,26.26
sear.best,AVAILABLE,0,1.72,15.96
sear.click,AVAILABLE,1,76.94,109.69
sear.garden,AVAILABLE,0,1.54,26.26
sear.hair,AVAILABLE,0,1.54,12.98
sear.monster,AVAILABLE,0,1.54,12.98
sear.rest,AVAILABLE,0,1.54,26.26
sear.skin,AVAILABLE,0,1.54,12.98
sear.surf,AVAILABLE,0,1.54,26.26
sedge.lol,AVAILABLE,0,1.54,26.26
sedge.space,AVAILABLE,1,68.75,273.44
sedge.pics,AVAILABLE,0,1.54,26.26
sedge.quest,AVAILABLE,0,1.54,12.98
sedge.mom,AVAILABLE,0,1.54,26.26
sedge.beauty,AVAILABLE,0,1.54,12.98
sedge.beer,AVAILABLE,0,1.54,26.26
sedge.best,AVAILABLE,0,1.72,15.96
sedge.click,AVAILABLE,1,76.94,109.69
sedge.garden,AVAILABLE,0,1.54,26.26
sedge.hair,AVAILABLE,0,1.54,12.98
sedge.monster,AVAILABLE,0,1.54,12.98
sedge.rest,AVAILABLE,0,1.54,26.26
sedge.skin,AVAILABLE,0,1.54,12.98
sedge.surf,AVAILABLE,0,1.54,26.26
sedum.lol,UNAVAILABLE,0,1.54,26.26
sedum.space,AVAILABLE,0,1.96,26.26
sedum.pics,AVAILABLE,0,1.54,26.26
sedum.quest,AVAILABLE,0,1.54,12.98
sedum.mom,AVAILABLE,0,1.54,26.26
sedum.beauty,AVAILABLE,0,1.54,12.98
sedum.beer,AVAILABLE,0,1.54,26.26
sedum.best,AVAILABLE,0,1.72,15.96
sedum.click,AVAILABLE,1,76.94,109.69
sedum.garden,UNAVAILABLE,0,1.54,26.26
sedum.hair,AVAILABLE,0,1.54,12.98
sedum.monster,AVAILABLE,0,1.54,12.98
sedum.rest,AVAILABLE,0,1.54,26.26
sedum.skin,AVAILABLE,0,1.54,12.98
sedum.surf,AVAILABLE,0,1.54,26.26
sepal.lol,AVAILABLE,0,1.54,26.26
sepal.space,UNAVAILABLE,1,27.82,109.69
sepal.pics,AVAILABLE,0,1.54,26.26
sepal.quest,AVAILABLE,0,1.54,12.98
sepal.mom,AVAILABLE,0,1.54,26.26
sepal.beauty,AVAILABLE,0,1.54,12.98
sepal.beer,AVAILABLE,0,1.54,26.26
sepal.best,AVAILABLE,0,1.72,15.96
sepal.click,AVAILABLE,1,76.94,109.69
sepal.garden,AVAILABLE,0,1.54,26.26
sepal.hair,AVAILABLE,0,1.54,12.98
sepal.monster,AVAILABLE,0,1.54,12.98
sepal.rest,AVAILABLE,0,1.54,26.26
sepal.skin,AVAILABLE,0,1.54,12.98
sepal.surf,AVAILABLE,0,1.54,26.26
serin.lol,UNAVAILABLE,0,1.54,26.26
serin.space,AVAILABLE,1,68.75,273.44
serin.pics,AVAILABLE,0,1.54,26.26
serin.quest,AVAILABLE,0,1.54,12.98
serin.mom,AVAILABLE,0,1.54,26.26
serin.beauty,AVAILABLE,0,1.54,12.98
serin.beer,PENDING,0,0.00,0.00
serin.best,AVAILABLE,0,1.72,15.96
serin.click,AVAILABLE,1,76.94,109.69
serin.garden,PENDING,0,0.00,0.00
serin.hair,AVAILABLE,0,1.54,12.98
serin.monster,AVAILABLE,0,1.54,12.98
serin.rest,AVAILABLE,0,1.54,26.26
serin.skin,AVAILABLE,0,1.54,12.98
serin.surf,PENDING,0,0.00,0.00
shad.lol,UNAVAILABLE,0,1.54,26.26
shad.space,AVAILABLE,1,68.75,273.44
shad.pics,AVAILABLE,0,1.54,26.26
shad.quest,AVAILABLE,0,1.54,12.98
shad.mom,AVAILABLE,0,1.54,26.26
shad.beauty,AVAILABLE,0,1.54,12.98
shad.beer,AVAILABLE,0,1.54,26.26
shad.best,AVAILABLE,1,76.94,76.94
shad.click,AVAILABLE,1,382.61,546.35
shad.garden,AVAILABLE,0,1.54,26.26
shad.hair,AVAILABLE,0,1.54,12.98
shad.monster,AVAILABLE,0,1.54,12.98
shad.rest,AVAILABLE,0,1.54,26.26
shad.skin,AVAILABLE,0,1.54,12.98
shad.surf,AVAILABLE,0,1.54,26.26
shale.lol,AVAILABLE,0,1.54,26.26
shale.space,AVAILABLE,1,68.75,273.44
shale.pics,AVAILABLE,0,1.54,26.26
shale.quest,AVAILABLE,0,1.54,12.98
shale.mom,AVAILABLE,0,1.54,26.26
shale.beauty,AVAILABLE,0,1.54,12.98
shale.beer,AVAILABLE,0,1.54,26.26
shale.best,AVAILABLE,0,1.72,15.96
shale.click,AVAILABLE,1,76.94,109.69
shale.garden,AVAILABLE,0,1.54,26.26
shale.hair,AVAILABLE,0,1.54,12.98
shale.monster,AVAILABLE,0,1.54,12.98
shale.rest,AVAILABLE,0,1.54,26.26
shale.skin,AVAILABLE,0,1.54,12.98
shale.surf,AVAILABLE,0,1.54,26.26
shoal.lol,AVAILABLE,0,1.54,26.26
shoal.space,UNAVAILABLE,0,1.96,26.26
shoal.pics,AVAILABLE,0,1.54,26.26
shoal.quest,AVAILABLE,0,1.54,12.98
shoal.mom,AVAILABLE,0,1.54,26.26
shoal.beauty,AVAILABLE,0,1.54,12.98
shoal.beer,AVAILABLE,0,1.54,26.26
shoal.best,AVAILABLE,0,1.72,15.96
shoal.click,AVAILABLE,1,76.94,109.69
shoal.garden,AVAILABLE,0,1.54,26.26
shoal.hair,AVAILABLE,0,1.54,12.98
shoal.monster,AVAILABLE,0,1.54,12.98
shoal.rest,AVAILABLE,0,1.54,26.26
shoal.skin,AVAILABLE,0,1.54,12.98
shoal.surf,AVAILABLE,0,1.54,26.26
shrew.lol,UNAVAILABLE,0,1.54,26.26
shrew.space,AVAILABLE,1,68.75,273.44
shrew.pics,AVAILABLE,0,1.54,26.26
shrew.quest,AVAILABLE,0,1.54,12.98
shrew.mom,AVAILABLE,0,1.54,26.26
shrew.beauty,AVAILABLE,0,1.54,12.98
shrew.beer,AVAILABLE,0,1.54,26.26
shrew.best,AVAILABLE,0,1.72,15.96
shrew.click,AVAILABLE,1,76.94,109.69
shrew.garden,AVAILABLE,0,1.54,26.26
shrew.hair,AVAILABLE,0,1.54,12.98
shrew.monster,AVAILABLE,0,1.54,12.98
shrew.rest,AVAILABLE,0,1.54,26.26
shrew.skin,AVAILABLE,0,1.54,12.98
shrew.surf,AVAILABLE,0,1.54,26.26
shrike.lol,AVAILABLE,0,1.54,26.26
shrike.space,AVAILABLE,1,27.82,109.69
shrike.pics,AVAILABLE,0,1.54,26.26
shrike.quest,AVAILABLE,0,1.54,12.98
shrike.mom,AVAILABLE,0,1.54,26.26
shrike.beauty,AVAILABLE,0,1.54,12.98
shrike.beer,AVAILABLE,0,1.54,26.26
shrike.best,AVAILABLE,0,1.72,15.96
shrike.click,AVAILABLE,0,1.54,10.81
shrike.garden,AVAILABLE,0,1.54,26.26
shrike.hair,AVAILABLE,0,1.54,12.98
shrike.monster,AVAILABLE,0,1.54,12.98
shrike.rest,AVAILABLE,0,1.54,26.26
shrike.skin,AVAILABLE,0,1.54,12.98
shrike.surf,AVAILABLE,0,1.54,26.26
sieve.lol,AVAILABLE,0,1.54,26.26
sieve.space,AVAILABLE,1,68.75,273.44
sieve.pics,AVAILABLE,0,1.54,26.26
sieve.quest,AVAILABLE,0,1.54,12.98
sieve.mom,AVAILABLE,0,1.54,26.26
sieve.beauty,AVAILABLE,0,1.54,12.98
sieve.beer,AVAILABLE,0,1.54,26.26
sieve.best,AVAILABLE,0,1.72,15.96
sieve.click,AVAILABLE,1,76.94,109.69
sieve.garden,AVAILABLE,0,1.54,26.26
sieve.hair,AVAILABLE,0,1.54,12.98
sieve.monster,AVAILABLE,0,1.54,12.98
sieve.rest,AVAILABLE,0,1.54,26.26
sieve.skin,AVAILABLE,0,1.54,12.98
sieve.surf,AVAILABLE,0,1.54,26.26
sigil.lol,PENDING,0,0.00,0.00
sigil.space,AVAILABLE,1,136.98,546.35
sigil.pics,PENDING,0,0.00,0.00
sigil.quest,UNAVAILABLE,0,1.54,12.98
sigil.mom,PENDING,0,0.00,0.00
sigil.beauty,AVAILABLE,0,1.54,12.98
sigil.beer,AVAILABLE,0,1.54,26.26
sigil.best,AVAILABLE,0,1.72,15.96
sigil.click,PENDING,0,0.00,0.00
sigil.garden,AVAILABLE,0,1.54,26.26
sigil.hair,AVAILABLE,0,1.54,12.98
sigil.monster,UNAVAILABLE,0,1.54,12.98
sigil.rest,PENDING,0,0.00,0.00
sigil.skin,AVAILABLE,0,1.54,12.98
sigil.surf,AVAILABLE,0,1.54,26.26
silt.lol,UNAVAILABLE,0,1.54,26.26
silt.space,AVAILABLE,1,68.75,273.44
silt.pics,AVAILABLE,0,1.54,26.26
silt.quest,UNAVAILABLE,0,1.54,12.98
silt.mom,AVAILABLE,0,1.54,26.26
silt.beauty,AVAILABLE,0,1.54,12.98
silt.beer,AVAILABLE,0,1.54,26.26
silt.best,AVAILABLE,0,1.72,15.96
silt.click,AVAILABLE,1,76.94,109.69
silt.garden,UNAVAILABLE,0,1.54,26.26
silt.hair,AVAILABLE,0,1.54,12.98
silt.monster,AVAILABLE,0,1.54,12.98
silt.rest,AVAILABLE,0,1.54,26.26
silt.skin,AVAILABLE,0,1.54,12.98
silt.surf,AVAILABLE,0,1.54,26.26
sisal.lol,AVAILABLE,0,1.54,26.26
sisal.space,AVAILABLE,1,27.82,109.69
sisal.pics,AVAILABLE,0,1.54,26.26
sisal.quest,PENDING,0,0.00,0.00
sisal.mom,AVAILABLE,0,1.54,26.26
sisal.beauty,AVAILABLE,0,1.54,12.98
sisal.beer,AVAILABLE,0,1.54,26.26
sisal.best,AVAILABLE,0,1.72,15.96
sisal.click,AVAILABLE,1,76.94,109.69
sisal.garden,AVAILABLE,0,1.54,26.26
sisal.hair,AVAILABLE,0,1.54,12.98
sisal.monster,PENDING,0,0.00,0.00
sisal.rest,AVAILABLE,0,1.54,26.26
sisal.skin,PENDING,0,0.00,0.00
sisal.surf,AVAILABLE,0,1.54,26.26
skald.lol,PENDING,0,0.00,0.00
skald.space,AVAILABLE,1,27.82,109.69
skald.pics,PENDING,0,0.00,0.00
skald.quest,AVAILABLE,0,1.54,12.98
skald.mom,PENDING,0,0.00,0.00
skald.beauty,AVAILABLE,0,1.54,12.98
skald.beer,AVAILABLE,0,1.54,26.26
skald.best,AVAILABLE,0,1.72,15.96
skald.click,PENDING,0,0.00,0.00
skald.garden,AVAILABLE,0,1.54,26.26
skald.hair,AVAILABLE,0,1.54,12.98
skald.monster,AVAILABLE,0,1.54,12.98
skald.rest,PENDING,0,0.00,0.00
skald.skin,AVAILABLE,0,1.54,12.98
skald.surf,AVAILABLE,0,1.54,26.26
skate.lol,UNAVAILABLE,0,1.54,26.26
skate.space,AVAILABLE,1,682.81,2729.67
skate.pics,UNAVAILABLE,0,1.54,26.26
skate.quest,AVAILABLE,0,1.54,12.98
skate.mom,UNAVAILABLE,0,1.54,26.26
skate.beauty,AVAILABLE,0,1.54,12.98
skate.beer,AVAILABLE,0,1.54,26.26
skate.best,UNAVAILABLE,0,1.72,15.96
skate.click,AVAILABLE,1,382.61,546.35
skate.garden,AVAILABLE,0,1.54,26.26
skate.hair,AVAILABLE,0,1.54,12.98
skate.monster,UNAVAILABLE,0,1.54,12.98
skate.rest,AVAILABLE,1,138.07,197.02
skate.skin,AVAILABLE,0,1.54,12.98
skate.surf,UNAVAILABLE,1,44.19,27.82
skein.lol,AVAILABLE,0,1.54,26.26
skein.space,AVAILABLE,1,27.82,109.69
skein.pics,AVAILABLE,0,1.54,26.26
skein.quest,UNAVAILABLE,0,1.54,12.98
skein.mom,AVAILABLE,0,1.54,26.26
skein.beauty,AVAILABLE,0,1.54,12.98
skein.beer,AVAILABLE,0,1.54,26.26
skein.best,AVAILABLE,0,1.72,15.96
skein.click,AVAILABLE,1,76.94,109.69
skein.garden,AVAILABLE,0,1.54,26.26
skein.hair,AVAILABLE,0,1.54,12.98
skein.monster,AVAILABLE,0,1.54,12.98
skein.rest,AVAILABLE,0,1.54,26.26
skein.skin,AVAILABLE,0,1.54,12.98
skein.surf,AVAILABLE,0,1.54,26.26
k.skin,AVAILABLE,1,8733.79,8733.79
skink.lol,UNAVAILABLE,0,1.54,26.26
skink.space,UNAVAILABLE,0,1.96,26.26
skink.pics,AVAILABLE,0,1.54,26.26
skink.quest,AVAILABLE,0,1.54,12.98
skink.mom,AVAILABLE,0,1.54,26.26
skink.beauty,AVAILABLE,0,1.54,12.98
skink.beer,AVAILABLE,0,1.54,26.26
skink.best,AVAILABLE,0,1.72,15.96
skink.click,AVAILABLE,1,76.94,109.69
skink.garden,AVAILABLE,0,1.54,26.26
skink.hair,AVAILABLE,0,1.54,12.98
skink.monster,AVAILABLE,0,1.54,12.98
skink.rest,AVAILABLE,0,1.54,26.26
skink.skin,AVAILABLE,0,1.54,12.98
skink.surf,AVAILABLE,0,1.54,26.26
skua.lol,AVAILABLE,0,1.54,26.26
skua.space,AVAILABLE,1,27.82,109.69
skua.pics,AVAILABLE,0,1.54,26.26
skua.quest,AVAILABLE,0,1.54,12.98
skua.mom,AVAILABLE,0,1.54,26.26
skua.beauty,AVAILABLE,0,1.54,12.98
skua.beer,AVAILABLE,0,1.54,26.26
skua.best,AVAILABLE,0,1.72,15.96
skua.click,AVAILABLE,1,76.94,109.69
skua.garden,AVAILABLE,0,1.54,26.26
skua.hair,AVAILABLE,0,1.54,12.98
skua.monster,AVAILABLE,0,1.54,12.98
skua.rest,AVAILABLE,0,1.54,26.26
skua.skin,AVAILABLE,0,1.54,12.98
skua.surf,AVAILABLE,0,1.54,26.26
slake.lol,AVAILABLE,0,1.54,26.26
slake.space,AVAILABLE,1,27.82,109.69
slake.pics,AVAILABLE,0,1.54,26.26
slake.quest,AVAILABLE,0,1.54,12.98
slake.mom,AVAILABLE,0,1.54,26.26
slake.beauty,AVAILABLE,0,1.54,12.98
slake.beer,AVAILABLE,0,1.54,26.26
slake.best,AVAILABLE,0,1.72,15.96
slake.click,AVAILABLE,1,76.94,109.69
slake.garden,AVAILABLE,0,1.54,26.26
slake.hair,AVAILABLE,0,1.54,12.98
slake.monster,AVAILABLE,0,1.54,12.98
slake.rest,AVAILABLE,0,1.54,26.26
slake.skin,AVAILABLE,0,1.54,12.98
slake.surf,AVAILABLE,0,1.54,26.26
slate.lol,PENDING,0,0.00,0.00
slate.space,UNAVAILABLE,1,68.75,273.44
slate.pics,PENDING,0,0.00,0.00
slate.quest,AVAILABLE,1,2183.84,2183.84
slate.mom,PENDING,0,0.00,0.00
slate.beauty,AVAILABLE,1,2183.84,2183.84
slate.beer,AVAILABLE,0,1.54,26.26
slate.best,UNAVAILABLE,0,1.72,15.96
slate.click,PENDING,0,0.00,0.00
slate.garden,AVAILABLE,0,1.54,26.26
slate.hair,AVAILABLE,1,2183.84,2183.84
slate.monster,AVAILABLE,0,1.54,12.98
slate.rest,PENDING,0,0.00,0.00
slate.skin,AVAILABLE,1,2183.84,2183.84
slate.surf,AVAILABLE,0,1.54,26.26
sleet.lol,UNAVAILABLE,0,1.54,26.26
sleet.space,AVAILABLE,1,136.98,546.35
sleet.pics,AVAILABLE,0,1.54,26.26
sleet.quest,PENDING,0,0.00,0.00
sleet.mom,AVAILABLE,0,1.54,26.26
sleet.beauty,PENDING,0,0.00,0.00
sleet.beer,AVAILABLE,0,1.54,26.26
sleet.best,PENDING,0,0.00,0.00
sleet.click,AVAILABLE,1,76.94,109.69
sleet.garden,AVAILABLE,0,1.54,26.26
sleet.hair,PENDING,0,0.00,0.00
sleet.monster,PENDING,0,0.00,0.00
sleet.rest,AVAILABLE,0,1.54,26.26
sleet.skin,PENDING,0,0.00,0.00
sleet.surf,AVAILABLE,0,1.54,26.26
sloe.lol,AVAILABLE,0,1.54,26.26
sloe.space,UNAVAILABLE,0,1.96,26.26
sloe.pics,AVAILABLE,0,1.54,26.26
sloe.quest,AVAILABLE,0,1.54,12.98
sloe.mom,AVAILABLE,0,1.54,26.26
sloe.beauty,AVAILABLE,0,1.54,12.98
sloe.beer,AVAILABLE,0,1.54,26.26
sloe.best,AVAILABLE,0,1.72,15.96
sloe.click,AVAILABLE,1,76.94,109.69
sloe.garden,AVAILABLE,0,1.54,26.26
sloe.hair,AVAILABLE,0,1.54,12.98
sloe.monster,AVAILABLE,0,1.54,12.98
sloe.rest,AVAILABLE,0,1.54,26.26
sloe.skin,UNAVAILABLE,0,1.54,12.98
sloe.surf,AVAILABLE,0,1.54,26.26
slurry.lol,AVAILABLE,0,1.54,26.26
slurry.space,AVAILABLE,1,27.82,109.69
slurry.pics,AVAILABLE,0,1.54,26.26
slurry.quest,AVAILABLE,0,1.54,12.98
slurry.mom,AVAILABLE,0,1.54,26.26
slurry.beauty,AVAILABLE,0,1.54,12.98
slurry.beer,AVAILABLE,0,1.54,26.26
slurry.best,AVAILABLE,0,1.72,15.96
slurry.click,AVAILABLE,0,1.54,10.81
slurry.garden,AVAILABLE,0,1.54,26.26
slurry.hair,AVAILABLE,0,1.54,12.98
slurry.monster,AVAILABLE,0,1.54,12.98
slurry.rest,AVAILABLE,0,1.54,26.26
slurry.skin,AVAILABLE,0,1.54,12.98
slurry.surf,AVAILABLE,0,1.54,26.26
smalt.lol,AVAILABLE,0,1.54,26.26
smalt.space,AVAILABLE,1,27.82,109.69
smalt.pics,AVAILABLE,0,1.54,26.26
smalt.quest,AVAILABLE,0,1.54,12.98
smalt.mom,AVAILABLE,0,1.54,26.26
smalt.beauty,AVAILABLE,0,1.54,12.98
smalt.beer,AVAILABLE,0,1.54,26.26
smalt.best,AVAILABLE,0,1.72,15.96
smalt.click,AVAILABLE,1,76.94,109.69
smalt.garden,AVAILABLE,0,1.54,26.26
smalt.hair,AVAILABLE,0,1.54,12.98
smalt.monster,AVAILABLE,0,1.54,12.98
smalt.rest,AVAILABLE,0,1.54,26.26
smalt.skin,AVAILABLE,0,1.54,12.98
smalt.surf,AVAILABLE,0,1.54,26.26
smelt.lol,AVAILABLE,0,1.54,26.26
smelt.space,AVAILABLE,1,27.82,109.69
smelt.pics,AVAILABLE,0,1.54,26.26
smelt.quest,AVAILABLE,0,1.54,12.98
smelt.mom,AVAILABLE,0,1.54,26.26
smelt.beauty,AVAILABLE,0,1.54,12.98
smelt.beer,AVAILABLE,0,1.54,26.26
smelt.best,AVAILABLE,0,1.72,15.96
smelt.click,AVAILABLE,1,76.94,109.69
smelt.garden,AVAILABLE,0,1.54,26.26
smelt.hair,AVAILABLE,0,1.54,12.98
smelt.monster,AVAILABLE,0,1.54,12.98
smelt.rest,AVAILABLE,0,1.54,26.26
smelt.skin,AVAILABLE,0,1.54,12.98
smelt.surf,AVAILABLE,0,1.54,26.26
smew.lol,AVAILABLE,0,1.54,26.26
smew.space,AVAILABLE,1,27.82,109.69
smew.pics,AVAILABLE,0,1.54,26.26
smew.quest,AVAILABLE,0,1.54,12.98
smew.mom,AVAILABLE,0,1.54,26.26
smew.beauty,AVAILABLE,0,1.54,12.98
smew.beer,AVAILABLE,0,1.54,26.26
smew.best,AVAILABLE,0,1.72,15.96
smew.click,AVAILABLE,1,76.94,109.69
smew.garden,AVAILABLE,0,1.54,26.26
smew.hair,AVAILABLE,0,1.54,12.98
smew.monster,AVAILABLE,0,1.54,12.98
smew.rest,AVAILABLE,0,1.54,26.26
smew.skin,AVAILABLE,0,1.54,12.98
smew.surf,AVAILABLE,0,1.54,26.26
smith.lol,UNAVAILABLE,0,1.54,26.26
smith.space,UNAVAILABLE,1,68.75,273.44
smith.pics,UNAVAILABLE,0,1.54,26.26
smith.quest,AVAILABLE,1,710.10,13.74
smith.mom,AVAILABLE,1,710.10,710.10
smith.beauty,AVAILABLE,1,710.10,710.10
smith.beer,AVAILABLE,1,2183.84,27.82
smith.best,AVAILABLE,1,76.94,76.94
smith.click,UNAVAILABLE,0,1.54,10.81
smith.garden,AVAILABLE,1,44.19,27.82
smith.hair,AVAILABLE,1,710.10,710.10
smith.monster,AVAILABLE,1,218.86,13.74
smith.rest,AVAILABLE,0,1.54,26.26
smith.skin,AVAILABLE,1,710.10,710.10
smith.surf,AVAILABLE,1,87.86,27.82
smoke.lol,UNAVAILABLE,1,109.69,109.69
smoke.space,AVAILABLE,1,682.81,2729.67
smoke.pics,UNAVAILABLE,0,1.54,26.26
smoke.quest,AVAILABLE,0,1.54,12.98
smoke.mom,UNAVAILABLE,0,1.54,26.26
smoke.beauty,UNAVAILABLE,0,1.54,12.98
smoke.beer,UNAVAILABLE,1,44.19,44.19
smoke.best,AVAILABLE,1,76.94,76.94
smoke.click,UNAVAILABLE,0,1.54,10.81
smoke.garden,AVAILABLE,1,873.85,27.82
smoke.hair,AVAILABLE,0,1.54,12.98
smoke.monster,UNAVAILABLE,0,1.54,12.98
smoke.rest,AVAILABLE,1,688.27,983.02
smoke.skin,AVAILABLE,0,1.54,12.98
smoke.surf,AVAILABLE,0,1.54,26.26
snipe.lol,UNAVAILABLE,0,1.54,26.26
snipe.space,UNAVAILABLE,1,273.44,1092.18
snipe.pics,UNAVAILABLE,0,1.54,26.26
snipe.quest,AVAILABLE,0,1.54,12.98
snipe.mom,AVAILABLE,0,1.54,26.26
snipe.beauty,AVAILABLE,0,1.54,12.98
snipe.beer,AVAILABLE,0,1.54,26.26
snipe.best,AVAILABLE,0,1.72,15.96
snipe.click,AVAILABLE,1,76.94,109.69
snipe.garden,AVAILABLE,0,1.54,26.26
snipe.hair,AVAILABLE,0,1.54,12.98
snipe.monster,UNAVAILABLE,0,1.54,12.98
snipe.rest,AVAILABLE,0,1.54,26.26
snipe.skin,AVAILABLE,0,1.54,12.98
snipe.surf,AVAILABLE,0,1.54,26.26
snout.lol,AVAILABLE,0,1.54,26.26
snout.space,AVAILABLE,0,1.96,26.26
snout.pics,AVAILABLE,0,1.54,26.26
snout.quest,AVAILABLE,0,1.54,12.98
snout.mom,AVAILABLE,0,1.54,26.26
snout.beauty,AVAILABLE,0,1.54,12.98
snout.beer,UNAVAILABLE,0,1.54,26.26
snout.best,AVAILABLE,0,1.72,15.96
snout.click,AVAILABLE,1,76.94,109.69
snout.garden,UNAVAILABLE,0,1.54,26.26
snout.hair,AVAILABLE,0,1.54,12.98
snout.monster,AVAILABLE,0,1.54,12.98
snout.rest,AVAILABLE,0,1.54,26.26
snout.skin,AVAILABLE,0,1.54,12.98
snout.surf,AVAILABLE,0,1.54,26.26
sorb.lol,AVAILABLE,0,1.54,26.26
sorb.space,AVAILABLE,1,27.82,109.69
sorb.pics,AVAILABLE,0,1.54,26.26
sorb.quest,AVAILABLE,0,1.54,12.98
sorb.mom,AVAILABLE,0,1.54,26.26
sorb.beauty,AVAILABLE,0,1.54,12.98
sorb.beer,AVAILABLE,0,1.54,26.26
sorb.best,AVAILABLE,0,1.72,15.96
sorb.click,AVAILABLE,1,76.94,109.69
sorb.garden,AVAILABLE,0,1.54,26.26
sorb.hair,AVAILABLE,0,1.54,12.98
sorb.monster,AVAILABLE,0,1.54,12.98
sorb.rest,AVAILABLE,0,1.54,26.26
sorb.skin,AVAILABLE,0,1.54,12.98
sorb.surf,AVAILABLE,0,1.54,26.26
sorrel.lol,AVAILABLE,0,1.54,26.26
sorrel.space,UNAVAILABLE,1,27.82,109.69
sorrel.pics,AVAILABLE,0,1.54,26.26
sorrel.quest,AVAILABLE,0,1.54,12.98
sorrel.mom,AVAILABLE,0,1.54,26.26
sorrel.beauty,AVAILABLE,0,1.54,12.98
sorrel.beer,AVAILABLE,0,1.54,26.26
sorrel.best,AVAILABLE,0,1.72,15.96
sorrel.click,AVAILABLE,0,1.54,10.81
sorrel.garden,AVAILABLE,0,1.54,26.26
sorrel.hair,AVAILABLE,0,1.54,12.98
sorrel.monster,AVAILABLE,0,1.54,12.98
sorrel.rest,AVAILABLE,0,1.54,26.26
sorrel.skin,UNAVAILABLE,0,1.54,12.98
sorrel.surf,AVAILABLE,0,1.54,26.26
spall.lol,UNAVAILABLE,0,1.54,26.26
spall.space,AVAILABLE,1,68.75,273.44
spall.pics,AVAILABLE,0,1.54,26.26
spall.quest,AVAILABLE,0,1.54,12.98
spall.mom,AVAILABLE,0,1.54,26.26
spall.beauty,AVAILABLE,0,1.54,12.98
spall.beer,AVAILABLE,0,1.54,26.26
spall.best,AVAILABLE,0,1.72,15.96
spall.click,AVAILABLE,1,76.94,109.69
spall.garden,AVAILABLE,0,1.54,26.26
spall.hair,AVAILABLE,0,1.54,12.98
spall.monster,AVAILABLE,0,1.54,12.98
spall.rest,AVAILABLE,0,1.54,26.26
spall.skin,AVAILABLE,0,1.54,12.98
spall.surf,AVAILABLE,0,1.54,26.26
spate.lol,AVAILABLE,0,1.54,26.26
spate.space,AVAILABLE,1,27.82,109.69
spate.pics,AVAILABLE,0,1.54,26.26
spate.quest,AVAILABLE,0,1.54,12.98
spate.mom,AVAILABLE,0,1.54,26.26
spate.beauty,AVAILABLE,0,1.54,12.98
spate.beer,AVAILABLE,0,1.54,26.26
spate.best,AVAILABLE,0,1.72,15.96
spate.click,AVAILABLE,1,76.94,109.69
spate.garden,AVAILABLE,0,1.54,26.26
spate.hair,AVAILABLE,0,1.54,12.98
spate.monster,AVAILABLE,0,1.54,12.98
spate.rest,AVAILABLE,0,1.54,26.26
spate.skin,AVAILABLE,0,1.54,12.98
spate.surf,AVAILABLE,0,1.54,26.26
spelt.lol,AVAILABLE,0,1.54,26.26
spelt.space,AVAILABLE,1,27.82,109.69
spelt.pics,AVAILABLE,0,1.54,26.26
spelt.quest,AVAILABLE,0,1.54,12.98
spelt.mom,AVAILABLE,0,1.54,26.26
spelt.beauty,AVAILABLE,0,1.54,12.98
spelt.beer,AVAILABLE,0,1.54,26.26
spelt.best,AVAILABLE,0,1.72,15.96
spelt.click,AVAILABLE,1,76.94,109.69
spelt.garden,AVAILABLE,0,1.54,26.26
spelt.hair,AVAILABLE,0,1.54,12.98
spelt.monster,AVAILABLE,0,1.54,12.98
spelt.rest,AVAILABLE,0,1.54,26.26
spelt.skin,AVAILABLE,0,1.54,12.98
spelt.surf,AVAILABLE,0,1.54,26.26
spire.lol,UNAVAILABLE,0,1.54,26.26
spire.space,AVAILABLE,1,682.81,2729.67
spire.pics,UNAVAILABLE,0,1.54,26.26
spire.quest,UNAVAILABLE,0,1.54,12.98
spire.mom,AVAILABLE,0,1.54,26.26
spire.beauty,AVAILABLE,0,1.54,12.98
spire.beer,AVAILABLE,0,1.54,26.26
spire.best,AVAILABLE,0,1.72,15.96
spire.click,AVAILABLE,1,76.94,109.69
spire.garden,AVAILABLE,0,1.54,26.26
spire.hair,AVAILABLE,0,1.54,12.98
spire.monster,AVAILABLE,0,1.54,12.98
spire.rest,AVAILABLE,0,1.54,26.26
spire.skin,AVAILABLE,0,1.54,12.98
spire.surf,AVAILABLE,0,1.54,26.26
spore.lol,UNAVAILABLE,0,1.54,26.26
spore.space,AVAILABLE,1,68.75,273.44
spore.pics,UNAVAILABLE,0,1.54,26.26
spore.quest,AVAILABLE,0,1.54,12.98
spore.mom,AVAILABLE,0,1.54,26.26
spore.beauty,UNAVAILABLE,0,1.54,12.98
spore.beer,AVAILABLE,0,1.54,26.26
spore.best,AVAILABLE,0,1.72,15.96
spore.click,AVAILABLE,1,76.94,109.69
spore.garden,UNAVAILABLE,0,1.54,26.26
spore.hair,AVAILABLE,0,1.54,12.98
spore.monster,AVAILABLE,0,1.54,12.98
spore.rest,UNAVAILABLE,0,1.54,26.26
spore.skin,AVAILABLE,0,1.54,12.98
spore.surf,AVAILABLE,0,1.54,26.26
sprat.lol,AVAILABLE,0,1.54,26.26
sprat.space,AVAILABLE,0,1.96,26.26
sprat.pics,AVAILABLE,0,1.54,26.26
sprat.quest,AVAILABLE,0,1.54,12.98
sprat.mom,AVAILABLE,0,1.54,26.26
sprat.beauty,AVAILABLE,0,1.54,12.98
sprat.beer,AVAILABLE,0,1.54,26.26
sprat.best,AVAILABLE,0,1.72,15.96
sprat.click,AVAILABLE,1,76.94,109.69
sprat.garden,AVAILABLE,0,1.54,26.26
sprat.hair,AVAILABLE,0,1.54,12.98
sprat.monster,AVAILABLE,0,1.54,12.98
sprat.rest,AVAILABLE,0,1.54,26.26
sprat.skin,AVAILABLE,0,1.54,12.98
sprat.surf,AVAILABLE,0,1.54,26.26
sprig.lol,AVAILABLE,0,1.54,26.26
sprig.space,UNAVAILABLE,0,1.96,26.26
sprig.pics,AVAILABLE,0,1.54,26.26
sprig.quest,AVAILABLE,0,1.54,12.98
sprig.mom,AVAILABLE,0,1.54,26.26
sprig.beauty,AVAILABLE,0,1.54,12.98
sprig.beer,AVAILABLE,0,1.54,26.26
sprig.best,AVAILABLE,0,1.72,15.96
sprig.click,AVAILABLE,1,76.94,109.69
sprig.garden,UNAVAILABLE,0,1.54,26.26
sprig.hair,AVAILABLE,0,1.54,12.98
sprig.monster,AVAILABLE,0,1.54,12.98
sprig.rest,AVAILABLE,0,1.54,26.26
sprig.skin,AVAILABLE,0,1.54,12.98
sprig.surf,AVAILABLE,0,1.54,26.26
spume.lol,AVAILABLE,0,1.54,26.26
spume.space,AVAILABLE,1,27.82,109.69
spume.pics,AVAILABLE,0,1.54,26.26
spume.quest,AVAILABLE,0,1.54,12.98
spume.mom,AVAILABLE,0,1.54,26.26
spume.beauty,AVAILABLE,0,1.54,12.98
spume.beer,AVAILABLE,0,1.54,26.26
spume.best,AVAILABLE,0,1.72,15.96
spume.click,AVAILABLE,1,76.94,109.69
spume.garden,AVAILABLE,0,1.54,26.26
spume.hair,AVAILABLE,0,1.54,12.98
spume.monster,AVAILABLE,0,1.54,12.98
spume.rest,AVAILABLE,0,1.54,26.26
spume.skin,AVAILABLE,0,1.54,12.98
spume.surf,AVAILABLE,0,1.54,26.26
spurge.lol,AVAILABLE,0,1.54,26.26
spurge.space,AVAILABLE,1,27.82,109.69
spurge.pics,AVAILABLE,0,1.54,26.26
spurge.quest,AVAILABLE,0,1.54,12.98
spurge.mom,AVAILABLE,0,1.54,26.26
spurge.beauty,AVAILABLE,0,1.54,12.98
spurge.beer,AVAILABLE,0,1.54,26.26
spurge.best,AVAILABLE,0,1.72,15.96
spurge.click,AVAILABLE,0,1.54,10.81
spurge.garden,AVAILABLE,0,1.54,26.26
spurge.hair,AVAILABLE,0,1.54,12.98
spurge.monster,AVAILABLE,0,1.54,12.98
spurge.rest,AVAILABLE,0,1.54,26.26
spurge.skin,AVAILABLE,0,1.54,12.98
spurge.surf,AVAILABLE,0,1.54,26.26
squall.lol,UNAVAILABLE,0,1.54,26.26
squall.space,AVAILABLE,0,1.96,26.26
squall.pics,AVAILABLE,0,1.54,26.26
squall.quest,AVAILABLE,0,1.54,12.98
squall.mom,AVAILABLE,0,1.54,26.26
squall.beauty,AVAILABLE,0,1.54,12.98
squall.beer,AVAILABLE,0,1.54,26.26
squall.best,AVAILABLE,0,1.72,15.96
squall.click,UNAVAILABLE,0,1.54,10.81
squall.garden,AVAILABLE,0,1.54,26.26
squall.hair,AVAILABLE,0,1.54,12.98
squall.monster,AVAILABLE,0,1.54,12.98
squall.rest,AVAILABLE,0,1.54,26.26
squall.skin,AVAILABLE,0,1.54,12.98
squall.surf,AVAILABLE,0,1.54,26.26
stalk.lol,UNAVAILABLE,0,1.54,26.26
stalk.space,AVAILABLE,1,136.98,546.35
stalk.pics,AVAILABLE,0,1.54,26.26
stalk.quest,AVAILABLE,0,1.54,12.98
stalk.mom,AVAILABLE,0,1.54,26.26
stalk.beauty,AVAILABLE,0,1.54,12.98
stalk.beer,AVAILABLE,0,1.54,26.26
stalk.best,AVAILABLE,0,1.72,15.96
stalk.click,AVAILABLE,1,76.94,109.69
stalk.garden,AVAILABLE,0,1.54,26.26
stalk.hair,AVAILABLE,0,1.54,12.98
stalk.monster,AVAILABLE,0,1.54,12.98
stalk.rest,AVAILABLE,0,1.54,26.26
stalk.skin,AVAILABLE,0,1.54,12.98
stalk.surf,AVAILABLE,0,1.54,26.26
stanza.lol,AVAILABLE,0,1.54,26.26
stanza.space,UNAVAILABLE,1,68.75,273.44
stanza.pics,AVAILABLE,0,1.54,26.26
stanza.quest,AVAILABLE,0,1.54,12.98
stanza.mom,AVAILABLE,0,1.54,26.26
stanza.beauty,AVAILABLE,0,1.54,12.98
stanza.beer,AVAILABLE,0,1.54,26.26
stanza.best,AVAILABLE,0,1.72,15.96
stanza.click,AVAILABLE,0,1.54,10.81
stanza.garden,AVAILABLE,0,1.54,26.26
stanza.hair,AVAILABLE,0,1.54,12.98
stanza.monster,AVAILABLE,0,1.54,12.98
stanza.rest,AVAILABLE,0,1.54,26.26
stanza.skin,AVAILABLE,0,1.54,12.98
stanza.surf,AVAILABLE,0,1.54,26.26
stark.lol,UNAVAILABLE,0,1.54,26.26
stark.space,UNAVAILABLE,1,136.98,546.35
stark.pics,UNAVAILABLE,0,1.54,26.26
stark.quest,AVAILABLE,1,710.10,13.74
stark.mom,AVAILABLE,1,710.10,710.10
stark.beauty,AVAILABLE,1,710.10,13.74
stark.beer,UNAVAILABLE,0,1.54,26.26
stark.best,AVAILABLE,0,1.72,15.96
stark.click,UNAVAILABLE,0,1.54,10.81
stark.garden,AVAILABLE,0,1.54,26.26
stark.hair,AVAILABLE,1,710.10,13.74
stark.monster,UNAVAILABLE,0,1.54,12.98
stark.rest,UNAVAILABLE,0,1.54,26.26
stark.skin,AVAILABLE,1,710.10,13.74
stark.surf,UNAVAILABLE,0,1.54,26.26
steep.lol,AVAILABLE,0,1.54,26.26
steep.space,AVAILABLE,1,136.98,546.35
steep.pics,AVAILABLE,0,1.54,26.26
steep.quest,AVAILABLE,0,1.54,12.98
steep.mom,AVAILABLE,0,1.54,26.26
steep.beauty,UNAVAILABLE,0,1.54,12.98
steep.beer,AVAILABLE,0,1.54,26.26
steep.best,AVAILABLE,0,1.72,15.96
steep.click,AVAILABLE,1,76.94,109.69
steep.garden,AVAILABLE,0,1.54,26.26
steep.hair,AVAILABLE,0,1.54,12.98
steep.monster,AVAILABLE,0,1.54,12.98
steep.rest,AVAILABLE,0,1.54,26.26
steep.skin,AVAILABLE,0,1.54,12.98
steep.surf,AVAILABLE,0,1.54,26.26
steppe.lol,AVAILABLE,0,1.54,26.26
steppe.space,AVAILABLE,1,68.75,273.44
steppe.pics,AVAILABLE,0,1.54,26.26
steppe.quest,AVAILABLE,0,1.54,12.98
steppe.mom,AVAILABLE,0,1.54,26.26
steppe.beauty,AVAILABLE,0,1.54,12.98
steppe.beer,AVAILABLE,0,1.54,26.26
steppe.best,AVAILABLE,0,1.72,15.96
steppe.click,AVAILABLE,0,1.54,10.81
steppe.garden,AVAILABLE,0,1.54,26.26
steppe.hair,AVAILABLE,0,1.54,12.98
steppe.monster,AVAILABLE,0,1.54,12.98
steppe.rest,AVAILABLE,0,1.54,26.26
steppe.skin,AVAILABLE,0,1.54,12.98
steppe.surf,AVAILABLE,0,1.54,26.26
stint.lol,AVAILABLE,0,1.54,26.26
stint.space,UNAVAILABLE,0,1.96,26.26
stint.pics,AVAILABLE,0,1.54,26.26
stint.quest,AVAILABLE,0,1.54,12.98
stint.mom,AVAILABLE,0,1.54,26.26
stint.beauty,AVAILABLE,0,1.54,12.98
stint.beer,AVAILABLE,0,1.54,26.26
stint.best,AVAILABLE,0,1.72,15.96
stint.click,AVAILABLE,1,76.94,109.69
stint.garden,AVAILABLE,0,1.54,26.26
stint.hair,AVAILABLE,0,1.54,12.98
stint.monster,AVAILABLE,0,1.54,12.98
stint.rest,AVAILABLE,0,1.54,26.26
stint.skin,AVAILABLE,0,1.54,12.98
stint.surf,AVAILABLE,0,1.54,26.26
stipe.lol,AVAILABLE,0,1.54,26.26
stipe.space,AVAILABLE,1,68.75,273.44
stipe.pics,AVAILABLE,0,1.54,26.26
stipe.quest,AVAILABLE,0,1.54,12.98
stipe.mom,AVAILABLE,0,1.54,26.26
stipe.beauty,AVAILABLE,0,1.54,12.98
stipe.beer,AVAILABLE,0,1.54,26.26
stipe.best,AVAILABLE,0,1.72,15.96
stipe.click,AVAILABLE,1,76.94,109.69
stipe.garden,AVAILABLE,0,1.54,26.26
stipe.hair,AVAILABLE,0,1.54,12.98
stipe.monster,AVAILABLE,0,1.54,12.98
stipe.rest,AVAILABLE,0,1.54,26.26
stipe.skin,AVAILABLE,0,1.54,12.98
stipe.surf,AVAILABLE,0,1.54,26.26
stoat.lol,UNAVAILABLE,0,1.54,26.26
stoat.space,UNAVAILABLE,0,1.96,26.26
stoat.pics,AVAILABLE,0,1.54,26.26
stoat.quest,UNAVAILABLE,0,1.54,12.98
stoat.mom,AVAILABLE,0,1.54,26.26
stoat.beauty,AVAILABLE,0,1.54,12.98
stoat.beer,AVAILABLE,0,1.54,26.26
stoat.best,AVAILABLE,0,1.72,15.96
stoat.click,AVAILABLE,1,76.94,109.69
stoat.garden,UNAVAILABLE,0,1.54,26.26
stoat.hair,AVAILABLE,0,1.54,12.98
stoat.monster,AVAILABLE,0,1.54,12.98
stoat.rest,AVAILABLE,0,1.54,26.26
stoat.skin,AVAILABLE,0,1.54,12.98
stoat.surf,AVAILABLE,0,1.54,26.26
suet.lol,AVAILABLE,0,1.54,26.26
suet.space,AVAILABLE,1,68.75,273.44
suet.pics,AVAILABLE,0,1.54,26.26
suet.quest,AVAILABLE,0,1.54,12.98
suet.mom,AVAILABLE,0,1.54,26.26
suet.beauty,AVAILABLE,0,1.54,12.98
suet.beer,AVAILABLE,0,1.54,26.26
suet.best,AVAILABLE,0,1.72,15.96
suet.click,AVAILABLE,1,76.94,109.69
suet.garden,AVAILABLE,0,1.54,26.26
suet.hair,AVAILABLE,0,1.54,12.98
suet.monster,AVAILABLE,0,1.54,12.98
suet.rest,AVAILABLE,0,1.54,26.26
suet.skin,AVAILABLE,0,1.54,12.98
suet.surf,AVAILABLE,0,1.54,26.26
sumac.lol,AVAILABLE,0,1.54,26.26
sumac.space,UNAVAILABLE,0,1.96,26.26
sumac.pics,AVAILABLE,0,1.54,26.26
sumac.quest,AVAILABLE,0,1.54,12.98
sumac.mom,AVAILABLE,0,1.54,26.26
sumac.beauty,AVAILABLE,0,1.54,12.98
sumac.beer,AVAILABLE,0,1.54,26.26
sumac.best,AVAILABLE,0,1.72,15.96
sumac.click,AVAILABLE,1,76.94,109.69
sumac.garden,AVAILABLE,0,1.54,26.26
sumac.hair,AVAILABLE,0,1.54,12.98
sumac.monster,AVAILABLE,0,1.54,12.98
sumac.rest,AVAILABLE,0,1.54,26.26
sumac.skin,AVAILABLE,0,1.54,12.98
sumac.surf,AVAILABLE,0,1.54,26.26
svelte.lol,UNAVAILABLE,0,1.54,26.26
svelte.space,AVAILABLE,1,68.75,273.44
svelte.pics,AVAILABLE,0,1.54,26.26
svelte.quest,AVAILABLE,0,1.54,12.98
svelte.mom,AVAILABLE,0,1.54,26.26
svelte.beauty,AVAILABLE,0,1.54,12.98
svelte.beer,AVAILABLE,0,1.54,26.26
svelte.best,AVAILABLE,0,1.72,15.96
svelte.click,AVAILABLE,0,1.54,10.81
svelte.garden,UNAVAILABLE,0,1.54,26.26
svelte.hair,AVAILABLE,0,1.54,12.98
svelte.monster,AVAILABLE,0,1.54,12.98
svelte.rest,AVAILABLE,0,1.54,26.26
svelte.skin,AVAILABLE,0,1.54,12.98
svelte.surf,UNAVAILABLE,0,1.54,26.26
swale.lol,AVAILABLE,0,1.54,26.26
swale.space,AVAILABLE,1,27.82,109.69
swale.pics,AVAILABLE,0,1.54,26.26
swale.quest,AVAILABLE,0,1.54,12.98
swale.mom,AVAILABLE,0,1.54,26.26
swale.beauty,AVAILABLE,0,1.54,12.98
swale.beer,AVAILABLE,0,1.54,26.26
swale.best,AVAILABLE,0,1.72,15.96
swale.click,AVAILABLE,1,76.94,109.69
swale.garden,AVAILABLE,0,1.54,26.26
swale.hair,AVAILABLE,0,1.54,12.98
swale.monster,AVAILABLE,0,1.54,12.98
swale.rest,AVAILABLE,0,1.54,26.26
swale.skin,AVAILABLE,0,1.54,12.98
swale.surf,AVAILABLE,0,1.54,26.26
sward.lol,UNAVAILABLE,0,1.54,26.26
sward.space,UNAVAILABLE,1,68.75,273.44
sward.pics,AVAILABLE,0,1.54,26.26
sward.quest,AVAILABLE,0,1.54,12.98
sward.mom,AVAILABLE,0,1.54,26.26
sward.beauty,AVAILABLE,0,1.54,12.98
sward.beer,AVAILABLE,0,1.54,26.26
sward.best,AVAILABLE,0,1.72,15.96
sward.click,AVAILABLE,1,76.94,109.69
sward.garden,AVAILABLE,0,1.54,26.26
sward.hair,AVAILABLE,0,1.54,12.98
sward.monster,AVAILABLE,0,1.54,12.98
sward.rest,AVAILABLE,0,1.54,26.26
sward.skin,AVAILABLE,0,1.54,12.98
sward.surf,AVAILABLE,0,1.54,26.26
swift.lol,UNAVAILABLE,0,1.54,26.26
swift.space,AVAILABLE,1,682.81,2729.67
swift.pics,AVAILABLE,1,2183.84,2183.84
swift.quest,AVAILABLE,1,2183.84,2183.84
swift.mom,AVAILABLE,1,2183.84,2183.84
swift.beauty,AVAILABLE,1,2183.84,2183.84
swift.beer,UNAVAILABLE,1,44.19,27.82
swift.best,UNAVAILABLE,1,76.94,76.94
swift.click,UNAVAILABLE,0,1.54,10.81
swift.garden,UNAVAILABLE,0,1.54,26.26
swift.hair,AVAILABLE,1,2183.84,2183.84
swift.monster,UNAVAILABLE,0,1.54,12.98
swift.rest,UNAVAILABLE,0,1.54,26.26
swift.skin,AVAILABLE,1,2183.84,2183.84
swift.surf,UNAVAILABLE,1,44.19,27.82
sylph.lol,AVAILABLE,0,1.54,26.26
sylph.space,AVAILABLE,1,27.82,109.69
sylph.pics,AVAILABLE,0,1.54,26.26
sylph.quest,AVAILABLE,0,1.54,12.98
sylph.mom,AVAILABLE,0,1.54,26.26
sylph.beauty,AVAILABLE,0,1.54,12.98
sylph.beer,AVAILABLE,0,1.54,26.26
sylph.best,AVAILABLE,0,1.72,15.96
sylph.click,AVAILABLE,1,76.94,109.69
sylph.garden,AVAILABLE,0,1.54,26.26
sylph.hair,AVAILABLE,0,1.54,12.98
sylph.monster,AVAILABLE,0,1.54,12.98
sylph.rest,AVAILABLE,0,1.54,26.26
sylph.skin,AVAILABLE,0,1.54,12.98
sylph.surf,AVAILABLE,0,1.54,26.26
talc.lol,AVAILABLE,0,1.54,26.26
talc.space,AVAILABLE,1,27.82,109.69
talc.pics,AVAILABLE,0,1.54,26.26
talc.quest,AVAILABLE,0,1.54,12.98
talc.mom,AVAILABLE,0,1.54,26.26
talc.beauty,AVAILABLE,0,1.54,12.98
talc.beer,AVAILABLE,0,1.54,26.26
talc.best,AVAILABLE,0,1.72,15.96
talc.click,AVAILABLE,1,76.94,109.69
talc.garden,AVAILABLE,0,1.54,26.26
talc.hair,AVAILABLE,0,1.54,12.98
talc.monster,AVAILABLE,0,1.54,12.98
talc.rest,AVAILABLE,0,1.54,26.26
talc.skin,AVAILABLE,0,1.54,12.98
talc.surf,AVAILABLE,0,1.54,26.26
talon.lol,UNAVAILABLE,0,1.54,26.26
talon.space,AVAILABLE,1,136.98,546.35
talon.pics,AVAILABLE,0,1.54,26.26
talon.quest,UNAVAILABLE,0,1.54,12.98
talon.mom,AVAILABLE,0,1.54,26.26
talon.beauty,AVAILABLE,0,1.54,12.98
talon.beer,AVAILABLE,0,1.54,26.26
talon.best,AVAILABLE,0,1.72,15.96
talon.click,AVAILABLE,1,382.61,546.35
talon.garden,AVAILABLE,0,1.54,26.26
talon.hair,AVAILABLE,0,1.54,12.98
talon.monster,UNAVAILABLE,0,1.54,12.98
talon.rest,UNAVAILABLE,0,1.54,26.26
talon.skin,AVAILABLE,0,1.54,12.98
talon.surf,AVAILABLE,0,1.54,26.26
tamper.lol,UNAVAILABLE,0,1.54,26.26
tamper.space,UNAVAILABLE,0,1.96,26.26
tamper.pics,AVAILABLE,0,1.54,26.26
tamper.quest,AVAILABLE,0,1.54,12.98
tamper.mom,AVAILABLE,0,1.54,26.26
tamper.beauty,AVAILABLE,0,1.54,12.98
tamper.beer,AVAILABLE,0,1.54,26.26
tamper.best,AVAILABLE,0,1.72,15.96
tamper.click,AVAILABLE,0,1.54,10.81
tamper.garden,AVAILABLE,0,1.54,26.26
tamper.hair,AVAILABLE,0,1.54,12.98
tamper.monster,AVAILABLE,0,1.54,12.98
tamper.rest,AVAILABLE,0,1.54,26.26
tamper.skin,AVAILABLE,0,1.54,12.98
tamper.surf,AVAILABLE,0,1.54,26.26
tansy.lol,AVAILABLE,0,1.54,26.26
tansy.space,AVAILABLE,1,27.82,109.69
tansy.pics,AVAILABLE,0,1.54,26.26
tansy.quest,AVAILABLE,0,1.54,12.98
tansy.mom,AVAILABLE,0,1.54,26.26
tansy.beauty,AVAILABLE,0,1.54,12.98
tansy.beer,AVAILABLE,0,1.54,26.26
tansy.best,AVAILABLE,0,1.72,15.96
tansy.click,AVAILABLE,1,76.94,109.69
tansy.garden,AVAILABLE,0,1.54,26.26
tansy.hair,AVAILABLE,0,1.54,12.98
tansy.monster,AVAILABLE,0,1.54,12.98
tansy.rest,AVAILABLE,0,1.54,26.26
tansy.skin,AVAILABLE,0,1.54,12.98
tansy.surf,AVAILABLE,0,1.54,26.26
tare.lol,UNAVAILABLE,0,1.54,26.26
tare.space,AVAILABLE,1,68.75,273.44
tare.pics,AVAILABLE,0,1.54,26.26
tare.quest,AVAILABLE,0,1.54,12.98
tare.mom,AVAILABLE,0,1.54,26.26
tare.beauty,AVAILABLE,0,1.54,12.98
tare.beer,AVAILABLE,0,1.54,26.26
tare.best,AVAILABLE,0,1.72,15.96
tare.click,AVAILABLE,1,76.94,109.69
tare.garden,AVAILABLE,0,1.54,26.26
tare.hair,AVAILABLE,0,1.54,12.98
tare.monster,AVAILABLE,0,1.54,12.98
tare.rest,AVAILABLE,0,1.54,26.26
tare.skin,AVAILABLE,0,1.54,12.98
tare.surf,AVAILABLE,0,1.54,26.26
tarn.lol,UNAVAILABLE,0,1.54,26.26
tarn.space,AVAILABLE,1,68.75,273.44
tarn.pics,AVAILABLE,0,1.54,26.26
tarn.quest,AVAILABLE,0,1.54,12.98
tarn.mom,AVAILABLE,0,1.54,26.26
tarn.beauty,AVAILABLE,0,1.54,12.98
tarn.beer,AVAILABLE,0,1.54,26.26
tarn.best,AVAILABLE,0,1.72,15.96
tarn.click,AVAILABLE,1,76.94,109.69
tarn.garden,AVAILABLE,0,1.54,26.26
tarn.hair,AVAILABLE,0,1.54,12.98
tarn.monster,AVAILABLE,0,1.54,12.98
tarn.rest,AVAILABLE,0,1.54,26.26
tarn.skin,AVAILABLE,0,1.54,12.98
tarn.surf,AVAILABLE,0,1.54,26.26
tarre.lol,AVAILABLE,0,1.54,26.26
tarre.space,AVAILABLE,0,1.96,26.26
tarre.pics,AVAILABLE,0,1.54,26.26
tarre.quest,AVAILABLE,0,1.54,12.98
tarre.mom,AVAILABLE,0,1.54,26.26
tarre.beauty,AVAILABLE,0,1.54,12.98
tarre.beer,AVAILABLE,0,1.54,26.26
tarre.best,AVAILABLE,0,1.72,15.96
tarre.click,AVAILABLE,1,76.94,109.69
tarre.garden,AVAILABLE,0,1.54,26.26
tarre.hair,AVAILABLE,0,1.54,12.98
tarre.monster,AVAILABLE,0,1.54,12.98
tarre.rest,AVAILABLE,0,1.54,26.26
tarre.skin,AVAILABLE,0,1.54,12.98
tarre.surf,AVAILABLE,0,1.54,26.26
teak.lol,AVAILABLE,0,1.54,26.26
teak.space,PENDING,0,0.00,0.00
teak.pics,AVAILABLE,0,1.54,26.26
teak.quest,AVAILABLE,0,1.54,12.98
teak.mom,AVAILABLE,0,1.54,26.26
teak.beauty,AVAILABLE,0,1.54,12.98
teak.beer,PENDING,0,0.00,0.00
teak.best,AVAILABLE,0,1.72,15.96
teak.click,AVAILABLE,1,76.94,109.69
teak.garden,PENDING,0,0.00,0.00
teak.hair,UNAVAILABLE,0,1.54,12.98
teak.monster,UNAVAILABLE,0,1.54,12.98
teak.rest,AVAILABLE,0,1.54,26.26
teak.skin,AVAILABLE,0,1.54,12.98
teak.surf,PENDING,0,0.00,0.00
teff.lol,AVAILABLE,0,1.54,26.26
teff.space,AVAILABLE,1,68.75,273.44
teff.pics,AVAILABLE,0,1.54,26.26
teff.quest,AVAILABLE,0,1.54,12.98
teff.mom,AVAILABLE,0,1.54,26.26
teff.beauty,AVAILABLE,0,1.54,12.98
teff.beer,PENDING,0,0.00,0.00
teff.best,AVAILABLE,0,1.72,15.96
teff.click,AVAILABLE,1,76.94,109.69
teff.garden,PENDING,0,0.00,0.00
teff.hair,AVAILABLE,0,1.54,12.98
teff.monster,AVAILABLE,0,1.54,12.98
teff.rest,AVAILABLE,0,1.54,26.26
teff.skin,AVAILABLE,0,1.54,12.98
teff.surf,PENDING,0,0.00,0.00
temper.lol,UNAVAILABLE,0,1.54,26.26
temper.space,UNAVAILABLE,1,68.75,273.44
temper.pics,AVAILABLE,0,1.54,26.26
temper.quest,AVAILABLE,0,1.54,12.98
temper.mom,UNAVAILABLE,0,1.54,26.26
temper.beauty,AVAILABLE,0,1.54,12.98
temper.beer,AVAILABLE,0,1.54,26.26
temper.best,AVAILABLE,0,1.72,15.96
temper.click,AVAILABLE,0,1.54,10.81
temper.garden,AVAILABLE,0,1.54,26.26
temper.hair,UNAVAILABLE,0,1.54,12.98
temper.monster,AVAILABLE,0,1.54,12.98
temper.rest,AVAILABLE,0,1.54,26.26
temper.skin,AVAILABLE,0,1.54,12.98
temper.surf,AVAILABLE,0,1.54,26.26
tench.lol,AVAILABLE,0,1.54,26.26
tench.space,AVAILABLE,1,68.75,273.44
tench.pics,AVAILABLE,0,1.54,26.26
tench.quest,AVAILABLE,0,1.54,12.98
tench.mom,AVAILABLE,0,1.54,26.26
tench.beauty,AVAILABLE,0,1.54,12.98
tench.beer,AVAILABLE,0,1.54,26.26
tench.best,AVAILABLE,0,1.72,15.96
tench.click,AVAILABLE,1,76.94,109.69
tench.garden,AVAILABLE,0,1.54,26.26
tench.hair,AVAILABLE,0,1.54,12.98
tench.monster,AVAILABLE,0,1.54,12.98
tench.rest,AVAILABLE,0,1.54,26.26
tench.skin,AVAILABLE,0,1.54,12.98
tench.surf,AVAILABLE,0,1.54,26.26
tenet.lol,AVAILABLE,1,2183.84,2183.84
tenet.space,UNAVAILABLE,0,1.96,26.26
tenet.pics,AVAILABLE,1,2183.84,2183.84
tenet.quest,AVAILABLE,1,2183.84,2183.84
tenet.mom,AVAILABLE,1,2183.84,2183.84
tenet.beauty,AVAILABLE,1,2183.84,2183.84
tenet.beer,AVAILABLE,0,1.54,26.26
tenet.best,UNAVAILABLE,0,1.72,15.96
tenet.click,UNAVAILABLE,0,1.54,10.81
tenet.garden,AVAILABLE,0,1.54,26.26
tenet.hair,AVAILABLE,1,2183.84,2183.84
tenet.monster,UNAVAILABLE,0,1.54,12.98
tenet.rest,AVAILABLE,0,1.54,26.26
tenet.skin,AVAILABLE,1,2183.84,2183.84
tenet.surf,UNAVAILABLE,0,1.54,26.26
tern.lol,UNAVAILABLE,0,1.54,26.26
tern.space,AVAILABLE,1,136.98,546.35
tern.pics,AVAILABLE,0,1.54,26.26
tern.quest,AVAILABLE,0,1.54,12.98
tern.mom,AVAILABLE,0,1.54,26.26
tern.beauty,AVAILABLE,0,1.54,12.98
tern.beer,AVAILABLE,0,1.54,26.26
tern.best,AVAILABLE,0,1.72,15.96
tern.click,AVAILABLE,1,76.94,109.69
tern.garden,AVAILABLE,0,1.54,26.26
tern.hair,AVAILABLE,0,1.54,12.98
tern.monster,AVAILABLE,0,1.54,12.98
tern.rest,UNAVAILABLE,0,1.54,26.26
tern.skin,AVAILABLE,0,1.54,12.98
tern.surf,AVAILABLE,0,1.54,26.26
terse.lol,AVAILABLE,0,1.54,26.26
terse.space,AVAILABLE,1,27.82,109.69
terse.pics,AVAILABLE,0,1.54,26.26
terse.quest,AVAILABLE,0,1.54,12.98
terse.mom,AVAILABLE,0,1.54,26.26
terse.beauty,AVAILABLE,0,1.54,12.98
terse.beer,AVAILABLE,0,1.54,26.26
terse.best,AVAILABLE,0,1.72,15.96
terse.click,AVAILABLE,1,76.94,109.69
terse.garden,AVAILABLE,0,1.54,26.26
terse.hair,AVAILABLE,0,1.54,12.98
terse.monster,AVAILABLE,0,1.54,12.98
terse.rest,AVAILABLE,0,1.54,26.26
terse.skin,AVAILABLE,0,1.54,12.98
terse.surf,AVAILABLE,0,1.54,26.26
tetra.lol,UNAVAILABLE,0,1.54,26.26
tetra.space,AVAILABLE,1,682.81,2729.67
tetra.pics,UNAVAILABLE,0,1.54,26.26
tetra.quest,UNAVAILABLE,0,1.54,12.98
tetra.mom,AVAILABLE,0,1.54,26.26
tetra.beauty,AVAILABLE,0,1.54,12.98
tetra.beer,AVAILABLE,0,1.54,26.26
tetra.best,UNAVAILABLE,0,1.72,15.96
tetra.click,AVAILABLE,1,382.61,546.35
tetra.garden,AVAILABLE,0,1.54,26.26
tetra.hair,AVAILABLE,0,1.54,12.98
tetra.monster,AVAILABLE,0,1.54,12.98
tetra.rest,AVAILABLE,0,1.54,26.26
tetra.skin,AVAILABLE,0,1.54,12.98
tetra.surf,AVAILABLE,0,1.54,26.26
thane.lol,AVAILABLE,0,1.54,26.26
thane.space,AVAILABLE,1,68.75,273.44
thane.pics,AVAILABLE,0,1.54,26.26
thane.quest,AVAILABLE,0,1.54,12.98
thane.mom,AVAILABLE,0,1.54,26.26
thane.beauty,AVAILABLE,0,1.54,12.98
thane.beer,AVAILABLE,0,1.54,26.26
thane.best,AVAILABLE,0,1.72,15.96
thane.click,AVAILABLE,1,76.94,109.69
thane.garden,AVAILABLE,0,1.54,26.26
thane.hair,AVAILABLE,0,1.54,12.98
thane.monster,UNAVAILABLE,0,1.54,12.98
thane.rest,AVAILABLE,0,1.54,26.26
thane.skin,AVAILABLE,0,1.54,12.98
thane.surf,AVAILABLE,0,1.54,26.26
thatch.lol,AVAILABLE,0,1.54,26.26
thatch.space,UNAVAILABLE,0,1.96,26.26
thatch.pics,AVAILABLE,0,1.54,26.26
thatch.quest,AVAILABLE,0,1.54,12.98
thatch.mom,AVAILABLE,0,1.54,26.26
thatch.beauty,AVAILABLE,0,1.54,12.98
thatch.beer,AVAILABLE,0,1.54,26.26
thatch.best,AVAILABLE,0,1.72,15.96
thatch.click,AVAILABLE,0,1.54,10.81
thatch.garden,AVAILABLE,0,1.54,26.26
thatch.hair,AVAILABLE,0,1.54,12.98
thatch.monster,AVAILABLE,0,1.54,12.98
thatch.rest,AVAILABLE,0,1.54,26.26
thatch.skin,AVAILABLE,0,1.54,12.98
thatch.surf,AVAILABLE,0,1.54,26.26
thorn.lol,UNAVAILABLE,0,1.54,26.26
thorn.space,UNAVAILABLE,0,1.96,26.26
thorn.pics,AVAILABLE,0,1.54,26.26
thorn.quest,UNAVAILABLE,0,1.54,12.98
thorn.mom,AVAILABLE,0,1.54,26.26
thorn.beauty,UNAVAILABLE,0,1.54,12.98
thorn.beer,UNAVAILABLE,0,1.54,26.26
thorn.best,AVAILABLE,0,1.72,15.96
thorn.click,AVAILABLE,0,1.54,10.81
thorn.garden,AVAILABLE,1,87.86,27.82
thorn.hair,AVAILABLE,0,1.54,12.98
thorn.monster,AVAILABLE,0,1.54,12.98
thorn.rest,UNAVAILABLE,0,1.54,26.26
thorn.skin,AVAILABLE,0,1.54,12.98
thorn.surf,UNAVAILABLE,0,1.54,26.26
thrall.lol,AVAILABLE,0,1.54,26.26
thrall.space,AVAILABLE,1,68.75,273.44
thrall.pics,AVAILABLE,0,1.54,26.26
thrall.quest,AVAILABLE,0,1.54,12.98
thrall.mom,AVAILABLE,0,1.54,26.26
thrall.beauty,AVAILABLE,0,1.54,12.98
thrall.beer,AVAILABLE,0,1.54,26.26
thrall.best,AVAILABLE,0,1.72,15.96
thrall.click,AVAILABLE,0,1.54,10.81
thrall.garden,AVAILABLE,0,1.54,26.26
thrall.hair,AVAILABLE,0,1.54,12.98
thrall.monster,AVAILABLE,0,1.54,12.98
thrall.rest,AVAILABLE,0,1.54,26.26
thrall.skin,AVAILABLE,0,1.54,12.98
thrall.surf,AVAILABLE,0,1.54,26.26
thrip.lol,AVAILABLE,0,1.54,26.26
thrip.space,AVAILABLE,0,1.96,26.26
thrip.pics,AVAILABLE,0,1.54,26.26
thrip.quest,AVAILABLE,0,1.54,12.98
thrip.mom,AVAILABLE,0,1.54,26.26
thrip.beauty,AVAILABLE,0,1.54,12.98
thrip.beer,AVAILABLE,0,1.54,26.26
thrip.best,AVAILABLE,0,1.72,15.96
thrip.click,AVAILABLE,1,76.94,109.69
thrip.garden,AVAILABLE,0,1.54,26.26
thrip.hair,AVAILABLE,0,1.54,12.98
thrip.monster,AVAILABLE,0,1.54,12.98
thrip.rest,AVAILABLE,0,1.54,26.26
thrip.skin,AVAILABLE,0,1.54,12.98
thrip.surf,AVAILABLE,0,1.54,26.26
thrum.lol,AVAILABLE,0,1.54,26.26
thrum.space,AVAILABLE,1,68.75,273.44
thrum.pics,AVAILABLE,0,1.54,26.26
thrum.quest,AVAILABLE,0,1.54,12.98
thrum.mom,AVAILABLE,0,1.54,26.26
thrum.beauty,AVAILABLE,0,1.54,12.98
thrum.beer,AVAILABLE,0,1.54,26.26
thrum.best,AVAILABLE,0,1.72,15.96
thrum.click,AVAILABLE,1,76.94,109.69
thrum.garden,AVAILABLE,0,1.54,26.26
thrum.hair,AVAILABLE,0,1.54,12.98
thrum.monster,AVAILABLE,0,1.54,12.98
thrum.rest,AVAILABLE,0,1.54,26.26
thrum.skin,AVAILABLE,0,1.54,12.98
thrum.surf,AVAILABLE,0,1.54,26.26
thyme.lol,UNAVAILABLE,0,1.54,26.26
thyme.space,AVAILABLE,1,136.98,546.35
thyme.pics,AVAILABLE,0,1.54,26.26
thyme.quest,UNAVAILABLE,0,1.54,12.98
thyme.mom,AVAILABLE,0,1.54,26.26
thyme.beauty,AVAILABLE,0,1.54,12.98
thyme.beer,AVAILABLE,1,44.19,27.82
thyme.best,AVAILABLE,0,1.72,15.96
thyme.click,AVAILABLE,1,382.61,546.35
thyme.garden,AVAILABLE,1,87.86,27.82
thyme.hair,AVAILABLE,0,1.54,12.98
thyme.monster,UNAVAILABLE,0,1.54,12.98
thyme.rest,AVAILABLE,0,1.54,26.26
thyme.skin,AVAILABLE,0,1.54,12.98
thyme.surf,AVAILABLE,0,1.54,26.26
tilth.lol,AVAILABLE,0,1.54,26.26
tilth.space,AVAILABLE,1,27.82,109.69
tilth.pics,AVAILABLE,0,1.54,26.26
tilth.quest,AVAILABLE,0,1.54,12.98
tilth.mom,AVAILABLE,0,1.54,26.26
tilth.beauty,AVAILABLE,0,1.54,12.98
tilth.beer,AVAILABLE,0,1.54,26.26
tilth.best,AVAILABLE,0,1.72,15.96
tilth.click,AVAILABLE,1,76.94,109.69
tilth.garden,UNAVAILABLE,0,1.54,26.26
tilth.hair,AVAILABLE,0,1.54,12.98
tilth.monster,AVAILABLE,0,1.54,12.98
tilth.rest,AVAILABLE,0,1.54,26.26
tilth.skin,AVAILABLE,0,1.54,12.98
tilth.surf,AVAILABLE,0,1.54,26.26
tome.lol,UNAVAILABLE,0,1.54,26.26
tome.space,AVAILABLE,1,136.98,546.35
tome.pics,AVAILABLE,0,1.54,26.26
tome.quest,UNAVAILABLE,0,1.54,12.98
tome.mom,AVAILABLE,0,1.54,26.26
tome.beauty,AVAILABLE,0,1.54,12.98
tome.beer,AVAILABLE,0,1.54,26.26
tome.best,AVAILABLE,0,1.72,15.96
tome.click,AVAILABLE,1,76.94,109.69
tome.garden,AVAILABLE,0,1.54,26.26
tome.hair,AVAILABLE,0,1.54,12.98
tome.monster,AVAILABLE,0,1.54,12.98
tome.rest,AVAILABLE,0,1.54,26.26
tome.skin,AVAILABLE,0,1.54,12.98
tome.surf,AVAILABLE,0,1.54,26.26
tongs.lol,AVAILABLE,0,1.54,26.26
tongs.space,AVAILABLE,1,136.98,546.35
tongs.pics,AVAILABLE,0,1.54,26.26
tongs.quest,AVAILABLE,0,1.54,12.98
tongs.mom,UNAVAILABLE,0,1.54,26.26
tongs.beauty,AVAILABLE,0,1.54,12.98
tongs.beer,AVAILABLE,0,1.54,26.26
tongs.best,AVAILABLE,0,1.72,15.96
tongs.click,AVAILABLE,1,76.94,109.69
tongs.garden,AVAILABLE,0,1.54,26.26
tongs.hair,AVAILABLE,0,1.54,12.98
tongs.monster,AVAILABLE,0,1.54,12.98
tongs.rest,AVAILABLE,0,1.54,26.26
tongs.skin,AVAILABLE,0,1.54,12.98
tongs.surf,AVAILABLE,0,1.54,26.26
tor.lol,UNAVAILABLE,1,109.69,109.69
tor.space,PENDING,0,0.00,0.00
tor.pics,AVAILABLE,0,1.54,26.26
tor.quest,UNAVAILABLE,0,1.54,12.98
tor.mom,UNAVAILABLE,0,1.54,26.26
tor.beauty,AVAILABLE,0,1.54,12.98
tor.beer,UNAVAILABLE,0,1.54,26.26
tor.best,AVAILABLE,0,1.72,15.96
tor.click,AVAILABLE,1,76.94,109.69
tor.garden,UNAVAILABLE,0,1.54,26.26
tor.hair,AVAILABLE,0,1.54,12.98
tor.monster,UNAVAILABLE,0,1.54,12.98
tor.rest,AVAILABLE,1,69.30,98.77
tor.skin,UNAVAILABLE,0,1.54,12.98
tor.surf,AVAILABLE,1,44.19,27.82
totem.lol,UNAVAILABLE,0,1.54,26.26
totem.space,AVAILABLE,1,136.98,546.35
totem.pics,UNAVAILABLE,0,1.54,26.26
totem.quest,UNAVAILABLE,0,1.54,12.98
totem.mom,AVAILABLE,0,1.54,26.26
totem.beauty,AVAILABLE,0,1.54,12.98
totem.beer,AVAILABLE,0,1.54,26.26
totem.best,AVAILABLE,0,1.72,15.96
totem.click,AVAILABLE,1,76.94,109.69
totem.garden,AVAILABLE,0,1.54,26.26
totem.hair,AVAILABLE,0,1.54,12.98
totem.monster,UNAVAILABLE,0,1.54,12.98
totem.rest,AVAILABLE,0,1.54,26.26
totem.skin,AVAILABLE,0,1.54,12.98
totem.surf,AVAILABLE,0,1.54,26.26
tripe.lol,AVAILABLE,0,1.54,26.26
tripe.space,AVAILABLE,1,27.82,109.69
tripe.pics,AVAILABLE,0,1.54,26.26
tripe.quest,AVAILABLE,0,1.54,12.98
tripe.mom,AVAILABLE,0,1.54,26.26
tripe.beauty,AVAILABLE,0,1.54,12.98
tripe.beer,AVAILABLE,0,1.54,26.26
tripe.best,AVAILABLE,0,1.72,15.96
tripe.click,AVAILABLE,1,76.94,109.69
tripe.garden,AVAILABLE,0,1.54,26.26
tripe.hair,AVAILABLE,0,1.54,12.98
tripe.monster,AVAILABLE,0,1.54,12.98
tripe.rest,AVAILABLE,0,1.54,26.26
tripe.skin,AVAILABLE,0,1.54,12.98
tripe.surf,AVAILABLE,0,1.54,26.26
troth.lol,AVAILABLE,0,1.54,26.26
troth.space,AVAILABLE,1,68.75,273.44
troth.pics,AVAILABLE,0,1.54,26.26
troth.quest,AVAILABLE,0,1.54,12.98
troth.mom,AVAILABLE,0,1.54,26.26
troth.beauty,AVAILABLE,0,1.54,12.98
troth.beer,AVAILABLE,0,1.54,26.26
troth.best,AVAILABLE,0,1.72,15.96
troth.click,AVAILABLE,1,76.94,109.69
troth.garden,AVAILABLE,0,1.54,26.26
troth.hair,AVAILABLE,0,1.54,12.98
troth.monster,AVAILABLE,0,1.54,12.98
troth.rest,AVAILABLE,0,1.54,26.26
troth.skin,AVAILABLE,0,1.54,12.98
troth.surf,AVAILABLE,0,1.54,26.26
tuber.lol,UNAVAILABLE,0,1.54,26.26
tuber.space,AVAILABLE,1,27.82,109.69
tuber.pics,AVAILABLE,0,1.54,26.26
tuber.quest,AVAILABLE,0,1.54,12.98
tuber.mom,AVAILABLE,0,1.54,26.26
tuber.beauty,AVAILABLE,0,1.54,12.98
tuber.beer,AVAILABLE,0,1.54,26.26
tuber.best,AVAILABLE,0,1.72,15.96
tuber.click,AVAILABLE,1,76.94,109.69
tuber.garden,AVAILABLE,0,1.54,26.26
tuber.hair,AVAILABLE,0,1.54,12.98
tuber.monster,AVAILABLE,0,1.54,12.98
tuber.rest,AVAILABLE,0,1.54,26.26
tuber.skin,AVAILABLE,0,1.54,12.98
tuber.surf,AVAILABLE,0,1.54,26.26
tuft.lol,AVAILABLE,0,1.54,26.26
tuft.space,AVAILABLE,1,68.75,273.44
tuft.pics,AVAILABLE,0,1.54,26.26
tuft.quest,AVAILABLE,0,1.54,12.98
tuft.mom,AVAILABLE,0,1.54,26.26
tuft.beauty,AVAILABLE,0,1.54,12.98
tuft.beer,AVAILABLE,0,1.54,26.26
tuft.best,AVAILABLE,0,1.72,15.96
tuft.click,AVAILABLE,1,76.94,109.69
tuft.garden,AVAILABLE,0,1.54,26.26
tuft.hair,AVAILABLE,0,1.54,12.98
tuft.monster,AVAILABLE,0,1.54,12.98
tuft.rest,AVAILABLE,0,1.54,26.26
tuft.skin,AVAILABLE,0,1.54,12.98
tuft.surf,AVAILABLE,0,1.54,26.26
tusk.lol,UNAVAILABLE,0,1.54,26.26
tusk.space,UNAVAILABLE,0,1.96,26.26
tusk.pics,AVAILABLE,0,1.54,26.26
tusk.quest,UNAVAILABLE,0,1.54,12.98
tusk.mom,AVAILABLE,0,1.54,26.26
tusk.beauty,AVAILABLE,0,1.54,12.98
tusk.beer,AVAILABLE,1,44.19,27.82
tusk.best,UNAVAILABLE,0,1.72,15.96
tusk.click,AVAILABLE,1,76.94,109.69
tusk.garden,AVAILABLE,0,1.54,26.26
tusk.hair,AVAILABLE,0,1.54,12.98
tusk.monster,AVAILABLE,0,1.54,12.98
tusk.rest,AVAILABLE,0,1.54,26.26
tusk.skin,AVAILABLE,0,1.54,12.98
tusk.surf,AVAILABLE,0,1.54,26.26
twine.lol,UNAVAILABLE,0,1.54,26.26
twine.space,UNAVAILABLE,0,1.96,26.26
twine.pics,UNAVAILABLE,0,1.54,26.26
twine.quest,AVAILABLE,0,1.54,12.98
twine.mom,AVAILABLE,0,1.54,26.26
twine.beauty,AVAILABLE,0,1.54,12.98
twine.beer,AVAILABLE,0,1.54,26.26
twine.best,AVAILABLE,0,1.72,15.96
twine.click,AVAILABLE,1,76.94,109.69
twine.garden,UNAVAILABLE,0,1.54,26.26
twine.hair,AVAILABLE,0,1.54,12.98
twine.monster,AVAILABLE,0,1.54,12.98
twine.rest,AVAILABLE,0,1.54,26.26
twine.skin,AVAILABLE,0,1.54,12.98
twine.surf,AVAILABLE,0,1.54,26.26
twite.lol,AVAILABLE,0,1.54,26.26
twite.space,AVAILABLE,1,136.98,546.35
twite.pics,AVAILABLE,0,1.54,26.26
twite.quest,AVAILABLE,0,1.54,12.98
twite.mom,AVAILABLE,0,1.54,26.26
twite.beauty,AVAILABLE,0,1.54,12.98
twite.beer,AVAILABLE,0,1.54,26.26
twite.best,AVAILABLE,0,1.72,15.96
twite.click,AVAILABLE,1,76.94,109.69
twite.garden,AVAILABLE,0,1.54,26.26
twite.hair,AVAILABLE,0,1.54,12.98
twite.monster,AVAILABLE,0,1.54,12.98
twite.rest,AVAILABLE,0,1.54,26.26
twite.skin,AVAILABLE,0,1.54,12.98
twite.surf,AVAILABLE,0,1.54,26.26
varlet.lol,AVAILABLE,0,1.54,26.26
varlet.space,AVAILABLE,1,27.82,109.69
varlet.pics,AVAILABLE,0,1.54,26.26
varlet.quest,AVAILABLE,0,1.54,12.98
varlet.mom,AVAILABLE,0,1.54,26.26
varlet.beauty,AVAILABLE,0,1.54,12.98
varlet.beer,AVAILABLE,0,1.54,26.26
varlet.best,AVAILABLE,0,1.72,15.96
varlet.click,AVAILABLE,0,1.54,10.81
varlet.garden,AVAILABLE,0,1.54,26.26
varlet.hair,AVAILABLE,0,1.54,12.98
varlet.monster,AVAILABLE,0,1.54,12.98
varlet.rest,AVAILABLE,0,1.54,26.26
varlet.skin,AVAILABLE,0,1.54,12.98
varlet.surf,AVAILABLE,0,1.54,26.26
veery.lol,AVAILABLE,0,1.54,26.26
veery.space,AVAILABLE,1,27.82,109.69
veery.pics,AVAILABLE,0,1.54,26.26
veery.quest,AVAILABLE,0,1.54,12.98
veery.mom,AVAILABLE,0,1.54,26.26
veery.beauty,AVAILABLE,0,1.54,12.98
veery.beer,AVAILABLE,0,1.54,26.26
veery.best,AVAILABLE,0,1.72,15.96
veery.click,AVAILABLE,1,76.94,109.69
veery.garden,AVAILABLE,0,1.54,26.26
veery.hair,AVAILABLE,0,1.54,12.98
veery.monster,AVAILABLE,0,1.54,12.98
veery.rest,AVAILABLE,0,1.54,26.26
veery.skin,AVAILABLE,0,1.54,12.98
veery.surf,AVAILABLE,0,1.54,26.26
verge.lol,PENDING,0,0.00,0.00
verge.space,UNAVAILABLE,0,1.96,26.26
verge.pics,PENDING,0,0.00,0.00
verge.quest,AVAILABLE,1,2183.84,2183.84
verge.mom,PENDING,0,0.00,0.00
verge.beauty,AVAILABLE,1,2183.84,2183.84
verge.beer,AVAILABLE,0,1.54,26.26
verge.best,AVAILABLE,1,76.94,76.94
verge.click,PENDING,0,0.00,0.00
verge.garden,UNAVAILABLE,0,1.54,26.26
verge.hair,AVAILABLE,1,2183.84,2183.84
verge.monster,AVAILABLE,0,1.54,12.98
verge.rest,PENDING,0,0.00,0.00
verge.skin,AVAILABLE,1,2183.84,2183.84
verge.surf,AVAILABLE,0,1.54,26.26
verse.lol,UNAVAILABLE,0,1.54,26.26
verse.space,UNAVAILABLE,0,1.96,26.26
verse.pics,AVAILABLE,0,1.54,26.26
verse.quest,UNAVAILABLE,0,1.54,12.98
verse.mom,UNAVAILABLE,0,1.54,26.26
verse.beauty,UNAVAILABLE,0,1.54,12.98
verse.beer,AVAILABLE,0,1.54,26.26
verse.best,UNAVAILABLE,0,1.72,15.96
verse.click,AVAILABLE,1,76.94,109.69
verse.garden,AVAILABLE,1,87.86,27.82
verse.hair,AVAILABLE,0,1.54,12.98
verse.monster,UNAVAILABLE,0,1.54,12.98
verse.rest,AVAILABLE,0,1.54,26.26
verse.skin,AVAILABLE,0,1.54,12.98
verse.surf,UNAVAILABLE,0,1.54,26.26
verve.lol,UNAVAILABLE,0,1.54,26.26
verve.space,UNAVAILABLE,0,1.96,26.26
verve.pics,AVAILABLE,1,2183.84,2183.84
verve.quest,AVAILABLE,1,2183.84,2183.84
verve.mom,AVAILABLE,1,2183.84,2183.84
verve.beauty,AVAILABLE,1,2183.84,2183.84
verve.beer,AVAILABLE,0,1.54,26.26
verve.best,AVAILABLE,0,1.72,15.96
verve.click,AVAILABLE,1,382.61,546.35
verve.garden,AVAILABLE,0,1.54,26.26
verve.hair,AVAILABLE,1,2183.84,2183.84
verve.monster,AVAILABLE,0,1.54,12.98
verve.rest,AVAILABLE,0,1.54,26.26
verve.skin,AVAILABLE,1,2183.84,2183.84
verve.surf,AVAILABLE,0,1.54,26.26
vetch.lol,AVAILABLE,0,1.54,26.26
vetch.space,AVAILABLE,1,27.82,109.69
vetch.pics,AVAILABLE,0,1.54,26.26
vetch.quest,AVAILABLE,0,1.54,12.98
vetch.mom,AVAILABLE,0,1.54,26.26
vetch.beauty,AVAILABLE,0,1.54,12.98
vetch.beer,AVAILABLE,0,1.54,26.26
vetch.best,AVAILABLE,0,1.72,15.96
vetch.click,AVAILABLE,1,76.94,109.69
vetch.garden,AVAILABLE,0,1.54,26.26
vetch.hair,AVAILABLE,0,1.54,12.98
vetch.monster,AVAILABLE,0,1.54,12.98
vetch.rest,AVAILABLE,0,1.54,26.26
vetch.skin,AVAILABLE,0,1.54,12.98
vetch.surf,AVAILABLE,0,1.54,26.26
vim.lol,UNAVAILABLE,0,1.54,26.26
vim.space,AVAILABLE,1,682.81,2729.67
vim.pics,UNAVAILABLE,0,1.54,26.26
vim.quest,UNAVAILABLE,0,1.54,12.98
vim.mom,AVAILABLE,0,1.54,26.26
vim.beauty,AVAILABLE,0,1.54,12.98
vim.beer,AVAILABLE,1,44.19,27.82
vim.best,UNAVAILABLE,1,76.94,76.94
vim.click,AVAILABLE,1,76.94,109.69
vim.garden,AVAILABLE,1,44.19,27.82
vim.hair,AVAILABLE,0,1.54,12.98
vim.monster,AVAILABLE,0,1.54,12.98
vim.rest,AVAILABLE,0,1.54,26.26
vim.skin,AVAILABLE,0,1.54,12.98
vim.surf,AVAILABLE,1,44.19,27.82
vireo.lol,AVAILABLE,0,1.54,26.26
vireo.space,UNAVAILABLE,0,1.96,26.26
vireo.pics,AVAILABLE,0,1.54,26.26
vireo.quest,AVAILABLE,0,1.54,12.98
vireo.mom,AVAILABLE,0,1.54,26.26
vireo.beauty,AVAILABLE,0,1.54,12.98
vireo.beer,AVAILABLE,0,1.54,26.26
vireo.best,AVAILABLE,0,1.72,15.96
vireo.click,AVAILABLE,1,76.94,109.69
vireo.garden,AVAILABLE,0,1.54,26.26
vireo.hair,AVAILABLE,0,1.54,12.98
vireo.monster,AVAILABLE,0,1.54,12.98
vireo.rest,AVAILABLE,0,1.54,26.26
vireo.skin,AVAILABLE,0,1.54,12.98
vireo.surf,AVAILABLE,0,1.54,26.26
voile.lol,AVAILABLE,0,1.54,26.26
voile.space,AVAILABLE,1,27.82,109.69
voile.pics,AVAILABLE,0,1.54,26.26
voile.quest,AVAILABLE,0,1.54,12.98
voile.mom,AVAILABLE,0,1.54,26.26
voile.beauty,AVAILABLE,0,1.54,12.98
voile.beer,AVAILABLE,0,1.54,26.26
voile.best,AVAILABLE,0,1.72,15.96
voile.click,AVAILABLE,1,76.94,109.69
voile.garden,AVAILABLE,0,1.54,26.26
voile.hair,AVAILABLE,0,1.54,12.98
voile.monster,AVAILABLE,0,1.54,12.98
voile.rest,AVAILABLE,0,1.54,26.26
voile.skin,AVAILABLE,0,1.54,12.98
voile.surf,AVAILABLE,0,1.54,26.26
vole.lol,AVAILABLE,0,1.54,26.26
vole.space,AVAILABLE,1,68.75,273.44
vole.pics,AVAILABLE,0,1.54,26.26
vole.quest,AVAILABLE,0,1.54,12.98
vole.mom,AVAILABLE,0,1.54,26.26
vole.beauty,AVAILABLE,0,1.54,12.98
vole.beer,AVAILABLE,0,1.54,26.26
vole.best,AVAILABLE,0,1.72,15.96
vole.click,AVAILABLE,1,76.94,109.69
vole.garden,AVAILABLE,0,1.54,26.26
vole.hair,AVAILABLE,0,1.54,12.98
vole.monster,AVAILABLE,0,1.54,12.98
vole.rest,AVAILABLE,0,1.54,26.26
vole.skin,AVAILABLE,0,1.54,12.98
vole.surf,AVAILABLE,0,1.54,26.26
ward.lol,UNAVAILABLE,0,1.54,26.26
ward.space,AVAILABLE,1,136.98,546.35
ward.pics,AVAILABLE,1,710.10,710.10
ward.quest,AVAILABLE,1,710.10,13.74
ward.mom,AVAILABLE,1,710.10,710.10
ward.beauty,AVAILABLE,1,710.10,13.74
ward.beer,UNAVAILABLE,0,1.54,26.26
ward.best,UNAVAILABLE,0,1.72,15.96
ward.click,UNAVAILABLE,0,1.54,10.81
ward.garden,AVAILABLE,1,44.19,27.82
ward.hair,AVAILABLE,1,710.10,13.74
ward.monster,UNAVAILABLE,0,1.54,12.98
ward.rest,AVAILABLE,0,1.54,26.26
ward.skin,AVAILABLE,1,710.10,13.74
ward.surf,AVAILABLE,1,87.86,27.82
warg.lol,AVAILABLE,0,1.54,26.26
warg.space,UNAVAILABLE,0,1.96,26.26
warg.pics,AVAILABLE,0,1.54,26.26
warg.quest,AVAILABLE,0,1.54,12.98
warg.mom,AVAILABLE,0,1.54,26.26
warg.beauty,AVAILABLE,0,1.54,12.98
warg.beer,AVAILABLE,0,1.54,26.26
warg.best,AVAILABLE,0,1.72,15.96
warg.click,AVAILABLE,0,1.54,10.81
warg.garden,UNAVAILABLE,0,1.54,26.26
warg.hair,AVAILABLE,0,1.54,12.98
warg.monster,AVAILABLE,0,1.54,12.98
warg.rest,AVAILABLE,0,1.54,26.26
warg.skin,AVAILABLE,0,1.54,12.98
warg.surf,AVAILABLE,0,1.54,26.26
warp.lol,UNAVAILABLE,0,1.54,26.26
warp.space,UNAVAILABLE,1,27.82,109.69
warp.pics,UNAVAILABLE,0,1.54,26.26
warp.quest,UNAVAILABLE,0,1.54,12.98
warp.mom,UNAVAILABLE,0,1.54,26.26
warp.beauty,AVAILABLE,0,1.54,12.98
warp.beer,AVAILABLE,0,1.54,26.26
warp.best,AVAILABLE,0,1.72,15.96
warp.click,UNAVAILABLE,0,1.54,10.81
warp.garden,UNAVAILABLE,0,1.54,26.26
warp.hair,AVAILABLE,0,1.54,12.98
warp.monster,UNAVAILABLE,0,1.54,12.98
warp.rest,AVAILABLE,0,1.54,26.26
warp.skin,UNAVAILABLE,0,1.54,12.98
warp.surf,UNAVAILABLE,0,1.54,26.26
weal.lol,UNAVAILABLE,0,1.54,26.26
weal.space,AVAILABLE,1,68.75,273.44
weal.pics,AVAILABLE,0,1.54,26.26
weal.quest,AVAILABLE,0,1.54,12.98
weal.mom,AVAILABLE,0,1.54,26.26
weal.beauty,AVAILABLE,0,1.54,12.98
weal.beer,AVAILABLE,0,1.54,26.26
weal.best,AVAILABLE,0,1.72,15.96
weal.click,AVAILABLE,1,76.94,109.69
weal.garden,AVAILABLE,0,1.54,26.26
weal.hair,AVAILABLE,0,1.54,12.98
weal.monster,AVAILABLE,0,1.54,12.98
weal.rest,AVAILABLE,0,1.54,26.26
weal.skin,AVAILABLE,0,1.54,12.98
weal.surf,AVAILABLE,0,1.54,26.26
weevil.lol,AVAILABLE,0,1.54,26.26
weevil.space,AVAILABLE,1,27.82,109.69
weevil.pics,AVAILABLE,0,1.54,26.26
weevil.quest,AVAILABLE,0,1.54,12.98
weevil.mom,AVAILABLE,0,1.54,26.26
weevil.beauty,AVAILABLE,0,1.54,12.98
weevil.beer,AVAILABLE,0,1.54,26.26
weevil.best,AVAILABLE,0,1.72,15.96
weevil.click,AVAILABLE,0,1.54,10.81
weevil.garden,AVAILABLE,0,1.54,26.26
weevil.hair,AVAILABLE,0,1.54,12.98
weevil.monster,AVAILABLE,0,1.54,12.98
weevil.rest,AVAILABLE,0,1.54,26.26
weevil.skin,AVAILABLE,0,1.54,12.98
weevil.surf,AVAILABLE,0,1.54,26.26
weft.lol,UNAVAILABLE,0,1.54,26.26
weft.space,UNAVAILABLE,0,1.96,26.26
weft.pics,AVAILABLE,0,1.54,26.26
weft.quest,AVAILABLE,0,1.54,12.98
weft.mom,AVAILABLE,0,1.54,26.26
weft.beauty,AVAILABLE,0,1.54,12.98
weft.beer,AVAILABLE,1,44.19,27.82
weft.best,AVAILABLE,0,1.72,15.96
weft.click,AVAILABLE,1,76.94,109.69
weft.garden,UNAVAILABLE,0,1.54,26.26
weft.hair,AVAILABLE,0,1.54,12.98
weft.monster,AVAILABLE,0,1.54,12.98
weft.rest,AVAILABLE,0,1.54,26.26
weft.skin,AVAILABLE,0,1.54,12.98
weft.surf,AVAILABLE,0,1.54,26.26
whey.lol,UNAVAILABLE,0,1.54,26.26
whey.space,AVAILABLE,1,68.75,273.44
whey.pics,AVAILABLE,0,1.54,26.26
whey.quest,UNAVAILABLE,0,1.54,12.98
whey.mom,AVAILABLE,0,1.54,26.26
whey.beauty,AVAILABLE,0,1.54,12.98
whey.beer,AVAILABLE,1,2183.84,27.82
whey.best,UNAVAILABLE,0,1.72,15.96
whey.click,AVAILABLE,1,76.94,109.69
whey.garden,AVAILABLE,1,873.85,27.82
whey.hair,AVAILABLE,0,1.54,12.98
whey.monster,AVAILABLE,0,1.54,12.98
whey.rest,AVAILABLE,1,138.07,197.02
whey.skin,AVAILABLE,0,1.54,12.98
whey.surf,AVAILABLE,0,1.54,26.26
wight.lol,AVAILABLE,0,1.54,26.26
wight.space,UNAVAILABLE,0,1.96,26.26
wight.pics,AVAILABLE,0,1.54,26.26
wight.quest,AVAILABLE,0,1.54,12.98
wight.mom,AVAILABLE,0,1.54,26.26
wight.beauty,AVAILABLE,0,1.54,12.98
wight.beer,AVAILABLE,0,1.54,26.26
wight.best,AVAILABLE,0,1.72,15.96
wight.click,AVAILABLE,1,76.94,109.69
wight.garden,AVAILABLE,0,1.54,26.26
wight.hair,AVAILABLE,0,1.54,12.98
wight.monster,AVAILABLE,0,1.54,12.98
wight.rest,AVAILABLE,0,1.54,26.26
wight.skin,AVAILABLE,0,1.54,12.98
wight.surf,AVAILABLE,0,1.54,26.26
wisp.lol,UNAVAILABLE,0,1.54,26.26
wisp.space,UNAVAILABLE,0,1.96,26.26
wisp.pics,AVAILABLE,0,1.54,26.26
wisp.quest,UNAVAILABLE,0,1.54,12.98
wisp.mom,AVAILABLE,0,1.54,26.26
wisp.beauty,AVAILABLE,0,1.54,12.98
wisp.beer,AVAILABLE,0,1.54,26.26
wisp.best,UNAVAILABLE,0,1.72,15.96
wisp.click,AVAILABLE,1,382.61,546.35
wisp.garden,AVAILABLE,0,1.54,26.26
wisp.hair,AVAILABLE,0,1.54,12.98
wisp.monster,AVAILABLE,0,1.54,12.98
wisp.rest,UNAVAILABLE,0,1.54,26.26
wisp.skin,AVAILABLE,0,1.54,12.98
wisp.surf,AVAILABLE,0,1.54,26.26
woad.lol,AVAILABLE,0,1.54,26.26
woad.space,AVAILABLE,1,68.75,273.44
woad.pics,AVAILABLE,0,1.54,26.26
woad.quest,AVAILABLE,0,1.54,12.98
woad.mom,AVAILABLE,0,1.54,26.26
woad.beauty,AVAILABLE,0,1.54,12.98
woad.beer,AVAILABLE,1,44.19,27.82
woad.best,AVAILABLE,0,1.72,15.96
woad.click,AVAILABLE,1,76.94,109.69
woad.garden,AVAILABLE,0,1.54,26.26
woad.hair,AVAILABLE,0,1.54,12.98
woad.monster,AVAILABLE,0,1.54,12.98
woad.rest,AVAILABLE,0,1.54,26.26
woad.skin,AVAILABLE,0,1.54,12.98
woad.surf,AVAILABLE,0,1.54,26.26
woe.lol,UNAVAILABLE,0,1.54,26.26
woe.space,AVAILABLE,1,68.75,273.44
woe.pics,AVAILABLE,0,1.54,26.26
woe.quest,UNAVAILABLE,0,1.54,12.98
woe.mom,AVAILABLE,0,1.54,26.26
woe.beauty,AVAILABLE,0,1.54,12.98
woe.beer,AVAILABLE,1,44.19,27.82
woe.best,UNAVAILABLE,0,1.72,15.96
woe.click,AVAILABLE,1,76.94,109.69
woe.garden,AVAILABLE,1,44.19,27.82
woe.hair,AVAILABLE,0,1.54,12.98
woe.monster,AVAILABLE,0,1.54,12.98
woe.rest,AVAILABLE,0,1.54,26.26
woe.skin,AVAILABLE,0,1.54,12.98
woe.surf,AVAILABLE,1,44.19,27.82
wort.lol,AVAILABLE,0,1.54,26.26
wort.space,AVAILABLE,1,68.75,273.44
wort.pics,AVAILABLE,0,1.54,26.26
wort.quest,AVAILABLE,0,1.54,12.98
wort.mom,AVAILABLE,0,1.54,26.26
wort.beauty,AVAILABLE,0,1.54,12.98
wort.beer,AVAILABLE,0,1.54,26.26
wort.best,AVAILABLE,0,1.72,15.96
wort.click,AVAILABLE,1,76.94,109.69
wort.garden,AVAILABLE,0,1.54,26.26
wort.hair,AVAILABLE,0,1.54,12.98
wort.monster,AVAILABLE,0,1.54,12.98
wort.rest,AVAILABLE,0,1.54,26.26
wort.skin,AVAILABLE,0,1.54,12.98
wort.surf,AVAILABLE,0,1.54,26.26
wraith.lol,UNAVAILABLE,0,1.54,26.26
wraith.space,UNAVAILABLE,0,1.96,26.26
wraith.pics,AVAILABLE,0,1.54,26.26
wraith.quest,UNAVAILABLE,0,1.54,12.98
wraith.mom,AVAILABLE,0,1.54,26.26
wraith.beauty,UNAVAILABLE,0,1.54,12.98
wraith.beer,AVAILABLE,0,1.54,26.26
wraith.best,AVAILABLE,0,1.72,15.96
wraith.click,UNAVAILABLE,0,1.54,10.81
wraith.garden,AVAILABLE,0,1.54,26.26
wraith.hair,AVAILABLE,0,1.54,12.98
wraith.monster,AVAILABLE,0,1.54,12.98
wraith.rest,AVAILABLE,0,1.54,26.26
wraith.skin,AVAILABLE,0,1.54,12.98
wraith.surf,AVAILABLE,0,1.54,26.26
wrasse.lol,AVAILABLE,0,1.54,26.26
wrasse.space,AVAILABLE,1,27.82,109.69
wrasse.pics,AVAILABLE,0,1.54,26.26
wrasse.quest,UNAVAILABLE,0,1.54,12.98
wrasse.mom,AVAILABLE,0,1.54,26.26
wrasse.beauty,AVAILABLE,0,1.54,12.98
wrasse.beer,AVAILABLE,0,1.54,26.26
wrasse.best,AVAILABLE,0,1.72,15.96
wrasse.click,AVAILABLE,0,1.54,10.81
wrasse.garden,AVAILABLE,0,1.54,26.26
wrasse.hair,AVAILABLE,0,1.54,12.98
wrasse.monster,AVAILABLE,0,1.54,12.98
wrasse.rest,AVAILABLE,0,1.54,26.26
wrasse.skin,AVAILABLE,0,1.54,12.98
wrasse.surf,AVAILABLE,0,1.54,26.26
wright.lol,UNAVAILABLE,1,2183.84,27.82
wright.space,AVAILABLE,1,273.44,1092.18
wright.pics,UNAVAILABLE,0,1.54,26.26
wright.quest,AVAILABLE,1,2183.84,2183.84
wright.mom,AVAILABLE,1,2183.84,2183.84
wright.beauty,AVAILABLE,1,2183.84,2183.84
wright.beer,UNAVAILABLE,0,1.54,26.26
wright.best,UNAVAILABLE,0,1.72,15.96
wright.click,AVAILABLE,1,382.61,546.35
wright.garden,AVAILABLE,1,44.19,27.82
wright.hair,AVAILABLE,1,2183.84,2183.84
wright.monster,UNAVAILABLE,0,1.54,12.98
wright.rest,AVAILABLE,0,1.54,26.26
wright.skin,AVAILABLE,1,2183.84,2183.84
wright.surf,AVAILABLE,1,87.86,27.82
wyrd.lol,AVAILABLE,0,1.54,26.26
wyrd.space,UNAVAILABLE,0,1.96,26.26
wyrd.pics,AVAILABLE,0,1.54,26.26
wyrd.quest,UNAVAILABLE,0,1.54,12.98
wyrd.mom,AVAILABLE,0,1.54,26.26
wyrd.beauty,AVAILABLE,0,1.54,12.98
wyrd.beer,AVAILABLE,0,1.54,26.26
wyrd.best,AVAILABLE,0,1.72,15.96
wyrd.click,AVAILABLE,0,1.54,10.81
wyrd.garden,UNAVAILABLE,0,1.54,26.26
wyrd.hair,AVAILABLE,0,1.54,12.98
wyrd.monster,AVAILABLE,0,1.54,12.98
wyrd.rest,AVAILABLE,0,1.54,26.26
wyrd.skin,AVAILABLE,0,1.54,12.98
wyrd.surf,AVAILABLE,0,1.54,26.26
wyrm.lol,UNAVAILABLE,0,1.54,26.26
wyrm.space,UNAVAILABLE,0,1.96,26.26
wyrm.pics,AVAILABLE,0,1.54,26.26
wyrm.quest,UNAVAILABLE,0,1.54,12.98
wyrm.mom,AVAILABLE,0,1.54,26.26
wyrm.beauty,AVAILABLE,0,1.54,12.98
wyrm.beer,AVAILABLE,0,1.54,26.26
wyrm.best,AVAILABLE,0,1.72,15.96
wyrm.click,AVAILABLE,0,1.54,10.81
wyrm.garden,AVAILABLE,0,1.54,26.26
wyrm.hair,AVAILABLE,0,1.54,12.98
wyrm.monster,UNAVAILABLE,0,1.54,12.98
wyrm.rest,AVAILABLE,0,1.54,26.26
wyrm.skin,AVAILABLE,0,1.54,12.98
wyrm.surf,AVAILABLE,0,1.54,26.26
xylem.lol,AVAILABLE,1,2183.84,2183.84
xylem.space,AVAILABLE,1,27.82,109.69
xylem.pics,AVAILABLE,1,2183.84,2183.84
xylem.quest,AVAILABLE,1,2183.84,2183.84
xylem.mom,AVAILABLE,1,2183.84,2183.84
xylem.beauty,AVAILABLE,1,2183.84,2183.84
xylem.beer,AVAILABLE,0,1.54,26.26
xylem.best,AVAILABLE,0,1.72,15.96
xylem.click,AVAILABLE,0,1.54,10.81
xylem.garden,AVAILABLE,0,1.54,26.26
xylem.hair,AVAILABLE,1,2183.84,2183.84
xylem.monster,AVAILABLE,0,1.54,12.98
xylem.rest,AVAILABLE,0,1.54,26.26
xylem.skin,AVAILABLE,1,2183.84,2183.84
xylem.surf,AVAILABLE,0,1.54,26.26
