domain,status,premium,reg_price,renew_price
adorn.lol,UNAVAILABLE,0,1.54,26.26
adorn.space,UNAVAILABLE,0,1.96,26.26
adorn.pics,AVAILABLE,0,1.54,26.26
adorn.quest,AVAILABLE,0,1.54,12.98
adorn.mom,AVAILABLE,0,1.54,26.26
adorn.beauty,UNAVAILABLE,0,1.54,12.98
adorn.beer,AVAILABLE,0,1.54,26.26
adorn.best,AVAILABLE,0,1.72,15.96
adorn.click,AVAILABLE,1,76.94,109.69
adorn.garden,AVAILABLE,0,1.54,26.26
adorn.hair,UNAVAILABLE,0,1.54,12.98
adorn.monster,AVAILABLE,0,1.54,12.98
adorn.rest,AVAILABLE,0,1.54,26.26
adorn.skin,AVAILABLE,0,1.54,12.98
adorn.surf,AVAILABLE,0,1.54,26.26
aerie.lol,AVAILABLE,0,1.54,26.26
aerie.space,AVAILABLE,1,27.82,109.69
aerie.pics,AVAILABLE,0,1.54,26.26
aerie.quest,AVAILABLE,0,1.54,12.98
aerie.mom,AVAILABLE,0,1.54,26.26
aerie.beauty,AVAILABLE,0,1.54,12.98
aerie.beer,AVAILABLE,0,1.54,26.26
aerie.best,AVAILABLE,0,1.72,15.96
aerie.click,AVAILABLE,1,382.61,546.35
aerie.garden,AVAILABLE,0,1.54,26.26
aerie.hair,AVAILABLE,0,1.54,12.98
aerie.monster,AVAILABLE,0,1.54,12.98
aerie.rest,AVAILABLE,0,1.54,26.26
aerie.skin,AVAILABLE,0,1.54,12.98
aerie.surf,AVAILABLE,0,1.54,26.26
aioli.lol,AVAILABLE,0,1.54,26.26
aioli.space,AVAILABLE,1,27.82,109.69
aioli.pics,UNAVAILABLE,0,1.54,26.26
aioli.quest,AVAILABLE,0,1.54,12.98
aioli.mom,AVAILABLE,0,1.54,26.26
aioli.beauty,AVAILABLE,0,1.54,12.98
aioli.beer,AVAILABLE,0,1.54,26.26
aioli.best,AVAILABLE,0,1.72,15.96
aioli.click,AVAILABLE,1,76.94,109.69
aioli.garden,AVAILABLE,0,1.54,26.26
aioli.hair,AVAILABLE,0,1.54,12.98
aioli.monster,AVAILABLE,0,1.54,12.98
aioli.rest,AVAILABLE,0,1.54,26.26
aioli.skin,AVAILABLE,0,1.54,12.98
aioli.surf,AVAILABLE,0,1.54,26.26
alure.lol,AVAILABLE,0,1.54,26.26
alure.space,AVAILABLE,1,27.82,109.69
alure.pics,AVAILABLE,0,1.54,26.26
alure.quest,AVAILABLE,0,1.54,12.98
alure.mom,AVAILABLE,0,1.54,26.26
alure.beauty,AVAILABLE,0,1.54,12.98
alure.beer,AVAILABLE,0,1.54,26.26
alure.best,AVAILABLE,0,1.72,15.96
alure.click,AVAILABLE,1,76.94,109.69
alure.garden,AVAILABLE,0,1.54,26.26
alure.hair,AVAILABLE,0,1.54,12.98
alure.monster,AVAILABLE,0,1.54,12.98
alure.rest,AVAILABLE,0,1.54,26.26
alure.skin,AVAILABLE,0,1.54,12.98
alure.surf,AVAILABLE,0,1.54,26.26
ambit.lol,AVAILABLE,1,2183.84,2183.84
ambit.space,UNAVAILABLE,0,1.96,26.26
ambit.pics,AVAILABLE,1,2183.84,2183.84
ambit.quest,AVAILABLE,1,2183.84,2183.84
ambit.mom,AVAILABLE,1,2183.84,2183.84
ambit.beauty,AVAILABLE,1,2183.84,2183.84
ambit.beer,AVAILABLE,0,1.54,26.26
ambit.best,AVAILABLE,0,1.72,15.96
ambit.click,AVAILABLE,1,76.94,109.69
ambit.garden,AVAILABLE,0,1.54,26.26
ambit.hair,AVAILABLE,1,2183.84,2183.84
ambit.monster,AVAILABLE,0,1.54,12.98
ambit.rest,AVAILABLE,0,1.54,26.26
ambit.skin,AVAILABLE,1,2183.84,2183.84
ambit.surf,AVAILABLE,0,1.54,26.26
amble.lol,UNAVAILABLE,0,1.54,26.26
amble.space,UNAVAILABLE,0,1.96,26.26
amble.pics,AVAILABLE,0,1.54,26.26
amble.quest,UNAVAILABLE,0,1.54,12.98
amble.mom,AVAILABLE,0,1.54,26.26
amble.beauty,AVAILABLE,0,1.54,12.98
amble.beer,AVAILABLE,0,1.54,26.26
amble.best,AVAILABLE,0,1.72,15.96
amble.click,AVAILABLE,1,76.94,109.69
amble.garden,AVAILABLE,0,1.54,26.26
amble.hair,AVAILABLE,0,1.54,12.98
amble.monster,AVAILABLE,0,1.54,12.98
amble.rest,AVAILABLE,0,1.54,26.26
amble.skin,AVAILABLE,0,1.54,12.98
amble.surf,AVAILABLE,0,1.54,26.26
amice.lol,AVAILABLE,0,1.54,26.26
amice.space,AVAILABLE,1,68.75,273.44
amice.pics,AVAILABLE,0,1.54,26.26
amice.quest,AVAILABLE,0,1.54,12.98
amice.mom,AVAILABLE,0,1.54,26.26
amice.beauty,AVAILABLE,0,1.54,12.98
amice.beer,AVAILABLE,0,1.54,26.26
amice.best,AVAILABLE,0,1.72,15.96
amice.click,AVAILABLE,1,76.94,109.69
amice.garden,AVAILABLE,0,1.54,26.26
amice.hair,AVAILABLE,0,1.54,12.98
amice.monster,AVAILABLE,0,1.54,12.98
amice.rest,AVAILABLE,0,1.54,26.26
amice.skin,AVAILABLE,0,1.54,12.98
amice.surf,AVAILABLE,0,1.54,26.26
anneal.lol,UNAVAILABLE,0,1.54,26.26
anneal.space,AVAILABLE,1,27.82,109.69
anneal.pics,AVAILABLE,0,1.54,26.26
anneal.quest,AVAILABLE,0,1.54,12.98
anneal.mom,AVAILABLE,0,1.54,26.26
anneal.beauty,AVAILABLE,0,1.54,12.98
anneal.beer,UNAVAILABLE,0,1.54,26.26
anneal.best,AVAILABLE,0,1.72,15.96
anneal.click,AVAILABLE,0,1.54,10.81
anneal.garden,AVAILABLE,0,1.54,26.26
anneal.hair,AVAILABLE,0,1.54,12.98
anneal.monster,AVAILABLE,0,1.54,12.98
anneal.rest,AVAILABLE,0,1.54,26.26
anneal.skin,AVAILABLE,0,1.54,12.98
anneal.surf,AVAILABLE,0,1.54,26.26
arco.lol,UNAVAILABLE,0,1.54,26.26
arco.space,AVAILABLE,1,136.98,546.35
arco.pics,UNAVAILABLE,0,1.54,26.26
arco.quest,AVAILABLE,0,1.54,12.98
arco.mom,AVAILABLE,0,1.54,26.26
arco.beauty,UNAVAILABLE,0,1.54,12.98
arco.beer,AVAILABLE,0,1.54,26.26
arco.best,AVAILABLE,0,1.72,15.96
arco.click,AVAILABLE,1,76.94,109.69
arco.garden,AVAILABLE,0,1.54,26.26
arco.hair,AVAILABLE,0,1.54,12.98
arco.monster,AVAILABLE,0,1.54,12.98
arco.rest,UNAVAILABLE,0,1.54,26.26
arco.skin,AVAILABLE,0,1.54,12.98
arco.surf,AVAILABLE,0,1.54,26.26
armpit.lol,UNAVAILABLE,0,1.54,26.26
armpit.space,UNAVAILABLE,0,1.96,26.26
armpit.pics,AVAILABLE,0,1.54,26.26
armpit.quest,AVAILABLE,0,1.54,12.98
armpit.mom,AVAILABLE,0,1.54,26.26
armpit.beauty,AVAILABLE,0,1.54,12.98
armpit.beer,AVAILABLE,0,1.54,26.26
armpit.best,AVAILABLE,0,1.72,15.96
armpit.click,AVAILABLE,0,1.54,10.81
armpit.garden,AVAILABLE,0,1.54,26.26
armpit.hair,UNAVAILABLE,0,1.54,12.98
armpit.monster,AVAILABLE,0,1.54,12.98
armpit.rest,AVAILABLE,0,1.54,26.26
armpit.skin,AVAILABLE,0,1.54,12.98
armpit.surf,AVAILABLE,0,1.54,26.26
arrack.lol,PENDING,0,0.00,0.00
arrack.space,UNAVAILABLE,0,1.96,26.26
arrack.pics,PENDING,0,0.00,0.00
arrack.quest,AVAILABLE,0,1.54,12.98
arrack.mom,PENDING,0,0.00,0.00
arrack.beauty,AVAILABLE,0,1.54,12.98
arrack.beer,UNAVAILABLE,0,1.54,26.26
arrack.best,AVAILABLE,0,1.72,15.96
arrack.click,PENDING,0,0.00,0.00
arrack.garden,AVAILABLE,0,1.54,26.26
arrack.hair,AVAILABLE,0,1.54,12.98
arrack.monster,AVAILABLE,0,1.54,12.98
arrack.rest,PENDING,0,0.00,0.00
arrack.skin,AVAILABLE,0,1.54,12.98
arrack.surf,AVAILABLE,0,1.54,26.26
arsis.lol,AVAILABLE,0,1.54,26.26
arsis.space,UNAVAILABLE,0,1.96,26.26
arsis.pics,AVAILABLE,0,1.54,26.26
arsis.quest,AVAILABLE,0,1.54,12.98
arsis.mom,AVAILABLE,0,1.54,26.26
arsis.beauty,AVAILABLE,0,1.54,12.98
arsis.beer,AVAILABLE,0,1.54,26.26
arsis.best,AVAILABLE,0,1.72,15.96
arsis.click,AVAILABLE,1,76.94,109.69
arsis.garden,AVAILABLE,0,1.54,26.26
arsis.hair,AVAILABLE,0,1.54,12.98
arsis.monster,AVAILABLE,0,1.54,12.98
arsis.rest,AVAILABLE,0,1.54,26.26
arsis.skin,AVAILABLE,0,1.54,12.98
arsis.surf,AVAILABLE,0,1.54,26.26
arvo.lol,AVAILABLE,0,1.54,26.26
arvo.space,AVAILABLE,1,273.44,1092.18
arvo.pics,AVAILABLE,0,1.54,26.26
arvo.quest,AVAILABLE,0,1.54,12.98
arvo.mom,AVAILABLE,0,1.54,26.26
arvo.beauty,AVAILABLE,0,1.54,12.98
arvo.beer,UNAVAILABLE,0,1.54,26.26
arvo.best,AVAILABLE,0,1.72,15.96
arvo.click,AVAILABLE,1,76.94,109.69
arvo.garden,AVAILABLE,0,1.54,26.26
arvo.hair,AVAILABLE,0,1.54,12.98
arvo.monster,AVAILABLE,0,1.54,12.98
arvo.rest,AVAILABLE,0,1.54,26.26
arvo.skin,AVAILABLE,0,1.54,12.98
arvo.surf,AVAILABLE,0,1.54,26.26
aurar.lol,AVAILABLE,0,1.54,26.26
aurar.space,AVAILABLE,1,27.82,109.69
aurar.pics,AVAILABLE,0,1.54,26.26
aurar.quest,AVAILABLE,0,1.54,12.98
aurar.mom,AVAILABLE,0,1.54,26.26
aurar.beauty,AVAILABLE,0,1.54,12.98
aurar.beer,AVAILABLE,0,1.54,26.26
aurar.best,AVAILABLE,0,1.72,15.96
aurar.click,AVAILABLE,1,76.94,109.69
aurar.garden,AVAILABLE,0,1.54,26.26
aurar.hair,AVAILABLE,0,1.54,12.98
aurar.monster,AVAILABLE,0,1.54,12.98
aurar.rest,AVAILABLE,0,1.54,26.26
aurar.skin,AVAILABLE,0,1.54,12.98
aurar.surf,AVAILABLE,0,1.54,26.26
azure.lol,UNAVAILABLE,0,1.54,26.26
azure.space,AVAILABLE,1,682.81,2729.67
azure.pics,AVAILABLE,0,1.54,26.26
azure.quest,UNAVAILABLE,0,1.54,12.98
azure.mom,UNAVAILABLE,0,1.54,26.26
azure.beauty,UNAVAILABLE,0,1.54,12.98
azure.beer,UNAVAILABLE,0,1.54,26.26
azure.best,AVAILABLE,1,76.94,76.94
azure.click,AVAILABLE,1,382.61,546.35
azure.garden,UNAVAILABLE,1,873.85,27.82
azure.hair,AVAILABLE,0,1.54,12.98
azure.monster,UNAVAILABLE,0,1.54,12.98
azure.rest,AVAILABLE,0,1.54,26.26
azure.skin,UNAVAILABLE,0,1.54,12.98
azure.surf,AVAILABLE,1,87.86,27.82
bairn.lol,AVAILABLE,0,1.54,26.26
bairn.space,UNAVAILABLE,0,1.96,26.26
bairn.pics,AVAILABLE,0,1.54,26.26
bairn.quest,AVAILABLE,0,1.54,12.98
bairn.mom,AVAILABLE,0,1.54,26.26
bairn.beauty,AVAILABLE,0,1.54,12.98
bairn.beer,AVAILABLE,0,1.54,26.26
bairn.best,AVAILABLE,0,1.72,15.96
bairn.click,AVAILABLE,1,76.94,109.69
bairn.garden,AVAILABLE,0,1.54,26.26
bairn.hair,AVAILABLE,0,1.54,12.98
bairn.monster,AVAILABLE,0,1.54,12.98
bairn.rest,AVAILABLE,0,1.54,26.26
bairn.skin,AVAILABLE,0,1.54,12.98
bairn.surf,AVAILABLE,0,1.54,26.26
balk.lol,AVAILABLE,0,1.54,26.26
balk.space,AVAILABLE,1,68.75,273.44
balk.pics,AVAILABLE,0,1.54,26.26
balk.quest,AVAILABLE,0,1.54,12.98
balk.mom,AVAILABLE,0,1.54,26.26
balk.beauty,AVAILABLE,0,1.54,12.98
balk.beer,AVAILABLE,1,44.19,27.82
balk.best,AVAILABLE,0,1.72,15.96
balk.click,AVAILABLE,1,76.94,109.69
balk.garden,AVAILABLE,0,1.54,26.26
balk.hair,AVAILABLE,0,1.54,12.98
balk.monster,AVAILABLE,0,1.54,12.98
balk.rest,AVAILABLE,0,1.54,26.26
balk.skin,AVAILABLE,0,1.54,12.98
balk.surf,AVAILABLE,0,1.54,26.26
balmy.lol,AVAILABLE,0,1.54,26.26
balmy.space,PENDING,0,0.00,0.00
balmy.pics,AVAILABLE,0,1.54,26.26
balmy.quest,AVAILABLE,0,1.54,12.98
balmy.mom,AVAILABLE,0,1.54,26.26
balmy.beauty,AVAILABLE,0,1.54,12.98
balmy.beer,AVAILABLE,0,1.54,26.26
balmy.best,AVAILABLE,0,1.72,15.96
balmy.click,AVAILABLE,1,76.94,109.69
balmy.garden,AVAILABLE,0,1.54,26.26
balmy.hair,AVAILABLE,0,1.54,12.98
balmy.monster,AVAILABLE,0,1.54,12.98
balmy.rest,AVAILABLE,0,1.54,26.26
balmy.skin,AVAILABLE,0,1.54,12.98
balmy.surf,AVAILABLE,0,1.54,26.26
barmy.lol,AVAILABLE,0,1.54,26.26
barmy.space,AVAILABLE,1,136.98,546.35
barmy.pics,AVAILABLE,0,1.54,26.26
barmy.quest,AVAILABLE,0,1.54,12.98
barmy.mom,AVAILABLE,0,1.54,26.26
barmy.beauty,AVAILABLE,0,1.54,12.98
barmy.beer,AVAILABLE,0,1.54,26.26
barmy.best,AVAILABLE,0,1.72,15.96
barmy.click,AVAILABLE,1,76.94,109.69
barmy.garden,AVAILABLE,0,1.54,26.26
barmy.hair,AVAILABLE,0,1.54,12.98
barmy.monster,AVAILABLE,0,1.54,12.98
barmy.rest,AVAILABLE,0,1.54,26.26
barmy.skin,AVAILABLE,0,1.54,12.98
barmy.surf,AVAILABLE,0,1.54,26.26
bash.lol,UNAVAILABLE,0,1.54,26.26
bash.space,AVAILABLE,1,273.44,1092.18
bash.pics,AVAILABLE,0,1.54,26.26
bash.quest,PENDING,0,0.00,0.00
bash.mom,AVAILABLE,1,710.10,710.10
bash.beauty,PENDING,0,0.00,0.00
bash.beer,PENDING,0,0.00,0.00
bash.best,PENDING,0,0.00,0.00
bash.click,AVAILABLE,1,382.61,546.35
bash.garden,PENDING,0,0.00,0.00
bash.hair,PENDING,0,0.00,0.00
bash.monster,PENDING,0,0.00,0.00
bash.rest,AVAILABLE,0,1.54,26.26
bash.skin,PENDING,0,0.00,0.00
bash.surf,PENDING,0,0.00,0.00
bask.lol,UNAVAILABLE,0,1.54,26.26
bask.space,UNAVAILABLE,0,1.96,26.26
bask.pics,UNAVAILABLE,0,1.54,26.26
bask.quest,AVAILABLE,0,1.54,12.98
bask.mom,UNAVAILABLE,0,1.54,26.26
bask.beauty,UNAVAILABLE,0,1.54,12.98
bask.beer,UNAVAILABLE,0,1.54,26.26
bask.best,AVAILABLE,0,1.72,15.96
bask.click,AVAILABLE,1,76.94,109.69
bask.garden,AVAILABLE,0,1.54,26.26
bask.hair,UNAVAILABLE,0,1.54,12.98
bask.monster,AVAILABLE,0,1.54,12.98
bask.rest,AVAILABLE,0,1.54,26.26
bask.skin,AVAILABLE,0,1.54,12.98
bask.surf,UNAVAILABLE,0,1.54,26.26
batty.lol,UNAVAILABLE,0,1.54,26.26
batty.space,UNAVAILABLE,1,68.75,273.44
batty.pics,AVAILABLE,0,1.54,26.26
batty.quest,AVAILABLE,0,1.54,12.98
batty.mom,AVAILABLE,0,1.54,26.26
batty.beauty,AVAILABLE,0,1.54,12.98
batty.beer,AVAILABLE,0,1.54,26.26
batty.best,AVAILABLE,0,1.72,15.96
batty.click,AVAILABLE,1,76.94,109.69
batty.garden,AVAILABLE,0,1.54,26.26
batty.hair,AVAILABLE,0,1.54,12.98
batty.monster,AVAILABLE,0,1.54,12.98
batty.rest,AVAILABLE,0,1.54,26.26
batty.skin,AVAILABLE,0,1.54,12.98
batty.surf,AVAILABLE,0,1.54,26.26
berk.lol,UNAVAILABLE,0,1.54,26.26
berk.space,AVAILABLE,1,68.75,273.44
berk.pics,AVAILABLE,0,1.54,26.26
berk.quest,AVAILABLE,0,1.54,12.98
berk.mom,UNAVAILABLE,0,1.54,26.26
berk.beauty,AVAILABLE,0,1.54,12.98
berk.beer,AVAILABLE,0,1.54,26.26
berk.best,AVAILABLE,0,1.72,15.96
berk.click,AVAILABLE,1,76.94,109.69
berk.garden,AVAILABLE,0,1.54,26.26
berk.hair,AVAILABLE,0,1.54,12.98
berk.monster,AVAILABLE,0,1.54,12.98
berk.rest,AVAILABLE,0,1.54,26.26
berk.skin,AVAILABLE,0,1.54,12.98
berk.surf,AVAILABLE,0,1.54,26.26
beset.lol,AVAILABLE,0,1.54,26.26
beset.space,UNAVAILABLE,0,1.96,26.26
beset.pics,AVAILABLE,0,1.54,26.26
beset.quest,AVAILABLE,0,1.54,12.98
beset.mom,AVAILABLE,0,1.54,26.26
beset.beauty,AVAILABLE,0,1.54,12.98
beset.beer,AVAILABLE,0,1.54,26.26
beset.best,AVAILABLE,0,1.72,15.96
beset.click,AVAILABLE,1,76.94,109.69
beset.garden,AVAILABLE,0,1.54,26.26
beset.hair,AVAILABLE,0,1.54,12.98
beset.monster,AVAILABLE,0,1.54,12.98
beset.rest,AVAILABLE,0,1.54,26.26
beset.skin,AVAILABLE,0,1.54,12.98
beset.surf,AVAILABLE,0,1.54,26.26
bevel.lol,UNAVAILABLE,0,1.54,26.26
bevel.space,UNAVAILABLE,0,1.96,26.26
bevel.pics,UNAVAILABLE,0,1.54,26.26
bevel.quest,AVAILABLE,0,1.54,12.98
bevel.mom,AVAILABLE,0,1.54,26.26
bevel.beauty,AVAILABLE,0,1.54,12.98
bevel.beer,AVAILABLE,0,1.54,26.26
bevel.best,AVAILABLE,0,1.72,15.96
bevel.click,AVAILABLE,1,76.94,109.69
bevel.garden,AVAILABLE,0,1.54,26.26
bevel.hair,AVAILABLE,0,1.54,12.98
bevel.monster,AVAILABLE,0,1.54,12.98
bevel.rest,AVAILABLE,0,1.54,26.26
bevel.skin,AVAILABLE,0,1.54,12.98
bevel.surf,AVAILABLE,0,1.54,26.26
bezel.lol,AVAILABLE,0,1.54,26.26
bezel.space,AVAILABLE,1,27.82,109.69
bezel.pics,AVAILABLE,0,1.54,26.26
bezel.quest,AVAILABLE,0,1.54,12.98
bezel.mom,AVAILABLE,0,1.54,26.26
bezel.beauty,AVAILABLE,0,1.54,12.98
bezel.beer,AVAILABLE,0,1.54,26.26
bezel.best,AVAILABLE,0,1.72,15.96
bezel.click,UNAVAILABLE,1,76.94,109.69
bezel.garden,AVAILABLE,0,1.54,26.26
bezel.hair,AVAILABLE,0,1.54,12.98
bezel.monster,AVAILABLE,0,1.54,12.98
bezel.rest,AVAILABLE,0,1.54,26.26
bezel.skin,AVAILABLE,0,1.54,12.98
bezel.surf,AVAILABLE,0,1.54,26.26
bijou.lol,UNAVAILABLE,0,1.54,26.26
bijou.space,AVAILABLE,1,273.44,1092.18
bijou.pics,AVAILABLE,0,1.54,26.26
bijou.quest,AVAILABLE,0,1.54,12.98
bijou.mom,AVAILABLE,0,1.54,26.26
bijou.beauty,UNAVAILABLE,0,1.54,12.98
bijou.beer,AVAILABLE,0,1.54,26.26
bijou.best,AVAILABLE,0,1.72,15.96
bijou.click,AVAILABLE,1,76.94,109.69
bijou.garden,AVAILABLE,0,1.54,26.26
bijou.hair,AVAILABLE,0,1.54,12.98
bijou.monster,AVAILABLE,0,1.54,12.98
bijou.rest,AVAILABLE,0,1.54,26.26
bijou.skin,AVAILABLE,0,1.54,12.98
bijou.surf,AVAILABLE,0,1.54,26.26
bilk.lol,AVAILABLE,0,1.54,26.26
bilk.space,AVAILABLE,1,68.75,273.44
bilk.pics,AVAILABLE,0,1.54,26.26
bilk.quest,AVAILABLE,0,1.54,12.98
bilk.mom,AVAILABLE,0,1.54,26.26
bilk.beauty,AVAILABLE,0,1.54,12.98
bilk.beer,AVAILABLE,0,1.54,26.26
bilk.best,AVAILABLE,0,1.72,15.96
bilk.click,AVAILABLE,1,76.94,109.69
bilk.garden,AVAILABLE,0,1.54,26.26
bilk.hair,AVAILABLE,0,1.54,12.98
bilk.monster,AVAILABLE,0,1.54,12.98
bilk.rest,AVAILABLE,0,1.54,26.26
bilk.skin,AVAILABLE,0,1.54,12.98
bilk.surf,AVAILABLE,0,1.54,26.26
bisque.lol,AVAILABLE,0,1.54,26.26
bisque.space,AVAILABLE,1,27.82,109.69
bisque.pics,AVAILABLE,0,1.54,26.26
bisque.quest,AVAILABLE,0,1.54,12.98
bisque.mom,AVAILABLE,0,1.54,26.26
bisque.beauty,AVAILABLE,0,1.54,12.98
bisque.beer,UNAVAILABLE,0,1.54,26.26
bisque.best,AVAILABLE,0,1.72,15.96
bisque.click,AVAILABLE,0,1.54,10.81
bisque.garden,AVAILABLE,0,1.54,26.26
bisque.hair,AVAILABLE,0,1.54,12.98
bisque.monster,AVAILABLE,0,1.54,12.98
bisque.rest,AVAILABLE,1,138.07,197.02
bisque.skin,AVAILABLE,0,1.54,12.98
bisque.surf,AVAILABLE,0,1.54,26.26
blobby.lol,UNAVAILABLE,0,1.54,26.26
blobby.space,AVAILABLE,0,1.96,26.26
blobby.pics,AVAILABLE,0,1.54,26.26
blobby.quest,AVAILABLE,0,1.54,12.98
blobby.mom,AVAILABLE,0,1.54,26.26
blobby.beauty,AVAILABLE,0,1.54,12.98
blobby.beer,UNAVAILABLE,0,1.54,26.26
blobby.best,AVAILABLE,0,1.72,15.96
blobby.click,AVAILABLE,0,1.54,10.81
blobby.garden,AVAILABLE,0,1.54,26.26
blobby.hair,AVAILABLE,0,1.54,12.98
blobby.monster,AVAILABLE,0,1.54,12.98
blobby.rest,AVAILABLE,0,1.54,26.26
blobby.skin,AVAILABLE,0,1.54,12.98
blobby.surf,AVAILABLE,0,1.54,26.26
bloke.lol,AVAILABLE,0,1.54,26.26
bloke.space,UNAVAILABLE,0,1.96,26.26
bloke.pics,AVAILABLE,0,1.54,26.26
bloke.quest,AVAILABLE,0,1.54,12.98
bloke.mom,AVAILABLE,0,1.54,26.26
bloke.beauty,UNAVAILABLE,0,1.54,12.98
bloke.beer,AVAILABLE,0,1.54,26.26
bloke.best,AVAILABLE,0,1.72,15.96
bloke.click,AVAILABLE,1,76.94,109.69
bloke.garden,AVAILABLE,0,1.54,26.26
bloke.hair,AVAILABLE,0,1.54,12.98
bloke.monster,AVAILABLE,0,1.54,12.98
bloke.rest,AVAILABLE,0,1.54,26.26
bloke.skin,AVAILABLE,0,1.54,12.98
bloke.surf,AVAILABLE,0,1.54,26.26
bloop.lol,PENDING,0,0.00,0.00
bloop.space,PENDING,0,0.00,0.00
bloop.pics,PENDING,0,0.00,0.00
bloop.quest,AVAILABLE,0,1.54,12.98
bloop.mom,PENDING,0,0.00,0.00
bloop.beauty,AVAILABLE,0,1.54,12.98
bloop.beer,AVAILABLE,0,1.54,26.26
bloop.best,UNAVAILABLE,0,1.72,15.96
bloop.click,PENDING,0,0.00,0.00
bloop.garden,AVAILABLE,0,1.54,26.26
bloop.hair,AVAILABLE,0,1.54,12.98
bloop.monster,UNAVAILABLE,0,1.54,12.98
bloop.rest,PENDING,0,0.00,0.00
bloop.skin,AVAILABLE,0,1.54,12.98
bloop.surf,AVAILABLE,0,1.54,26.26
blurt.lol,UNAVAILABLE,0,1.54,26.26
blurt.space,AVAILABLE,1,68.75,273.44
blurt.pics,AVAILABLE,0,1.54,26.26
blurt.quest,AVAILABLE,0,1.54,12.98
blurt.mom,AVAILABLE,0,1.54,26.26
blurt.beauty,AVAILABLE,0,1.54,12.98
blurt.beer,AVAILABLE,0,1.54,26.26
blurt.best,AVAILABLE,0,1.72,15.96
blurt.click,AVAILABLE,1,76.94,109.69
blurt.garden,AVAILABLE,0,1.54,26.26
blurt.hair,AVAILABLE,0,1.54,12.98
blurt.monster,AVAILABLE,0,1.54,12.98
blurt.rest,AVAILABLE,0,1.54,26.26
blurt.skin,AVAILABLE,0,1.54,12.98
blurt.surf,AVAILABLE,0,1.54,26.26
bobble.lol,AVAILABLE,0,1.54,26.26
bobble.space,PENDING,0,0.00,0.00
bobble.pics,AVAILABLE,0,1.54,26.26
bobble.quest,AVAILABLE,0,1.54,12.98
bobble.mom,AVAILABLE,0,1.54,26.26
bobble.beauty,AVAILABLE,0,1.54,12.98
bobble.beer,UNAVAILABLE,0,1.54,26.26
bobble.best,AVAILABLE,0,1.72,15.96
bobble.click,UNAVAILABLE,0,1.54,10.81
bobble.garden,AVAILABLE,0,1.54,26.26
bobble.hair,AVAILABLE,0,1.54,12.98
bobble.monster,AVAILABLE,0,1.54,12.98
bobble.rest,AVAILABLE,0,1.54,26.26
bobble.skin,AVAILABLE,0,1.54,12.98
bobble.surf,AVAILABLE,0,1.54,26.26
bocce.lol,AVAILABLE,0,1.54,26.26
bocce.space,AVAILABLE,1,68.75,273.44
bocce.pics,AVAILABLE,0,1.54,26.26
bocce.quest,AVAILABLE,0,1.54,12.98
bocce.mom,AVAILABLE,0,1.54,26.26
bocce.beauty,AVAILABLE,0,1.54,12.98
bocce.beer,AVAILABLE,0,1.54,26.26
bocce.best,AVAILABLE,0,1.72,15.96
bocce.click,AVAILABLE,1,76.94,109.69
bocce.garden,UNAVAILABLE,0,1.54,26.26
bocce.hair,AVAILABLE,0,1.54,12.98
bocce.monster,AVAILABLE,0,1.54,12.98
bocce.rest,AVAILABLE,0,1.54,26.26
bocce.skin,AVAILABLE,0,1.54,12.98
bocce.surf,AVAILABLE,0,1.54,26.26
bock.lol,AVAILABLE,0,1.54,26.26
bock.space,UNAVAILABLE,0,1.96,26.26
bock.pics,AVAILABLE,0,1.54,26.26
bock.quest,AVAILABLE,0,1.54,12.98
bock.mom,AVAILABLE,0,1.54,26.26
bock.beauty,AVAILABLE,0,1.54,12.98
bock.beer,UNAVAILABLE,1,218.86,27.82
bock.best,AVAILABLE,0,1.72,15.96
bock.click,UNAVAILABLE,0,1.54,10.81
bock.garden,AVAILABLE,0,1.54,26.26
bock.hair,AVAILABLE,0,1.54,12.98
bock.monster,AVAILABLE,0,1.54,12.98
bock.rest,AVAILABLE,0,1.54,26.26
bock.skin,AVAILABLE,0,1.54,12.98
bock.surf,AVAILABLE,0,1.54,26.26
boff.lol,UNAVAILABLE,0,1.54,26.26
boff.space,AVAILABLE,1,136.98,546.35
boff.pics,AVAILABLE,0,1.54,26.26
boff.quest,AVAILABLE,0,1.54,12.98
boff.mom,AVAILABLE,0,1.54,26.26
boff.beauty,AVAILABLE,0,1.54,12.98
boff.beer,AVAILABLE,0,1.54,26.26
boff.best,AVAILABLE,0,1.72,15.96
boff.click,AVAILABLE,1,76.94,109.69
boff.garden,AVAILABLE,0,1.54,26.26
boff.hair,AVAILABLE,0,1.54,12.98
boff.monster,AVAILABLE,0,1.54,12.98
boff.rest,AVAILABLE,0,1.54,26.26
boff.skin,AVAILABLE,0,1.54,12.98
boff.surf,AVAILABLE,0,1.54,26.26
boffin.lol,AVAILABLE,0,1.54,26.26
boffin.space,AVAILABLE,1,27.82,109.69
boffin.pics,AVAILABLE,0,1.54,26.26
boffin.quest,UNAVAILABLE,0,1.54,12.98
boffin.mom,AVAILABLE,0,1.54,26.26
boffin.beauty,AVAILABLE,0,1.54,12.98
boffin.beer,UNAVAILABLE,0,1.54,26.26
boffin.best,AVAILABLE,0,1.72,15.96
boffin.click,AVAILABLE,0,1.54,10.81
boffin.garden,AVAILABLE,0,1.54,26.26
boffin.hair,AVAILABLE,0,1.54,12.98
boffin.monster,AVAILABLE,0,1.54,12.98
boffin.rest,AVAILABLE,0,1.54,26.26
boffin.skin,AVAILABLE,0,1.54,12.98
boffin.surf,AVAILABLE,0,1.54,26.26
boing.lol,UNAVAILABLE,0,1.54,26.26
boing.space,UNAVAILABLE,1,27.82,109.69
boing.pics,AVAILABLE,0,1.54,26.26
boing.quest,AVAILABLE,0,1.54,12.98
boing.mom,AVAILABLE,0,1.54,26.26
boing.beauty,AVAILABLE,0,1.54,12.98
boing.beer,AVAILABLE,0,1.54,26.26
boing.best,AVAILABLE,0,1.72,15.96
boing.click,AVAILABLE,1,76.94,109.69
boing.garden,AVAILABLE,0,1.54,26.26
boing.hair,AVAILABLE,0,1.54,12.98
boing.monster,AVAILABLE,0,1.54,12.98
boing.rest,AVAILABLE,0,1.54,26.26
boing.skin,AVAILABLE,0,1.54,12.98
boing.surf,AVAILABLE,0,1.54,26.26
boink.lol,UNAVAILABLE,0,1.54,26.26
boink.space,UNAVAILABLE,0,1.96,26.26
boink.pics,AVAILABLE,0,1.54,26.26
boink.quest,AVAILABLE,0,1.54,12.98
boink.mom,AVAILABLE,0,1.54,26.26
boink.beauty,AVAILABLE,0,1.54,12.98
boink.beer,UNAVAILABLE,0,1.54,26.26
boink.best,AVAILABLE,0,1.72,15.96
boink.click,AVAILABLE,0,1.54,10.81
boink.garden,AVAILABLE,0,1.54,26.26
boink.hair,AVAILABLE,0,1.54,12.98
boink.monster,AVAILABLE,0,1.54,12.98
boink.rest,AVAILABLE,0,1.54,26.26
boink.skin,AVAILABLE,0,1.54,12.98
boink.surf,AVAILABLE,0,1.54,26.26
bonk.lol,UNAVAILABLE,0,1.54,26.26
bonk.space,AVAILABLE,1,136.98,546.35
bonk.pics,AVAILABLE,0,1.54,26.26
bonk.quest,UNAVAILABLE,0,1.54,12.98
bonk.mom,AVAILABLE,0,1.54,26.26
bonk.beauty,AVAILABLE,0,1.54,12.98
bonk.beer,PENDING,0,0.00,0.00
bonk.best,UNAVAILABLE,0,1.72,15.96
bonk.click,AVAILABLE,1,76.94,109.69
bonk.garden,PENDING,0,0.00,0.00
bonk.hair,AVAILABLE,0,1.54,12.98
bonk.monster,UNAVAILABLE,0,1.54,12.98
bonk.rest,AVAILABLE,0,1.54,26.26
bonk.skin,AVAILABLE,0,1.54,12.98
bonk.surf,PENDING,0,0.00,0.00
boor.lol,AVAILABLE,0,1.54,26.26
boor.space,AVAILABLE,1,136.98,546.35
boor.pics,AVAILABLE,0,1.54,26.26
boor.quest,AVAILABLE,0,1.54,12.98
boor.mom,AVAILABLE,0,1.54,26.26
boor.beauty,AVAILABLE,0,1.54,12.98
boor.beer,AVAILABLE,0,1.54,26.26
boor.best,AVAILABLE,0,1.72,15.96
boor.click,AVAILABLE,1,76.94,109.69
boor.garden,AVAILABLE,0,1.54,26.26
boor.hair,AVAILABLE,0,1.54,12.98
boor.monster,AVAILABLE,0,1.54,12.98
boor.rest,AVAILABLE,0,1.54,26.26
boor.skin,AVAILABLE,0,1.54,12.98
boor.surf,AVAILABLE,0,1.54,26.26
bothy.lol,UNAVAILABLE,0,1.54,26.26
bothy.space,AVAILABLE,1,27.82,109.69
bothy.pics,AVAILABLE,0,1.54,26.26
bothy.quest,AVAILABLE,0,1.54,12.98
bothy.mom,AVAILABLE,0,1.54,26.26
bothy.beauty,AVAILABLE,0,1.54,12.98
bothy.beer,AVAILABLE,0,1.54,26.26
bothy.best,AVAILABLE,0,1.72,15.96
bothy.click,AVAILABLE,1,76.94,109.69
bothy.garden,AVAILABLE,0,1.54,26.26
bothy.hair,AVAILABLE,0,1.54,12.98
bothy.monster,AVAILABLE,0,1.54,12.98
bothy.rest,AVAILABLE,0,1.54,26.26
bothy.skin,AVAILABLE,0,1.54,12.98
bothy.surf,AVAILABLE,0,1.54,26.26
bower.lol,AVAILABLE,0,1.54,26.26
bower.space,UNAVAILABLE,1,68.75,273.44
bower.pics,AVAILABLE,0,1.54,26.26
bower.quest,AVAILABLE,0,1.54,12.98
bower.mom,AVAILABLE,0,1.54,26.26
bower.beauty,AVAILABLE,0,1.54,12.98
bower.beer,AVAILABLE,0,1.54,26.26
bower.best,AVAILABLE,0,1.72,15.96
bower.click,AVAILABLE,0,1.54,10.81
bower.garden,AVAILABLE,0,1.54,26.26
bower.hair,AVAILABLE,0,1.54,12.98
bower.monster,AVAILABLE,0,1.54,12.98
bower.rest,AVAILABLE,0,1.54,26.26
bower.skin,AVAILABLE,0,1.54,12.98
bower.surf,AVAILABLE,0,1.54,26.26
braise.lol,AVAILABLE,0,1.54,26.26
braise.space,AVAILABLE,1,27.82,109.69
braise.pics,AVAILABLE,0,1.54,26.26
braise.quest,AVAILABLE,0,1.54,12.98
braise.mom,AVAILABLE,0,1.54,26.26
braise.beauty,AVAILABLE,0,1.54,12.98
braise.beer,UNAVAILABLE,0,1.54,26.26
braise.best,AVAILABLE,0,1.72,15.96
braise.click,AVAILABLE,0,1.54,10.81
braise.garden,AVAILABLE,0,1.54,26.26
braise.hair,AVAILABLE,0,1.54,12.98
braise.monster,AVAILABLE,0,1.54,12.98
braise.rest,UNAVAILABLE,0,1.54,26.26
braise.skin,AVAILABLE,0,1.54,12.98
braise.surf,AVAILABLE,0,1.54,26.26
braw.lol,AVAILABLE,0,1.54,26.26
braw.space,AVAILABLE,1,27.82,109.69
braw.pics,AVAILABLE,0,1.54,26.26
braw.quest,AVAILABLE,0,1.54,12.98
braw.mom,AVAILABLE,0,1.54,26.26
braw.beauty,AVAILABLE,0,1.54,12.98
braw.beer,AVAILABLE,0,1.54,26.26
braw.best,AVAILABLE,0,1.72,15.96
braw.click,AVAILABLE,1,76.94,109.69
braw.garden,AVAILABLE,0,1.54,26.26
braw.hair,AVAILABLE,0,1.54,12.98
braw.monster,AVAILABLE,0,1.54,12.98
braw.rest,AVAILABLE,0,1.54,26.26
braw.skin,AVAILABLE,0,1.54,12.98
braw.surf,AVAILABLE,0,1.54,26.26
briny.lol,AVAILABLE,0,1.54,26.26
briny.space,AVAILABLE,1,27.82,109.69
briny.pics,AVAILABLE,0,1.54,26.26
briny.quest,AVAILABLE,0,1.54,12.98
briny.mom,AVAILABLE,0,1.54,26.26
briny.beauty,AVAILABLE,0,1.54,12.98
briny.beer,AVAILABLE,0,1.54,26.26
briny.best,AVAILABLE,0,1.72,15.96
briny.click,AVAILABLE,1,76.94,109.69
briny.garden,AVAILABLE,0,1.54,26.26
briny.hair,AVAILABLE,0,1.54,12.98
briny.monster,AVAILABLE,0,1.54,12.98
briny.rest,AVAILABLE,0,1.54,26.26
briny.skin,AVAILABLE,0,1.54,12.98
briny.surf,AVAILABLE,0,1.54,26.26
bumf.lol,AVAILABLE,0,1.54,26.26
bumf.space,PENDING,0,0.00,0.00
bumf.pics,AVAILABLE,0,1.54,26.26
bumf.quest,AVAILABLE,0,1.54,12.98
bumf.mom,AVAILABLE,0,1.54,26.26
bumf.beauty,AVAILABLE,0,1.54,12.98
bumf.beer,PENDING,0,0.00,0.00
bumf.best,AVAILABLE,0,1.72,15.96
bumf.click,AVAILABLE,1,76.94,109.69
bumf.garden,PENDING,0,0.00,0.00
bumf.hair,AVAILABLE,0,1.54,12.98
bumf.monster,AVAILABLE,0,1.54,12.98
bumf.rest,AVAILABLE,0,1.54,26.26
bumf.skin,AVAILABLE,0,1.54,12.98
bumf.surf,PENDING,0,0.00,0.00
bunion.lol,PENDING,0,0.00,0.00
bunion.space,PENDING,0,0.00,0.00
bunion.pics,PENDING,0,0.00,0.00
bunion.quest,AVAILABLE,0,1.54,12.98
bunion.mom,PENDING,0,0.00,0.00
bunion.beauty,AVAILABLE,0,1.54,12.98
bunion.beer,AVAILABLE,0,1.54,26.26
bunion.best,AVAILABLE,0,1.72,15.96
bunion.click,PENDING,0,0.00,0.00
bunion.garden,AVAILABLE,0,1.54,26.26
bunion.hair,AVAILABLE,0,1.54,12.98
bunion.monster,AVAILABLE,0,1.54,12.98
bunion.rest,PENDING,0,0.00,0.00
bunion.skin,AVAILABLE,0,1.54,12.98
bunion.surf,AVAILABLE,0,1.54,26.26
bunk.lol,UNAVAILABLE,0,1.54,26.26
bunk.space,AVAILABLE,1,136.98,546.35
bunk.pics,AVAILABLE,0,1.54,26.26
bunk.quest,AVAILABLE,0,1.54,12.98
bunk.mom,UNAVAILABLE,0,1.54,26.26
bunk.beauty,AVAILABLE,0,1.54,12.98
bunk.beer,AVAILABLE,0,1.54,26.26
bunk.best,AVAILABLE,0,1.72,15.96
bunk.click,AVAILABLE,1,76.94,109.69
bunk.garden,UNAVAILABLE,0,1.54,26.26
bunk.hair,AVAILABLE,0,1.54,12.98
bunk.monster,AVAILABLE,0,1.54,12.98
bunk.rest,AVAILABLE,0,1.54,26.26
bunk.skin,AVAILABLE,0,1.54,12.98
bunk.surf,AVAILABLE,0,1.54,26.26
burp.lol,UNAVAILABLE,0,1.54,26.26
burp.space,UNAVAILABLE,0,1.96,26.26
burp.pics,AVAILABLE,0,1.54,26.26
burp.quest,AVAILABLE,0,1.54,12.98
burp.mom,AVAILABLE,0,1.54,26.26
burp.beauty,AVAILABLE,0,1.54,12.98
burp.beer,AVAILABLE,0,1.54,26.26
burp.best,AVAILABLE,0,1.72,15.96
burp.click,AVAILABLE,1,76.94,109.69
burp.garden,AVAILABLE,0,1.54,26.26
burp.hair,AVAILABLE,0,1.54,12.98
burp.monster,AVAILABLE,0,1.54,12.98
burp.rest,AVAILABLE,0,1.54,26.26
burp.skin,AVAILABLE,0,1.54,12.98
burp.surf,AVAILABLE,0,1.54,26.26
cacao.lol,UNAVAILABLE,0,1.54,26.26
cacao.space,AVAILABLE,1,273.44,1092.18
cacao.pics,AVAILABLE,0,1.54,26.26
cacao.quest,UNAVAILABLE,0,1.54,12.98
cacao.mom,AVAILABLE,0,1.54,26.26
cacao.beauty,UNAVAILABLE,0,1.54,12.98
cacao.beer,UNAVAILABLE,0,1.54,26.26
cacao.best,AVAILABLE,0,1.72,15.96
cacao.click,AVAILABLE,1,382.61,546.35
cacao.garden,AVAILABLE,0,1.54,26.26
cacao.hair,AVAILABLE,0,1.54,12.98
cacao.monster,AVAILABLE,0,1.54,12.98
cacao.rest,AVAILABLE,1,69.30,98.77
cacao.skin,AVAILABLE,0,1.54,12.98
cacao.surf,AVAILABLE,0,1.54,26.26
cad.lol,UNAVAILABLE,1,109.69,109.69
cad.space,AVAILABLE,1,682.81,2729.67
cad.pics,AVAILABLE,0,1.54,26.26
cad.quest,UNAVAILABLE,0,1.54,12.98
cad.mom,UNAVAILABLE,0,1.54,26.26
cad.beauty,AVAILABLE,0,1.54,12.98
cad.beer,UNAVAILABLE,0,1.54,26.26
cad.best,UNAVAILABLE,0,1.72,15.96
cad.click,UNAVAILABLE,0,1.54,10.81
cad.garden,AVAILABLE,1,437.19,27.82
cad.hair,AVAILABLE,0,1.54,12.98
cad.monster,UNAVAILABLE,0,1.54,12.98
cad.rest,UNAVAILABLE,0,1.54,26.26
cad.skin,UNAVAILABLE,0,1.54,12.98
cad.surf,AVAILABLE,1,437.19,27.82
cadre.lol,AVAILABLE,0,1.54,26.26
cadre.space,UNAVAILABLE,0,1.96,26.26
cadre.pics,AVAILABLE,0,1.54,26.26
cadre.quest,AVAILABLE,0,1.54,12.98
cadre.mom,AVAILABLE,0,1.54,26.26
cadre.beauty,AVAILABLE,0,1.54,12.98
cadre.beer,AVAILABLE,0,1.54,26.26
cadre.best,AVAILABLE,0,1.72,15.96
cadre.click,AVAILABLE,1,76.94,109.69
cadre.garden,AVAILABLE,0,1.54,26.26
cadre.hair,AVAILABLE,0,1.54,12.98
cadre.monster,AVAILABLE,0,1.54,12.98
cadre.rest,AVAILABLE,0,1.54,26.26
cadre.skin,AVAILABLE,0,1.54,12.98
cadre.surf,AVAILABLE,0,1.54,26.26
cameo.lol,UNAVAILABLE,0,1.54,26.26
cameo.space,AVAILABLE,1,136.98,546.35
cameo.pics,AVAILABLE,0,1.54,26.26
cameo.quest,AVAILABLE,0,1.54,12.98
cameo.mom,AVAILABLE,0,1.54,26.26
cameo.beauty,AVAILABLE,0,1.54,12.98
cameo.beer,AVAILABLE,0,1.54,26.26
cameo.best,AVAILABLE,0,1.72,15.96
cameo.click,UNAVAILABLE,0,1.54,10.81
cameo.garden,AVAILABLE,0,1.54,26.26
cameo.hair,AVAILABLE,0,1.54,12.98
cameo.monster,AVAILABLE,0,1.54,12.98
cameo.rest,AVAILABLE,1,69.30,98.77
cameo.skin,AVAILABLE,0,1.54,12.98
cameo.surf,AVAILABLE,0,1.54,26.26
canny.lol,UNAVAILABLE,0,1.54,26.26
canny.space,AVAILABLE,1,68.75,273.44
canny.pics,AVAILABLE,0,1.54,26.26
canny.quest,AVAILABLE,0,1.54,12.98
canny.mom,AVAILABLE,0,1.54,26.26
canny.beauty,AVAILABLE,0,1.54,12.98
canny.beer,UNAVAILABLE,0,1.54,26.26
canny.best,AVAILABLE,0,1.72,15.96
canny.click,UNAVAILABLE,0,1.54,10.81
canny.garden,AVAILABLE,0,1.54,26.26
canny.hair,AVAILABLE,0,1.54,12.98
canny.monster,AVAILABLE,0,1.54,12.98
canny.rest,AVAILABLE,0,1.54,26.26
canny.skin,AVAILABLE,0,1.54,12.98
canny.surf,AVAILABLE,0,1.54,26.26
carob.lol,UNAVAILABLE,0,1.54,26.26
carob.space,AVAILABLE,1,27.82,109.69
carob.pics,AVAILABLE,0,1.54,26.26
carob.quest,AVAILABLE,0,1.54,12.98
carob.mom,AVAILABLE,0,1.54,26.26
carob.beauty,AVAILABLE,0,1.54,12.98
carob.beer,AVAILABLE,0,1.54,26.26
carob.best,AVAILABLE,0,1.72,15.96
carob.click,AVAILABLE,1,76.94,109.69
carob.garden,AVAILABLE,0,1.54,26.26
carob.hair,AVAILABLE,0,1.54,12.98
carob.monster,AVAILABLE,0,1.54,12.98
carob.rest,AVAILABLE,0,1.54,26.26
carob.skin,AVAILABLE,0,1.54,12.98
carob.surf,AVAILABLE,0,1.54,26.26
caudle.lol,PENDING,0,0.00,0.00
caudle.space,AVAILABLE,1,68.75,273.44
caudle.pics,PENDING,0,0.00,0.00
caudle.quest,PENDING,0,0.00,0.00
caudle.mom,PENDING,0,0.00,0.00
caudle.beauty,PENDING,0,0.00,0.00
caudle.beer,PENDING,0,0.00,0.00
caudle.best,PENDING,0,0.00,0.00
caudle.click,PENDING,0,0.00,0.00
caudle.garden,PENDING,0,0.00,0.00
caudle.hair,PENDING,0,0.00,0.00
caudle.monster,PENDING,0,0.00,0.00
caudle.rest,PENDING,0,0.00,0.00
caudle.skin,PENDING,0,0.00,0.00
caudle.surf,PENDING,0,0.00,0.00
caulk.lol,UNAVAILABLE,0,1.54,26.26
caulk.space,AVAILABLE,1,68.75,273.44
caulk.pics,AVAILABLE,0,1.54,26.26
caulk.quest,AVAILABLE,0,1.54,12.98
caulk.mom,AVAILABLE,0,1.54,26.26
caulk.beauty,AVAILABLE,0,1.54,12.98
caulk.beer,AVAILABLE,0,1.54,26.26
caulk.best,AVAILABLE,0,1.72,15.96
caulk.click,AVAILABLE,1,76.94,109.69
caulk.garden,AVAILABLE,0,1.54,26.26
caulk.hair,AVAILABLE,0,1.54,12.98
caulk.monster,AVAILABLE,0,1.54,12.98
caulk.rest,AVAILABLE,0,1.54,26.26
caulk.skin,AVAILABLE,0,1.54,12.98
caulk.surf,AVAILABLE,0,1.54,26.26
cello.lol,UNAVAILABLE,0,1.54,26.26
cello.space,AVAILABLE,1,273.44,1092.18
cello.pics,AVAILABLE,0,1.54,26.26
cello.quest,AVAILABLE,0,1.54,12.98
cello.mom,AVAILABLE,0,1.54,26.26
cello.beauty,AVAILABLE,0,1.54,12.98
cello.beer,AVAILABLE,0,1.54,26.26
cello.best,UNAVAILABLE,0,1.72,15.96
cello.click,AVAILABLE,1,76.94,109.69
cello.garden,UNAVAILABLE,0,1.54,26.26
cello.hair,AVAILABLE,0,1.54,12.98
cello.monster,AVAILABLE,0,1.54,12.98
cello.rest,AVAILABLE,0,1.54,26.26
cello.skin,AVAILABLE,0,1.54,12.98
cello.surf,AVAILABLE,0,1.54,26.26
chafe.lol,AVAILABLE,0,1.54,26.26
chafe.space,AVAILABLE,1,68.75,273.44
chafe.pics,AVAILABLE,0,1.54,26.26
chafe.quest,AVAILABLE,0,1.54,12.98
chafe.mom,AVAILABLE,0,1.54,26.26
chafe.beauty,AVAILABLE,0,1.54,12.98
chafe.beer,AVAILABLE,0,1.54,26.26
chafe.best,AVAILABLE,0,1.72,15.96
chafe.click,AVAILABLE,1,76.94,109.69
chafe.garden,AVAILABLE,0,1.54,26.26
chafe.hair,AVAILABLE,0,1.54,12.98
chafe.monster,AVAILABLE,0,1.54,12.98
chafe.rest,AVAILABLE,0,1.54,26.26
chafe.skin,AVAILABLE,0,1.54,12.98
chafe.surf,AVAILABLE,0,1.54,26.26
chicha.lol,AVAILABLE,0,1.54,26.26
chicha.space,AVAILABLE,1,68.75,273.44
chicha.pics,AVAILABLE,0,1.54,26.26
chicha.quest,AVAILABLE,0,1.54,12.98
chicha.mom,AVAILABLE,0,1.54,26.26
chicha.beauty,AVAILABLE,0,1.54,12.98
chicha.beer,AVAILABLE,0,1.54,26.26
chicha.best,AVAILABLE,0,1.72,15.96
chicha.click,UNAVAILABLE,0,1.54,10.81
chicha.garden,AVAILABLE,0,1.54,26.26
chicha.hair,AVAILABLE,0,1.54,12.98
chicha.monster,AVAILABLE,0,1.54,12.98
chicha.rest,AVAILABLE,0,1.54,26.26
chicha.skin,AVAILABLE,0,1.54,12.98
chicha.surf,AVAILABLE,0,1.54,26.26
chomp.lol,PENDING,0,0.00,0.00
chomp.space,PENDING,0,0.00,0.00
chomp.pics,PENDING,0,0.00,0.00
chomp.quest,AVAILABLE,0,1.54,12.98
chomp.mom,PENDING,0,0.00,0.00
chomp.beauty,AVAILABLE,0,1.54,12.98
chomp.beer,UNAVAILABLE,0,1.54,26.26
chomp.best,AVAILABLE,0,1.72,15.96
chomp.click,PENDING,0,0.00,0.00
chomp.garden,UNAVAILABLE,0,1.54,26.26
chomp.hair,AVAILABLE,0,1.54,12.98
chomp.monster,AVAILABLE,0,1.54,12.98
chomp.rest,PENDING,0,0.00,0.00
chomp.skin,AVAILABLE,0,1.54,12.98
chomp.surf,AVAILABLE,0,1.54,26.26
chonk.lol,UNAVAILABLE,0,1.54,26.26
chonk.space,UNAVAILABLE,0,1.96,26.26
chonk.pics,AVAILABLE,0,1.54,26.26
chonk.quest,AVAILABLE,0,1.54,12.98
chonk.mom,AVAILABLE,0,1.54,26.26
chonk.beauty,AVAILABLE,0,1.54,12.98
chonk.beer,AVAILABLE,0,1.54,26.26
chonk.best,AVAILABLE,0,1.72,15.96
chonk.click,AVAILABLE,1,76.94,109.69
chonk.garden,AVAILABLE,0,1.54,26.26
chonk.hair,AVAILABLE,0,1.54,12.98
chonk.monster,AVAILABLE,0,1.54,12.98
chonk.rest,AVAILABLE,0,1.54,26.26
chonk.skin,AVAILABLE,0,1.54,12.98
chonk.surf,AVAILABLE,0,1.54,26.26
choux.lol,AVAILABLE,0,1.54,26.26
choux.space,AVAILABLE,1,27.82,109.69
choux.pics,AVAILABLE,0,1.54,26.26
choux.quest,AVAILABLE,0,1.54,12.98
choux.mom,AVAILABLE,0,1.54,26.26
choux.beauty,AVAILABLE,0,1.54,12.98
choux.beer,AVAILABLE,0,1.54,26.26
choux.best,AVAILABLE,0,1.72,15.96
choux.click,AVAILABLE,1,76.94,109.69
choux.garden,AVAILABLE,0,1.54,26.26
choux.hair,AVAILABLE,0,1.54,12.98
choux.monster,AVAILABLE,0,1.54,12.98
choux.rest,AVAILABLE,0,1.54,26.26
choux.skin,UNAVAILABLE,0,1.54,12.98
choux.surf,AVAILABLE,0,1.54,26.26
churl.lol,AVAILABLE,0,1.54,26.26
churl.space,AVAILABLE,1,27.82,109.69
churl.pics,AVAILABLE,0,1.54,26.26
churl.quest,AVAILABLE,0,1.54,12.98
churl.mom,AVAILABLE,0,1.54,26.26
churl.beauty,AVAILABLE,0,1.54,12.98
churl.beer,AVAILABLE,0,1.54,26.26
churl.best,AVAILABLE,0,1.72,15.96
churl.click,AVAILABLE,1,76.94,109.69
churl.garden,AVAILABLE,0,1.54,26.26
churl.hair,AVAILABLE,0,1.54,12.98
churl.monster,AVAILABLE,0,1.54,12.98
churl.rest,AVAILABLE,0,1.54,26.26
churl.skin,AVAILABLE,0,1.54,12.98
churl.surf,AVAILABLE,0,1.54,26.26
churn.lol,UNAVAILABLE,0,1.54,26.26
churn.space,AVAILABLE,1,68.75,273.44
churn.pics,AVAILABLE,0,1.54,26.26
churn.quest,AVAILABLE,0,1.54,12.98
churn.mom,AVAILABLE,0,1.54,26.26
churn.beauty,AVAILABLE,0,1.54,12.98
churn.beer,AVAILABLE,0,1.54,26.26
churn.best,AVAILABLE,0,1.72,15.96
churn.click,AVAILABLE,1,76.94,109.69
churn.garden,UNAVAILABLE,0,1.54,26.26
churn.hair,AVAILABLE,0,1.54,12.98
churn.monster,UNAVAILABLE,0,1.54,12.98
churn.rest,AVAILABLE,0,1.54,26.26
churn.skin,AVAILABLE,0,1.54,12.98
churn.surf,AVAILABLE,0,1.54,26.26
clang.lol,AVAILABLE,0,1.54,26.26
clang.space,AVAILABLE,1,68.75,273.44
clang.pics,AVAILABLE,0,1.54,26.26
clang.quest,AVAILABLE,0,1.54,12.98
clang.mom,AVAILABLE,0,1.54,26.26
clang.beauty,AVAILABLE,0,1.54,12.98
clang.beer,AVAILABLE,0,1.54,26.26
clang.best,AVAILABLE,0,1.72,15.96
clang.click,AVAILABLE,1,76.94,109.69
clang.garden,AVAILABLE,0,1.54,26.26
clang.hair,AVAILABLE,0,1.54,12.98
clang.monster,UNAVAILABLE,0,1.54,12.98
clang.rest,UNAVAILABLE,0,1.54,26.26
clang.skin,AVAILABLE,0,1.54,12.98
clang.surf,AVAILABLE,0,1.54,26.26
clave.lol,AVAILABLE,0,1.54,26.26
clave.space,AVAILABLE,1,68.75,273.44
clave.pics,AVAILABLE,0,1.54,26.26
clave.quest,AVAILABLE,0,1.54,12.98
clave.mom,AVAILABLE,0,1.54,26.26
clave.beauty,UNAVAILABLE,0,1.54,12.98
clave.beer,AVAILABLE,1,44.19,27.82
clave.best,AVAILABLE,0,1.72,15.96
clave.click,AVAILABLE,1,76.94,109.69
clave.garden,AVAILABLE,0,1.54,26.26
clave.hair,AVAILABLE,0,1.54,12.98
clave.monster,AVAILABLE,0,1.54,12.98
clave.rest,AVAILABLE,0,1.54,26.26
clave.skin,AVAILABLE,0,1.54,12.98
clave.surf,AVAILABLE,0,1.54,26.26
cleat.lol,AVAILABLE,0,1.54,26.26
cleat.space,AVAILABLE,1,136.98,546.35
cleat.pics,AVAILABLE,0,1.54,26.26
cleat.quest,AVAILABLE,0,1.54,12.98
cleat.mom,AVAILABLE,0,1.54,26.26
cleat.beauty,AVAILABLE,0,1.54,12.98
cleat.beer,AVAILABLE,0,1.54,26.26
cleat.best,AVAILABLE,0,1.72,15.96
cleat.click,AVAILABLE,1,76.94,109.69
cleat.garden,AVAILABLE,0,1.54,26.26
cleat.hair,AVAILABLE,0,1.54,12.98
cleat.monster,AVAILABLE,0,1.54,12.98
cleat.rest,AVAILABLE,0,1.54,26.26
cleat.skin,AVAILABLE,0,1.54,12.98
cleat.surf,AVAILABLE,0,1.54,26.26
clod.lol,UNAVAILABLE,0,1.54,26.26
clod.space,AVAILABLE,1,27.82,109.69
clod.pics,AVAILABLE,0,1.54,26.26
clod.quest,AVAILABLE,0,1.54,12.98
clod.mom,AVAILABLE,0,1.54,26.26
clod.beauty,AVAILABLE,0,1.54,12.98
clod.beer,AVAILABLE,1,44.19,27.82
clod.best,AVAILABLE,0,1.72,15.96
clod.click,AVAILABLE,1,76.94,109.69
clod.garden,AVAILABLE,0,1.54,26.26
clod.hair,AVAILABLE,0,1.54,12.98
clod.monster,AVAILABLE,0,1.54,12.98
clod.rest,AVAILABLE,0,1.54,26.26
clod.skin,AVAILABLE,0,1.54,12.98
clod.surf,AVAILABLE,0,1.54,26.26
clonk.lol,AVAILABLE,0,1.54,26.26
clonk.space,AVAILABLE,0,1.96,26.26
clonk.pics,AVAILABLE,0,1.54,26.26
clonk.quest,AVAILABLE,0,1.54,12.98
clonk.mom,AVAILABLE,0,1.54,26.26
clonk.beauty,AVAILABLE,0,1.54,12.98
clonk.beer,AVAILABLE,0,1.54,26.26
clonk.best,AVAILABLE,0,1.72,15.96
clonk.click,AVAILABLE,1,76.94,109.69
clonk.garden,AVAILABLE,0,1.54,26.26
clonk.hair,AVAILABLE,0,1.54,12.98
clonk.monster,AVAILABLE,0,1.54,12.98
clonk.rest,AVAILABLE,0,1.54,26.26
clonk.skin,AVAILABLE,0,1.54,12.98
clonk.surf,AVAILABLE,0,1.54,26.26
clop.lol,PENDING,0,0.00,0.00
clop.space,AVAILABLE,1,68.75,273.44
clop.pics,PENDING,0,0.00,0.00
clop.quest,AVAILABLE,0,1.54,12.98
clop.mom,PENDING,0,0.00,0.00
clop.beauty,AVAILABLE,0,1.54,12.98
clop.beer,AVAILABLE,0,1.54,26.26
clop.best,AVAILABLE,0,1.72,15.96
clop.click,PENDING,0,0.00,0.00
clop.garden,AVAILABLE,0,1.54,26.26
clop.hair,AVAILABLE,0,1.54,12.98
clop.monster,AVAILABLE,0,1.54,12.98
clop.rest,PENDING,0,0.00,0.00
clop.skin,AVAILABLE,0,1.54,12.98
clop.surf,AVAILABLE,0,1.54,26.26
clot.lol,AVAILABLE,0,1.54,26.26
clot.space,AVAILABLE,1,136.98,546.35
clot.pics,AVAILABLE,0,1.54,26.26
clot.quest,AVAILABLE,0,1.54,12.98
clot.mom,AVAILABLE,0,1.54,26.26
clot.beauty,AVAILABLE,0,1.54,12.98
clot.beer,AVAILABLE,0,1.54,26.26
clot.best,AVAILABLE,0,1.72,15.96
clot.click,AVAILABLE,1,76.94,109.69
clot.garden,AVAILABLE,0,1.54,26.26
clot.hair,AVAILABLE,0,1.54,12.98
clot.monster,AVAILABLE,0,1.54,12.98
clot.rest,AVAILABLE,0,1.54,26.26
clot.skin,AVAILABLE,0,1.54,12.98
clot.surf,AVAILABLE,0,1.54,26.26
clunk.lol,AVAILABLE,0,1.54,26.26
clunk.space,AVAILABLE,1,27.82,109.69
clunk.pics,AVAILABLE,0,1.54,26.26
clunk.quest,AVAILABLE,0,1.54,12.98
clunk.mom,AVAILABLE,0,1.54,26.26
clunk.beauty,AVAILABLE,0,1.54,12.98
clunk.beer,AVAILABLE,0,1.54,26.26
clunk.best,AVAILABLE,0,1.72,15.96
clunk.click,AVAILABLE,1,76.94,109.69
clunk.garden,AVAILABLE,0,1.54,26.26
clunk.hair,AVAILABLE,0,1.54,12.98
clunk.monster,AVAILABLE,0,1.54,12.98
clunk.rest,AVAILABLE,0,1.54,26.26
clunk.skin,AVAILABLE,0,1.54,12.98
clunk.surf,AVAILABLE,0,1.54,26.26
coarse.lol,AVAILABLE,0,1.54,26.26
coarse.space,UNAVAILABLE,0,1.96,26.26
coarse.pics,AVAILABLE,0,1.54,26.26
coarse.quest,AVAILABLE,0,1.54,12.98
coarse.mom,AVAILABLE,0,1.54,26.26
coarse.beauty,AVAILABLE,0,1.54,12.98
coarse.beer,AVAILABLE,1,44.19,27.82
coarse.best,AVAILABLE,0,1.72,15.96
coarse.click,AVAILABLE,0,1.54,10.81
coarse.garden,UNAVAILABLE,0,1.54,26.26
coarse.hair,UNAVAILABLE,0,1.54,12.98
coarse.monster,AVAILABLE,0,1.54,12.98
coarse.rest,AVAILABLE,0,1.54,26.26
coarse.skin,AVAILABLE,0,1.54,12.98
coarse.surf,AVAILABLE,0,1.54,26.26
cobble.lol,UNAVAILABLE,0,1.54,26.26
cobble.space,AVAILABLE,1,68.75,273.44
cobble.pics,AVAILABLE,0,1.54,26.26
cobble.quest,UNAVAILABLE,0,1.54,12.98
cobble.mom,UNAVAILABLE,0,1.54,26.26
cobble.beauty,AVAILABLE,0,1.54,12.98
cobble.beer,UNAVAILABLE,0,1.54,26.26
cobble.best,AVAILABLE,0,1.72,15.96
cobble.click,AVAILABLE,0,1.54,10.81
cobble.garden,AVAILABLE,0,1.54,26.26
cobble.hair,AVAILABLE,0,1.54,12.98
cobble.monster,UNAVAILABLE,0,1.54,12.98
cobble.rest,AVAILABLE,0,1.54,26.26
cobble.skin,AVAILABLE,0,1.54,12.98
cobble.surf,AVAILABLE,0,1.54,26.26
coccyx.lol,AVAILABLE,0,1.54,26.26
coccyx.space,AVAILABLE,0,1.96,26.26
coccyx.pics,AVAILABLE,0,1.54,26.26
coccyx.quest,AVAILABLE,0,1.54,12.98
coccyx.mom,AVAILABLE,0,1.54,26.26
coccyx.beauty,AVAILABLE,0,1.54,12.98
coccyx.beer,AVAILABLE,0,1.54,26.26
coccyx.best,AVAILABLE,0,1.72,15.96
coccyx.click,AVAILABLE,0,1.54,10.81
coccyx.garden,AVAILABLE,0,1.54,26.26
coccyx.hair,AVAILABLE,0,1.54,12.98
coccyx.monster,AVAILABLE,0,1.54,12.98
coccyx.rest,AVAILABLE,0,1.54,26.26
coccyx.skin,AVAILABLE,0,1.54,12.98
coccyx.surf,AVAILABLE,0,1.54,26.26
codger.lol,PENDING,0,0.00,0.00
codger.space,PENDING,0,0.00,0.00
codger.pics,PENDING,0,0.00,0.00
codger.quest,AVAILABLE,0,1.54,12.98
codger.mom,PENDING,0,0.00,0.00
codger.beauty,AVAILABLE,0,1.54,12.98
codger.beer,AVAILABLE,0,1.54,26.26
codger.best,AVAILABLE,0,1.72,15.96
codger.click,PENDING,0,0.00,0.00
codger.garden,AVAILABLE,0,1.54,26.26
codger.hair,AVAILABLE,0,1.54,12.98
codger.monster,AVAILABLE,0,1.54,12.98
codger.rest,PENDING,0,0.00,0.00
codger.skin,AVAILABLE,0,1.54,12.98
codger.surf,AVAILABLE,0,1.54,26.26
coil.lol,UNAVAILABLE,0,1.54,26.26
coil.space,AVAILABLE,1,682.81,2729.67
coil.pics,AVAILABLE,0,1.54,26.26
coil.quest,AVAILABLE,0,1.54,12.98
coil.mom,AVAILABLE,0,1.54,26.26
coil.beauty,AVAILABLE,0,1.54,12.98
coil.beer,AVAILABLE,0,1.54,26.26
coil.best,UNAVAILABLE,0,1.72,15.96
coil.click,UNAVAILABLE,0,1.54,10.81
coil.garden,UNAVAILABLE,0,1.54,26.26
coil.hair,AVAILABLE,0,1.54,12.98
coil.monster,AVAILABLE,0,1.54,12.98
coil.rest,AVAILABLE,0,1.54,26.26
coil.skin,AVAILABLE,0,1.54,12.98
coil.surf,AVAILABLE,0,1.54,26.26
congee.lol,AVAILABLE,0,1.54,26.26
congee.space,UNAVAILABLE,0,1.96,26.26
congee.pics,AVAILABLE,0,1.54,26.26
congee.quest,AVAILABLE,0,1.54,12.98
congee.mom,AVAILABLE,0,1.54,26.26
congee.beauty,AVAILABLE,0,1.54,12.98
congee.beer,UNAVAILABLE,0,1.54,26.26
congee.best,AVAILABLE,0,1.72,15.96
congee.click,AVAILABLE,0,1.54,10.81
congee.garden,AVAILABLE,0,1.54,26.26
congee.hair,AVAILABLE,0,1.54,12.98
congee.monster,AVAILABLE,0,1.54,12.98
congee.rest,AVAILABLE,0,1.54,26.26
congee.skin,AVAILABLE,0,1.54,12.98
congee.surf,AVAILABLE,0,1.54,26.26
copium.lol,UNAVAILABLE,0,1.54,26.26
copium.space,PENDING,0,0.00,0.00
copium.pics,AVAILABLE,0,1.54,26.26
copium.quest,AVAILABLE,0,1.54,12.98
copium.mom,AVAILABLE,0,1.54,26.26
copium.beauty,AVAILABLE,0,1.54,12.98
copium.beer,AVAILABLE,0,1.54,26.26
copium.best,UNAVAILABLE,0,1.72,15.96
copium.click,UNAVAILABLE,0,1.54,10.81
copium.garden,AVAILABLE,0,1.54,26.26
copium.hair,AVAILABLE,0,1.54,12.98
copium.monster,AVAILABLE,0,1.54,12.98
copium.rest,AVAILABLE,0,1.54,26.26
copium.skin,AVAILABLE,0,1.54,12.98
copium.surf,AVAILABLE,0,1.54,26.26
corny.lol,UNAVAILABLE,0,1.54,26.26
corny.space,AVAILABLE,1,27.82,109.69
corny.pics,AVAILABLE,0,1.54,26.26
corny.quest,AVAILABLE,0,1.54,12.98
corny.mom,AVAILABLE,0,1.54,26.26
corny.beauty,AVAILABLE,0,1.54,12.98
corny.beer,UNAVAILABLE,0,1.54,26.26
corny.best,AVAILABLE,0,1.72,15.96
corny.click,AVAILABLE,1,76.94,109.69
corny.garden,AVAILABLE,0,1.54,26.26
corny.hair,AVAILABLE,0,1.54,12.98
corny.monster,AVAILABLE,0,1.54,12.98
corny.rest,AVAILABLE,0,1.54,26.26
corny.skin,AVAILABLE,0,1.54,12.98
corny.surf,AVAILABLE,0,1.54,26.26
coulis.lol,AVAILABLE,0,1.54,26.26
coulis.space,AVAILABLE,1,27.82,109.69
coulis.pics,AVAILABLE,0,1.54,26.26
coulis.quest,AVAILABLE,0,1.54,12.98
coulis.mom,AVAILABLE,0,1.54,26.26
coulis.beauty,AVAILABLE,0,1.54,12.98
coulis.beer,AVAILABLE,0,1.54,26.26
coulis.best,AVAILABLE,0,1.72,15.96
coulis.click,AVAILABLE,0,1.54,10.81
coulis.garden,AVAILABLE,0,1.54,26.26
coulis.hair,AVAILABLE,0,1.54,12.98
coulis.monster,AVAILABLE,0,1.54,12.98
coulis.rest,AVAILABLE,0,1.54,26.26
coulis.skin,AVAILABLE,0,1.54,12.98
coulis.surf,AVAILABLE,0,1.54,26.26
creel.lol,AVAILABLE,0,1.54,26.26
creel.space,AVAILABLE,1,68.75,273.44
creel.pics,AVAILABLE,0,1.54,26.26
creel.quest,AVAILABLE,0,1.54,12.98
creel.mom,AVAILABLE,0,1.54,26.26
creel.beauty,AVAILABLE,0,1.54,12.98
creel.beer,AVAILABLE,0,1.54,26.26
creel.best,AVAILABLE,0,1.72,15.96
creel.click,AVAILABLE,1,382.61,546.35
creel.garden,AVAILABLE,0,1.54,26.26
creel.hair,AVAILABLE,0,1.54,12.98
creel.monster,AVAILABLE,0,1.54,12.98
creel.rest,AVAILABLE,0,1.54,26.26
creel.skin,AVAILABLE,0,1.54,12.98
creel.surf,AVAILABLE,0,1.54,26.26
crimp.lol,AVAILABLE,0,1.54,26.26
crimp.space,AVAILABLE,1,68.75,273.44
crimp.pics,AVAILABLE,0,1.54,26.26
crimp.quest,AVAILABLE,0,1.54,12.98
crimp.mom,AVAILABLE,0,1.54,26.26
crimp.beauty,AVAILABLE,0,1.54,12.98
crimp.beer,AVAILABLE,1,44.19,27.82
crimp.best,AVAILABLE,0,1.72,15.96
crimp.click,AVAILABLE,1,76.94,109.69
crimp.garden,AVAILABLE,0,1.54,26.26
crimp.hair,AVAILABLE,0,1.54,12.98
crimp.monster,AVAILABLE,0,1.54,12.98
crimp.rest,AVAILABLE,0,1.54,26.26
crimp.skin,AVAILABLE,0,1.54,12.98
crimp.surf,AVAILABLE,0,1.54,26.26
croon.lol,AVAILABLE,0,1.54,26.26
croon.space,AVAILABLE,1,27.82,109.69
croon.pics,AVAILABLE,0,1.54,26.26
croon.quest,AVAILABLE,0,1.54,12.98
croon.mom,AVAILABLE,0,1.54,26.26
croon.beauty,AVAILABLE,0,1.54,12.98
croon.beer,AVAILABLE,0,1.54,26.26
croon.best,AVAILABLE,0,1.72,15.96
croon.click,AVAILABLE,1,76.94,109.69
croon.garden,AVAILABLE,0,1.54,26.26
croon.hair,AVAILABLE,0,1.54,12.98
croon.monster,AVAILABLE,0,1.54,12.98
croon.rest,AVAILABLE,0,1.54,26.26
croon.skin,AVAILABLE,0,1.54,12.98
croon.surf,AVAILABLE,0,1.54,26.26
crud.lol,UNAVAILABLE,0,1.54,26.26
crud.space,AVAILABLE,1,273.44,1092.18
crud.pics,AVAILABLE,0,1.54,26.26
crud.quest,AVAILABLE,0,1.54,12.98
crud.mom,AVAILABLE,0,1.54,26.26
crud.beauty,AVAILABLE,0,1.54,12.98
crud.beer,AVAILABLE,0,1.54,26.26
crud.best,AVAILABLE,0,1.72,15.96
crud.click,AVAILABLE,1,76.94,109.69
crud.garden,AVAILABLE,0,1.54,26.26
crud.hair,AVAILABLE,0,1.54,12.98
crud.monster,AVAILABLE,0,1.54,12.98
crud.rest,UNAVAILABLE,0,1.54,26.26
crud.skin,AVAILABLE,0,1.54,12.98
crud.surf,AVAILABLE,0,1.54,26.26
crudo.lol,UNAVAILABLE,0,1.54,26.26
crudo.space,UNAVAILABLE,0,1.96,26.26
crudo.pics,AVAILABLE,0,1.54,26.26
crudo.quest,AVAILABLE,0,1.54,12.98
crudo.mom,AVAILABLE,0,1.54,26.26
crudo.beauty,AVAILABLE,0,1.54,12.98
crudo.beer,AVAILABLE,0,1.54,26.26
crudo.best,AVAILABLE,0,1.72,15.96
crudo.click,AVAILABLE,0,1.54,10.81
crudo.garden,AVAILABLE,0,1.54,26.26
crudo.hair,AVAILABLE,0,1.54,12.98
crudo.monster,AVAILABLE,0,1.54,12.98
crudo.rest,UNAVAILABLE,0,1.54,26.26
crudo.skin,AVAILABLE,0,1.54,12.98
crudo.surf,AVAILABLE,0,1.54,26.26
cull.lol,AVAILABLE,0,1.54,26.26
cull.space,AVAILABLE,1,68.75,273.44
cull.pics,AVAILABLE,0,1.54,26.26
cull.quest,AVAILABLE,0,1.54,12.98
cull.mom,AVAILABLE,0,1.54,26.26
cull.beauty,AVAILABLE,0,1.54,12.98
cull.beer,AVAILABLE,1,44.19,27.82
cull.best,AVAILABLE,0,1.72,15.96
cull.click,AVAILABLE,1,76.94,109.69
cull.garden,AVAILABLE,0,1.54,26.26
cull.hair,AVAILABLE,0,1.54,12.98
cull.monster,AVAILABLE,0,1.54,12.98
cull.rest,AVAILABLE,0,1.54,26.26
cull.skin,AVAILABLE,0,1.54,12.98
cull.surf,AVAILABLE,0,1.54,26.26
cupola.lol,AVAILABLE,0,1.54,26.26
cupola.space,UNAVAILABLE,0,1.96,26.26
cupola.pics,AVAILABLE,0,1.54,26.26
cupola.quest,AVAILABLE,0,1.54,12.98
cupola.mom,AVAILABLE,0,1.54,26.26
cupola.beauty,AVAILABLE,0,1.54,12.98
cupola.beer,UNAVAILABLE,0,1.54,26.26
cupola.best,AVAILABLE,0,1.72,15.96
cupola.click,AVAILABLE,0,1.54,10.81
cupola.garden,AVAILABLE,0,1.54,26.26
cupola.hair,AVAILABLE,0,1.54,12.98
cupola.monster,AVAILABLE,0,1.54,12.98
cupola.rest,AVAILABLE,0,1.54,26.26
cupola.skin,AVAILABLE,0,1.54,12.98
cupola.surf,AVAILABLE,0,1.54,26.26
cur.lol,UNAVAILABLE,0,1.54,26.26
cur.space,AVAILABLE,1,68.75,273.44
cur.pics,AVAILABLE,0,1.54,26.26
cur.quest,AVAILABLE,0,1.54,12.98
cur.mom,AVAILABLE,0,1.54,26.26
cur.beauty,AVAILABLE,0,1.54,12.98
cur.beer,AVAILABLE,1,44.19,27.82
cur.best,UNAVAILABLE,0,1.72,15.96
cur.click,AVAILABLE,1,76.94,109.69
cur.garden,AVAILABLE,1,44.19,27.82
cur.hair,AVAILABLE,0,1.54,12.98
cur.monster,AVAILABLE,0,1.54,12.98
cur.rest,UNAVAILABLE,0,1.54,26.26
cur.skin,AVAILABLE,0,1.54,12.98
cur.surf,AVAILABLE,1,44.19,27.82
daft.lol,AVAILABLE,0,1.54,26.26
daft.space,UNAVAILABLE,0,1.96,26.26
daft.pics,AVAILABLE,0,1.54,26.26
daft.quest,AVAILABLE,0,1.54,12.98
daft.mom,AVAILABLE,0,1.54,26.26
daft.beauty,AVAILABLE,0,1.54,12.98
daft.beer,AVAILABLE,0,1.54,26.26
daft.best,AVAILABLE,0,1.72,15.96
daft.click,AVAILABLE,1,76.94,109.69
daft.garden,AVAILABLE,0,1.54,26.26
daft.hair,AVAILABLE,0,1.54,12.98
daft.monster,AVAILABLE,0,1.54,12.98
daft.rest,AVAILABLE,0,1.54,26.26
daft.skin,AVAILABLE,0,1.54,12.98
daft.surf,AVAILABLE,0,1.54,26.26
daggy.lol,AVAILABLE,0,1.54,26.26
daggy.space,AVAILABLE,0,1.96,26.26
daggy.pics,AVAILABLE,0,1.54,26.26
daggy.quest,AVAILABLE,0,1.54,12.98
daggy.mom,AVAILABLE,0,1.54,26.26
daggy.beauty,AVAILABLE,0,1.54,12.98
daggy.beer,AVAILABLE,0,1.54,26.26
daggy.best,AVAILABLE,0,1.72,15.96
daggy.click,AVAILABLE,1,76.94,109.69
daggy.garden,AVAILABLE,0,1.54,26.26
daggy.hair,AVAILABLE,0,1.54,12.98
daggy.monster,AVAILABLE,0,1.54,12.98
daggy.rest,AVAILABLE,0,1.54,26.26
daggy.skin,AVAILABLE,0,1.54,12.98
daggy.surf,AVAILABLE,0,1.54,26.26
damask.lol,AVAILABLE,0,1.54,26.26
damask.space,AVAILABLE,1,68.75,273.44
damask.pics,AVAILABLE,0,1.54,26.26
damask.quest,PENDING,0,0.00,0.00
damask.mom,AVAILABLE,0,1.54,26.26
damask.beauty,PENDING,0,0.00,0.00
damask.beer,AVAILABLE,0,1.54,26.26
damask.best,PENDING,0,0.00,0.00
damask.click,AVAILABLE,0,1.54,10.81
damask.garden,AVAILABLE,0,1.54,26.26
damask.hair,PENDING,0,0.00,0.00
damask.monster,PENDING,0,0.00,0.00
damask.rest,AVAILABLE,0,1.54,26.26
damask.skin,PENDING,0,0.00,0.00
damask.surf,AVAILABLE,0,1.54,26.26
dapper.lol,UNAVAILABLE,0,1.54,26.26
dapper.space,AVAILABLE,1,68.75,273.44
dapper.pics,AVAILABLE,0,1.54,26.26
dapper.quest,AVAILABLE,0,1.54,12.98
dapper.mom,AVAILABLE,0,1.54,26.26
dapper.beauty,AVAILABLE,0,1.54,12.98
dapper.beer,UNAVAILABLE,0,1.54,26.26
dapper.best,AVAILABLE,0,1.72,15.96
dapper.click,AVAILABLE,0,1.54,10.81
dapper.garden,AVAILABLE,0,1.54,26.26
dapper.hair,AVAILABLE,0,1.54,12.98
dapper.monster,AVAILABLE,0,1.54,12.98
dapper.rest,AVAILABLE,0,1.54,26.26
dapper.skin,AVAILABLE,0,1.54,12.98
dapper.surf,AVAILABLE,0,1.54,26.26
dashi.lol,UNAVAILABLE,0,1.54,26.26
dashi.space,AVAILABLE,1,68.75,273.44
dashi.pics,AVAILABLE,0,1.54,26.26
dashi.quest,AVAILABLE,0,1.54,12.98
dashi.mom,UNAVAILABLE,0,1.54,26.26
dashi.beauty,AVAILABLE,0,1.54,12.98
dashi.beer,AVAILABLE,1,44.19,27.82
dashi.best,AVAILABLE,0,1.72,15.96
dashi.click,UNAVAILABLE,0,1.54,10.81
dashi.garden,AVAILABLE,0,1.54,26.26
dashi.hair,AVAILABLE,0,1.54,12.98
dashi.monster,AVAILABLE,0,1.54,12.98
dashi.rest,AVAILABLE,0,1.54,26.26
dashi.skin,AVAILABLE,0,1.54,12.98
dashi.surf,AVAILABLE,0,1.54,26.26
daub.lol,AVAILABLE,0,1.54,26.26
daub.space,AVAILABLE,1,68.75,273.44
daub.pics,AVAILABLE,0,1.54,26.26
daub.quest,AVAILABLE,0,1.54,12.98
daub.mom,AVAILABLE,0,1.54,26.26
daub.beauty,AVAILABLE,0,1.54,12.98
daub.beer,AVAILABLE,0,1.54,26.26
daub.best,AVAILABLE,0,1.72,15.96
daub.click,AVAILABLE,1,76.94,109.69
daub.garden,AVAILABLE,0,1.54,26.26
daub.hair,AVAILABLE,0,1.54,12.98
daub.monster,AVAILABLE,0,1.54,12.98
daub.rest,AVAILABLE,0,1.54,26.26
daub.skin,AVAILABLE,0,1.54,12.98
daub.surf,AVAILABLE,0,1.54,26.26
delve.lol,UNAVAILABLE,0,1.54,26.26
delve.space,UNAVAILABLE,0,1.96,26.26
delve.pics,AVAILABLE,0,1.54,26.26
delve.quest,UNAVAILABLE,0,1.54,12.98
delve.mom,AVAILABLE,0,1.54,26.26
delve.beauty,UNAVAILABLE,0,1.54,12.98
delve.beer,AVAILABLE,0,1.54,26.26
delve.best,AVAILABLE,0,1.72,15.96
delve.click,AVAILABLE,1,76.94,109.69
delve.garden,AVAILABLE,0,1.54,26.26
delve.hair,AVAILABLE,0,1.54,12.98
delve.monster,AVAILABLE,0,1.54,12.98
delve.rest,AVAILABLE,0,1.54,26.26
delve.skin,UNAVAILABLE,0,1.54,12.98
delve.surf,AVAILABLE,0,1.54,26.26
dewlap.lol,AVAILABLE,0,1.54,26.26
dewlap.space,UNAVAILABLE,0,1.96,26.26
dewlap.pics,AVAILABLE,0,1.54,26.26
dewlap.quest,AVAILABLE,0,1.54,12.98
dewlap.mom,AVAILABLE,0,1.54,26.26
dewlap.beauty,AVAILABLE,0,1.54,12.98
dewlap.beer,AVAILABLE,0,1.54,26.26
dewlap.best,AVAILABLE,0,1.72,15.96
dewlap.click,AVAILABLE,0,1.54,10.81
dewlap.garden,AVAILABLE,0,1.54,26.26
dewlap.hair,AVAILABLE,0,1.54,12.98
dewlap.monster,AVAILABLE,0,1.54,12.98
dewlap.rest,AVAILABLE,0,1.54,26.26
dewlap.skin,AVAILABLE,0,1.54,12.98
dewlap.surf,AVAILABLE,0,1.54,26.26
dimwit.lol,PENDING,0,0.00,0.00
dimwit.space,UNAVAILABLE,0,1.96,26.26
dimwit.pics,PENDING,0,0.00,0.00
dimwit.quest,AVAILABLE,0,1.54,12.98
dimwit.mom,PENDING,0,0.00,0.00
dimwit.beauty,AVAILABLE,0,1.54,12.98
dimwit.beer,AVAILABLE,0,1.54,26.26
dimwit.best,AVAILABLE,0,1.72,15.96
dimwit.click,PENDING,0,0.00,0.00
dimwit.garden,AVAILABLE,0,1.54,26.26
dimwit.hair,AVAILABLE,0,1.54,12.98
dimwit.monster,AVAILABLE,0,1.54,12.98
dimwit.rest,PENDING,0,0.00,0.00
dimwit.skin,AVAILABLE,0,1.54,12.98
dimwit.surf,AVAILABLE,0,1.54,26.26
dingus.lol,UNAVAILABLE,0,1.54,26.26
dingus.space,AVAILABLE,1,68.75,273.44
dingus.pics,AVAILABLE,0,1.54,26.26
dingus.quest,AVAILABLE,0,1.54,12.98
dingus.mom,AVAILABLE,0,1.54,26.26
dingus.beauty,AVAILABLE,0,1.54,12.98
dingus.beer,AVAILABLE,0,1.54,26.26
dingus.best,AVAILABLE,0,1.72,15.96
dingus.click,UNAVAILABLE,0,1.54,10.81
dingus.garden,AVAILABLE,0,1.54,26.26
dingus.hair,AVAILABLE,0,1.54,12.98
dingus.monster,AVAILABLE,0,1.54,12.98
dingus.rest,AVAILABLE,0,1.54,26.26
dingus.skin,AVAILABLE,0,1.54,12.98
dingus.surf,AVAILABLE,0,1.54,26.26
dinky.lol,UNAVAILABLE,0,1.54,26.26
dinky.space,AVAILABLE,1,68.75,273.44
dinky.pics,AVAILABLE,0,1.54,26.26
dinky.quest,AVAILABLE,0,1.54,12.98
dinky.mom,AVAILABLE,0,1.54,26.26
dinky.beauty,AVAILABLE,0,1.54,12.98
dinky.beer,AVAILABLE,0,1.54,26.26
dinky.best,AVAILABLE,0,1.72,15.96
dinky.click,AVAILABLE,1,76.94,109.69
dinky.garden,AVAILABLE,0,1.54,26.26
dinky.hair,AVAILABLE,0,1.54,12.98
dinky.monster,AVAILABLE,0,1.54,12.98
dinky.rest,AVAILABLE,0,1.54,26.26
dinky.skin,AVAILABLE,0,1.54,12.98
dinky.surf,AVAILABLE,0,1.54,26.26
dint.lol,AVAILABLE,0,1.54,26.26
dint.space,AVAILABLE,1,27.82,109.69
dint.pics,AVAILABLE,0,1.54,26.26
dint.quest,AVAILABLE,0,1.54,12.98
dint.mom,AVAILABLE,0,1.54,26.26
dint.beauty,AVAILABLE,0,1.54,12.98
dint.beer,AVAILABLE,0,1.54,26.26
dint.best,AVAILABLE,0,1.72,15.96
dint.click,AVAILABLE,1,76.94,109.69
dint.garden,AVAILABLE,0,1.54,26.26
dint.hair,AVAILABLE,0,1.54,12.98
dint.monster,AVAILABLE,0,1.54,12.98
dint.rest,AVAILABLE,0,1.54,26.26
dint.skin,AVAILABLE,0,1.54,12.98
dint.surf,AVAILABLE,0,1.54,26.26
diwan.lol,AVAILABLE,0,1.54,26.26
diwan.space,AVAILABLE,1,68.75,273.44
diwan.pics,AVAILABLE,0,1.54,26.26
diwan.quest,AVAILABLE,0,1.54,12.98
diwan.mom,AVAILABLE,0,1.54,26.26
diwan.beauty,AVAILABLE,0,1.54,12.98
diwan.beer,AVAILABLE,0,1.54,26.26
diwan.best,AVAILABLE,0,1.72,15.96
diwan.click,AVAILABLE,1,76.94,109.69
diwan.garden,AVAILABLE,0,1.54,26.26
diwan.hair,AVAILABLE,0,1.54,12.98
diwan.monster,AVAILABLE,0,1.54,12.98
diwan.rest,AVAILABLE,0,1.54,26.26
diwan.skin,AVAILABLE,0,1.54,12.98
diwan.surf,AVAILABLE,0,1.54,26.26
dolce.lol,AVAILABLE,0,1.54,26.26
dolce.space,AVAILABLE,1,68.75,273.44
dolce.pics,AVAILABLE,0,1.54,26.26
dolce.quest,AVAILABLE,0,1.54,12.98
dolce.mom,AVAILABLE,0,1.54,26.26
dolce.beauty,UNAVAILABLE,0,1.54,12.98
dolce.beer,UNAVAILABLE,0,1.54,26.26
dolce.best,AVAILABLE,0,1.72,15.96
dolce.click,AVAILABLE,1,382.61,546.35
dolce.garden,AVAILABLE,0,1.54,26.26
dolce.hair,AVAILABLE,0,1.54,12.98
dolce.monster,AVAILABLE,0,1.54,12.98
dolce.rest,AVAILABLE,1,688.27,983.02
dolce.skin,UNAVAILABLE,0,1.54,12.98
dolce.surf,AVAILABLE,0,1.54,26.26
dolci.lol,AVAILABLE,0,1.54,26.26
dolci.space,AVAILABLE,1,68.75,273.44
dolci.pics,AVAILABLE,0,1.54,26.26
dolci.quest,AVAILABLE,0,1.54,12.98
dolci.mom,AVAILABLE,0,1.54,26.26
dolci.beauty,AVAILABLE,0,1.54,12.98
dolci.beer,AVAILABLE,0,1.54,26.26
dolci.best,AVAILABLE,0,1.72,15.96
dolci.click,AVAILABLE,1,76.94,109.69
dolci.garden,AVAILABLE,0,1.54,26.26
dolci.hair,AVAILABLE,0,1.54,12.98
dolci.monster,AVAILABLE,0,1.54,12.98
dolci.rest,AVAILABLE,1,69.30,98.77
dolci.skin,AVAILABLE,0,1.54,12.98
dolci.surf,AVAILABLE,0,1.54,26.26
dolt.lol,UNAVAILABLE,0,1.54,26.26
dolt.space,AVAILABLE,1,68.75,273.44
dolt.pics,AVAILABLE,0,1.54,26.26
dolt.quest,PENDING,0,0.00,0.00
dolt.mom,AVAILABLE,0,1.54,26.26
dolt.beauty,PENDING,0,0.00,0.00
dolt.beer,AVAILABLE,0,1.54,26.26
dolt.best,PENDING,0,0.00,0.00
dolt.click,AVAILABLE,1,76.94,109.69
dolt.garden,AVAILABLE,0,1.54,26.26
dolt.hair,PENDING,0,0.00,0.00
dolt.monster,PENDING,0,0.00,0.00
dolt.rest,AVAILABLE,0,1.54,26.26
dolt.skin,PENDING,0,0.00,0.00
dolt.surf,AVAILABLE,0,1.54,26.26
donk.lol,PENDING,0,0.00,0.00
donk.space,PENDING,0,0.00,0.00
donk.pics,PENDING,0,0.00,0.00
donk.quest,AVAILABLE,0,1.54,12.98
donk.mom,PENDING,0,0.00,0.00
donk.beauty,AVAILABLE,0,1.54,12.98
donk.beer,AVAILABLE,0,1.54,26.26
donk.best,AVAILABLE,0,1.72,15.96
donk.click,PENDING,0,0.00,0.00
donk.garden,AVAILABLE,0,1.54,26.26
donk.hair,AVAILABLE,0,1.54,12.98
donk.monster,AVAILABLE,0,1.54,12.98
donk.rest,PENDING,0,0.00,0.00
donk.skin,AVAILABLE,0,1.54,12.98
donk.surf,AVAILABLE,0,1.54,26.26
doofus.lol,UNAVAILABLE,0,1.54,26.26
doofus.space,AVAILABLE,1,27.82,109.69
doofus.pics,AVAILABLE,0,1.54,26.26
doofus.quest,UNAVAILABLE,0,1.54,12.98
doofus.mom,AVAILABLE,0,1.54,26.26
doofus.beauty,AVAILABLE,0,1.54,12.98
doofus.beer,AVAILABLE,0,1.54,26.26
doofus.best,AVAILABLE,0,1.72,15.96
doofus.click,AVAILABLE,0,1.54,10.81
doofus.garden,AVAILABLE,0,1.54,26.26
doofus.hair,AVAILABLE,0,1.54,12.98
doofus.monster,AVAILABLE,0,1.54,12.98
doofus.rest,AVAILABLE,0,1.54,26.26
doofus.skin,AVAILABLE,0,1.54,12.98
doofus.surf,AVAILABLE,0,1.54,26.26
dork.lol,UNAVAILABLE,0,1.54,26.26
dork.space,UNAVAILABLE,0,1.96,26.26
dork.pics,AVAILABLE,0,1.54,26.26
dork.quest,UNAVAILABLE,0,1.54,12.98
dork.mom,AVAILABLE,0,1.54,26.26
dork.beauty,AVAILABLE,0,1.54,12.98
dork.beer,AVAILABLE,0,1.54,26.26
dork.best,AVAILABLE,0,1.72,15.96
dork.click,AVAILABLE,0,1.54,10.81
dork.garden,AVAILABLE,0,1.54,26.26
dork.hair,AVAILABLE,0,1.54,12.98
dork.monster,AVAILABLE,0,1.54,12.98
dork.rest,AVAILABLE,0,1.54,26.26
dork.skin,AVAILABLE,0,1.54,12.98
dork.surf,UNAVAILABLE,0,1.54,26.26
dormer.lol,AVAILABLE,1,2183.84,2183.84
dormer.space,AVAILABLE,1,68.75,273.44
dormer.pics,AVAILABLE,1,2183.84,2183.84
dormer.quest,AVAILABLE,1,2183.84,2183.84
dormer.mom,AVAILABLE,1,2183.84,2183.84
dormer.beauty,AVAILABLE,1,2183.84,2183.84
dormer.beer,UNAVAILABLE,0,1.54,26.26
dormer.best,AVAILABLE,0,1.72,15.96
dormer.click,AVAILABLE,1,76.94,109.69
dormer.garden,AVAILABLE,0,1.54,26.26
dormer.hair,AVAILABLE,1,2183.84,2183.84
dormer.monster,AVAILABLE,0,1.54,12.98
dormer.rest,AVAILABLE,0,1.54,26.26
dormer.skin,AVAILABLE,1,2183.84,2183.84
dormer.surf,AVAILABLE,0,1.54,26.26
dotty.lol,PENDING,0,0.00,0.00
dotty.space,AVAILABLE,1,68.75,273.44
dotty.pics,PENDING,0,0.00,0.00
dotty.quest,AVAILABLE,0,1.54,12.98
dotty.mom,PENDING,0,0.00,0.00
dotty.beauty,AVAILABLE,0,1.54,12.98
dotty.beer,AVAILABLE,1,44.19,27.82
dotty.best,AVAILABLE,0,1.72,15.96
dotty.click,PENDING,0,0.00,0.00
dotty.garden,AVAILABLE,0,1.54,26.26
dotty.hair,AVAILABLE,0,1.54,12.98
dotty.monster,UNAVAILABLE,0,1.54,12.98
dotty.rest,PENDING,0,0.00,0.00
dotty.skin,AVAILABLE,0,1.54,12.98
dotty.surf,AVAILABLE,0,1.54,26.26
douse.lol,AVAILABLE,0,1.54,26.26
douse.space,AVAILABLE,1,68.75,273.44
douse.pics,AVAILABLE,0,1.54,26.26
douse.quest,AVAILABLE,0,1.54,12.98
douse.mom,AVAILABLE,0,1.54,26.26
douse.beauty,AVAILABLE,0,1.54,12.98
douse.beer,AVAILABLE,0,1.54,26.26
douse.best,AVAILABLE,0,1.72,15.96
douse.click,AVAILABLE,1,76.94,109.69
douse.garden,AVAILABLE,0,1.54,26.26
douse.hair,AVAILABLE,0,1.54,12.98
douse.monster,AVAILABLE,0,1.54,12.98
douse.rest,AVAILABLE,0,1.54,26.26
douse.skin,AVAILABLE,0,1.54,12.98
douse.surf,AVAILABLE,0,1.54,26.26
dowdy.lol,AVAILABLE,0,1.54,26.26
dowdy.space,AVAILABLE,1,68.75,273.44
dowdy.pics,AVAILABLE,0,1.54,26.26
dowdy.quest,AVAILABLE,0,1.54,12.98
dowdy.mom,AVAILABLE,0,1.54,26.26
dowdy.beauty,AVAILABLE,0,1.54,12.98
dowdy.beer,AVAILABLE,0,1.54,26.26
dowdy.best,AVAILABLE,0,1.72,15.96
dowdy.click,AVAILABLE,0,1.54,10.81
dowdy.garden,AVAILABLE,0,1.54,26.26
dowdy.hair,AVAILABLE,0,1.54,12.98
dowdy.monster,AVAILABLE,0,1.54,12.98
dowdy.rest,AVAILABLE,0,1.54,26.26
dowdy.skin,AVAILABLE,0,1.54,12.98
dowdy.surf,AVAILABLE,0,1.54,26.26
dreck.lol,AVAILABLE,0,1.54,26.26
dreck.space,AVAILABLE,1,27.82,109.69
dreck.pics,AVAILABLE,0,1.54,26.26
dreck.quest,AVAILABLE,0,1.54,12.98
dreck.mom,AVAILABLE,0,1.54,26.26
dreck.beauty,AVAILABLE,0,1.54,12.98
dreck.beer,AVAILABLE,0,1.54,26.26
dreck.best,AVAILABLE,0,1.72,15.96
dreck.click,AVAILABLE,1,76.94,109.69
dreck.garden,AVAILABLE,0,1.54,26.26
dreck.hair,AVAILABLE,0,1.54,12.98
dreck.monster,AVAILABLE,0,1.54,12.98
dreck.rest,AVAILABLE,0,1.54,26.26
dreck.skin,AVAILABLE,0,1.54,12.98
dreck.surf,AVAILABLE,0,1.54,26.26
dredge.lol,AVAILABLE,0,1.54,26.26
dredge.space,AVAILABLE,1,68.75,273.44
dredge.pics,AVAILABLE,0,1.54,26.26
dredge.quest,AVAILABLE,0,1.54,12.98
dredge.mom,AVAILABLE,0,1.54,26.26
dredge.beauty,AVAILABLE,0,1.54,12.98
dredge.beer,UNAVAILABLE,0,1.54,26.26
dredge.best,AVAILABLE,0,1.72,15.96
dredge.click,AVAILABLE,0,1.54,10.81
dredge.garden,AVAILABLE,0,1.54,26.26
dredge.hair,AVAILABLE,0,1.54,12.98
dredge.monster,AVAILABLE,0,1.54,12.98
dredge.rest,AVAILABLE,0,1.54,26.26
dredge.skin,AVAILABLE,0,1.54,12.98
dredge.surf,AVAILABLE,0,1.54,26.26
dreich.lol,AVAILABLE,0,1.54,26.26
dreich.space,AVAILABLE,1,27.82,109.69
dreich.pics,AVAILABLE,0,1.54,26.26
dreich.quest,AVAILABLE,0,1.54,12.98
dreich.mom,AVAILABLE,0,1.54,26.26
dreich.beauty,AVAILABLE,0,1.54,12.98
dreich.beer,PENDING,0,0.00,0.00
dreich.best,AVAILABLE,0,1.72,15.96
dreich.click,AVAILABLE,0,1.54,10.81
dreich.garden,PENDING,0,0.00,0.00
dreich.hair,AVAILABLE,0,1.54,12.98
dreich.monster,AVAILABLE,0,1.54,12.98
dreich.rest,AVAILABLE,0,1.54,26.26
dreich.skin,AVAILABLE,0,1.54,12.98
dreich.surf,PENDING,0,0.00,0.00
drool.lol,UNAVAILABLE,0,1.54,26.26
drool.space,AVAILABLE,1,68.75,273.44
drool.pics,AVAILABLE,0,1.54,26.26
drool.quest,AVAILABLE,0,1.54,12.98
drool.mom,AVAILABLE,0,1.54,26.26
drool.beauty,AVAILABLE,0,1.54,12.98
drool.beer,AVAILABLE,0,1.54,26.26
drool.best,AVAILABLE,0,1.72,15.96
drool.click,AVAILABLE,1,76.94,109.69
drool.garden,AVAILABLE,0,1.54,26.26
drool.hair,AVAILABLE,0,1.54,12.98
drool.monster,AVAILABLE,0,1.54,12.98
drool.rest,AVAILABLE,0,1.54,26.26
drool.skin,AVAILABLE,0,1.54,12.98
drool.surf,AVAILABLE,0,1.54,26.26
dubbel.lol,AVAILABLE,0,1.54,26.26
dubbel.space,AVAILABLE,0,1.96,26.26
dubbel.pics,AVAILABLE,0,1.54,26.26
dubbel.quest,AVAILABLE,0,1.54,12.98
dubbel.mom,AVAILABLE,0,1.54,26.26
dubbel.beauty,AVAILABLE,0,1.54,12.98
dubbel.beer,UNAVAILABLE,0,1.54,26.26
dubbel.best,AVAILABLE,0,1.72,15.96
dubbel.click,UNAVAILABLE,0,1.54,10.81
dubbel.garden,AVAILABLE,0,1.54,26.26
dubbel.hair,AVAILABLE,0,1.54,12.98
dubbel.monster,AVAILABLE,0,1.54,12.98
dubbel.rest,AVAILABLE,0,1.54,26.26
dubbel.skin,AVAILABLE,0,1.54,12.98
dubbel.surf,AVAILABLE,0,1.54,26.26
dukkah.lol,AVAILABLE,0,1.54,26.26
dukkah.space,AVAILABLE,0,1.96,26.26
dukkah.pics,AVAILABLE,0,1.54,26.26
dukkah.quest,AVAILABLE,0,1.54,12.98
dukkah.mom,AVAILABLE,0,1.54,26.26
dukkah.beauty,AVAILABLE,0,1.54,12.98
dukkah.beer,AVAILABLE,0,1.54,26.26
dukkah.best,AVAILABLE,0,1.72,15.96
dukkah.click,AVAILABLE,0,1.54,10.81
dukkah.garden,AVAILABLE,0,1.54,26.26
dukkah.hair,AVAILABLE,0,1.54,12.98
dukkah.monster,AVAILABLE,0,1.54,12.98
dukkah.rest,AVAILABLE,0,1.54,26.26
dukkah.skin,AVAILABLE,0,1.54,12.98
dukkah.surf,AVAILABLE,0,1.54,26.26
dulce.lol,AVAILABLE,0,1.54,26.26
dulce.space,UNAVAILABLE,1,68.75,273.44
dulce.pics,AVAILABLE,0,1.54,26.26
dulce.quest,AVAILABLE,0,1.54,12.98
dulce.mom,AVAILABLE,0,1.54,26.26
dulce.beauty,UNAVAILABLE,0,1.54,12.98
dulce.beer,AVAILABLE,0,1.54,26.26
dulce.best,AVAILABLE,0,1.72,15.96
dulce.click,AVAILABLE,0,1.54,10.81
dulce.garden,AVAILABLE,0,1.54,26.26
dulce.hair,AVAILABLE,0,1.54,12.98
dulce.monster,AVAILABLE,0,1.54,12.98
dulce.rest,AVAILABLE,0,1.54,26.26
dulce.skin,AVAILABLE,0,1.54,12.98
dulce.surf,AVAILABLE,0,1.54,26.26
dunce.lol,AVAILABLE,0,1.54,26.26
dunce.space,AVAILABLE,1,27.82,109.69
dunce.pics,AVAILABLE,0,1.54,26.26
dunce.quest,AVAILABLE,0,1.54,12.98
dunce.mom,AVAILABLE,0,1.54,26.26
dunce.beauty,AVAILABLE,0,1.54,12.98
dunce.beer,AVAILABLE,0,1.54,26.26
dunce.best,AVAILABLE,0,1.72,15.96
dunce.click,AVAILABLE,1,76.94,109.69
dunce.garden,AVAILABLE,0,1.54,26.26
dunce.hair,AVAILABLE,0,1.54,12.98
dunce.monster,AVAILABLE,0,1.54,12.98
dunce.rest,AVAILABLE,0,1.54,26.26
dunce.skin,AVAILABLE,0,1.54,12.98
dunce.surf,AVAILABLE,0,1.54,26.26
dunkel.lol,AVAILABLE,0,1.54,26.26
dunkel.space,AVAILABLE,1,68.75,273.44
dunkel.pics,AVAILABLE,0,1.54,26.26
dunkel.quest,AVAILABLE,0,1.54,12.98
dunkel.mom,AVAILABLE,0,1.54,26.26
dunkel.beauty,AVAILABLE,0,1.54,12.98
dunkel.beer,UNAVAILABLE,0,1.54,26.26
dunkel.best,AVAILABLE,0,1.72,15.96
dunkel.click,AVAILABLE,0,1.54,10.81
dunkel.garden,AVAILABLE,0,1.54,26.26
dunkel.hair,AVAILABLE,0,1.54,12.98
dunkel.monster,AVAILABLE,0,1.54,12.98
dunkel.rest,AVAILABLE,0,1.54,26.26
dunkel.skin,AVAILABLE,0,1.54,12.98
dunkel.surf,AVAILABLE,0,1.54,26.26
dweeb.lol,UNAVAILABLE,0,1.54,26.26
dweeb.space,UNAVAILABLE,0,1.96,15.96
dweeb.pics,AVAILABLE,0,1.54,26.26
dweeb.quest,AVAILABLE,0,1.54,12.98
dweeb.mom,AVAILABLE,0,1.54,26.26
dweeb.beauty,AVAILABLE,0,1.54,12.98
dweeb.beer,AVAILABLE,0,1.54,26.26
dweeb.best,AVAILABLE,0,1.72,15.96
dweeb.click,AVAILABLE,0,1.54,10.81
dweeb.garden,AVAILABLE,0,1.54,26.26
dweeb.hair,AVAILABLE,0,1.54,12.98
dweeb.monster,AVAILABLE,0,1.54,12.98
dweeb.rest,AVAILABLE,0,1.54,26.26
dweeb.skin,AVAILABLE,0,1.54,12.98
dweeb.surf,AVAILABLE,0,1.54,26.26
ebb.lol,UNAVAILABLE,0,1.54,26.26
ebb.space,AVAILABLE,1,68.75,273.44
ebb.pics,AVAILABLE,0,1.54,26.26
ebb.quest,AVAILABLE,0,1.54,12.98
ebb.mom,AVAILABLE,0,1.54,26.26
ebb.beauty,AVAILABLE,0,1.54,12.98
ebb.beer,AVAILABLE,1,44.19,27.82
ebb.best,AVAILABLE,0,1.72,15.96
ebb.click,AVAILABLE,1,76.94,109.69
ebb.garden,AVAILABLE,1,44.19,27.82
ebb.hair,AVAILABLE,0,1.54,12.98
ebb.monster,AVAILABLE,0,1.54,12.98
ebb.rest,AVAILABLE,0,1.54,26.26
ebb.skin,AVAILABLE,0,1.54,12.98
ebb.surf,AVAILABLE,1,437.19,27.82
ecru.lol,AVAILABLE,0,1.54,26.26
ecru.space,AVAILABLE,1,27.82,109.69
ecru.pics,UNAVAILABLE,0,1.54,26.26
ecru.quest,AVAILABLE,0,1.54,12.98
ecru.mom,AVAILABLE,0,1.54,26.26
ecru.beauty,AVAILABLE,0,1.54,12.98
ecru.beer,AVAILABLE,0,1.54,26.26
ecru.best,AVAILABLE,0,1.72,15.96
ecru.click,AVAILABLE,1,76.94,109.69
ecru.garden,AVAILABLE,0,1.54,26.26
ecru.hair,AVAILABLE,0,1.54,12.98
ecru.monster,AVAILABLE,0,1.54,12.98
ecru.rest,AVAILABLE,0,1.54,26.26
ecru.skin,AVAILABLE,0,1.54,12.98
ecru.surf,AVAILABLE,0,1.54,26.26
elemi.lol,AVAILABLE,0,1.54,26.26
elemi.space,AVAILABLE,1,27.82,109.69
elemi.pics,AVAILABLE,0,1.54,26.26
elemi.quest,AVAILABLE,0,1.54,12.98
elemi.mom,AVAILABLE,0,1.54,26.26
elemi.beauty,AVAILABLE,0,1.54,12.98
elemi.beer,AVAILABLE,0,1.54,26.26
elemi.best,AVAILABLE,0,1.72,15.96
elemi.click,AVAILABLE,1,76.94,109.69
elemi.garden,AVAILABLE,0,1.54,26.26
elemi.hair,AVAILABLE,0,1.54,12.98
elemi.monster,AVAILABLE,0,1.54,12.98
elemi.rest,AVAILABLE,0,1.54,26.26
elemi.skin,AVAILABLE,0,1.54,12.98
elemi.surf,AVAILABLE,0,1.54,26.26
elide.lol,PENDING,0,0.00,0.00
elide.space,PENDING,0,0.00,0.00
elide.pics,PENDING,0,0.00,0.00
elide.quest,PENDING,0,0.00,0.00
elide.mom,PENDING,0,0.00,0.00
elide.beauty,PENDING,0,0.00,0.00
elide.beer,PENDING,0,0.00,0.00
elide.best,PENDING,0,0.00,0.00
elide.click,PENDING,0,0.00,0.00
elide.garden,PENDING,0,0.00,0.00
elide.hair,PENDING,0,0.00,0.00
elide.monster,PENDING,0,0.00,0.00
elide.rest,PENDING,0,0.00,0.00
elide.skin,PENDING,0,0.00,0.00
elide.surf,PENDING,0,0.00,0.00
elude.lol,PENDING,0,0.00,0.00
elude.space,AVAILABLE,1,27.82,109.69
elude.pics,PENDING,0,0.00,0.00
elude.quest,AVAILABLE,0,1.54,12.98
elude.mom,PENDING,0,0.00,0.00
elude.beauty,AVAILABLE,0,1.54,12.98
elude.beer,AVAILABLE,0,1.54,26.26
elude.best,AVAILABLE,0,1.72,15.96
elude.click,PENDING,0,0.00,0.00
elude.garden,AVAILABLE,0,1.54,26.26
elude.hair,AVAILABLE,0,1.54,12.98
elude.monster,AVAILABLE,0,1.54,12.98
elude.rest,PENDING,0,0.00,0.00
elude.skin,AVAILABLE,0,1.54,12.98
elude.surf,AVAILABLE,0,1.54,26.26
etch.lol,UNAVAILABLE,0,1.54,26.26
etch.space,UNAVAILABLE,0,1.96,26.26
etch.pics,AVAILABLE,0,1.54,26.26
etch.quest,AVAILABLE,0,1.54,12.98
etch.mom,AVAILABLE,0,1.54,26.26
etch.beauty,AVAILABLE,0,1.54,12.98
etch.beer,AVAILABLE,0,1.54,26.26
etch.best,AVAILABLE,0,1.72,15.96
etch.click,AVAILABLE,1,76.94,109.69
etch.garden,UNAVAILABLE,0,1.54,26.26
etch.hair,AVAILABLE,0,1.54,12.98
etch.monster,AVAILABLE,0,1.54,12.98
etch.rest,AVAILABLE,0,1.54,26.26
etch.skin,AVAILABLE,0,1.54,12.98
etch.surf,AVAILABLE,0,1.54,26.26
faena.lol,AVAILABLE,0,1.54,26.26
faena.space,AVAILABLE,1,27.82,109.69
faena.pics,AVAILABLE,0,1.54,26.26
faena.quest,AVAILABLE,0,1.54,12.98
faena.mom,AVAILABLE,0,1.54,26.26
faena.beauty,AVAILABLE,0,1.54,12.98
faena.beer,AVAILABLE,0,1.54,26.26
faena.best,AVAILABLE,0,1.72,15.96
faena.click,AVAILABLE,1,382.61,546.35
faena.garden,AVAILABLE,0,1.54,26.26
faena.hair,AVAILABLE,0,1.54,12.98
faena.monster,AVAILABLE,0,1.54,12.98
faena.rest,AVAILABLE,0,1.54,26.26
faena.skin,AVAILABLE,0,1.54,12.98
faena.surf,AVAILABLE,0,1.54,26.26
fete.lol,AVAILABLE,0,1.54,26.26
fete.space,UNAVAILABLE,0,1.96,26.26
fete.pics,UNAVAILABLE,0,1.54,26.26
fete.quest,AVAILABLE,0,1.54,12.98
fete.mom,AVAILABLE,0,1.54,26.26
fete.beauty,AVAILABLE,0,1.54,12.98
fete.beer,UNAVAILABLE,0,1.54,26.26
fete.best,AVAILABLE,0,1.72,15.96
fete.click,AVAILABLE,1,76.94,109.69
fete.garden,AVAILABLE,0,1.54,26.26
fete.hair,AVAILABLE,0,1.54,12.98
fete.monster,UNAVAILABLE,0,1.54,12.98
fete.rest,AVAILABLE,0,1.54,26.26
fete.skin,AVAILABLE,0,1.54,12.98
fete.surf,AVAILABLE,0,1.54,26.26
filar.lol,AVAILABLE,0,1.54,26.26
filar.space,AVAILABLE,1,27.82,109.69
filar.pics,AVAILABLE,0,1.54,26.26
filar.quest,AVAILABLE,0,1.54,12.98
filar.mom,AVAILABLE,0,1.54,26.26
filar.beauty,AVAILABLE,0,1.54,12.98
filar.beer,AVAILABLE,0,1.54,26.26
filar.best,AVAILABLE,0,1.72,15.96
filar.click,AVAILABLE,1,76.94,109.69
filar.garden,AVAILABLE,0,1.54,26.26
filar.hair,AVAILABLE,0,1.54,12.98
filar.monster,AVAILABLE,0,1.54,12.98
filar.rest,AVAILABLE,0,1.54,26.26
filar.skin,AVAILABLE,0,1.54,12.98
filar.surf,AVAILABLE,0,1.54,26.26
finial.lol,AVAILABLE,0,1.54,26.26
finial.space,AVAILABLE,1,27.82,109.69
finial.pics,AVAILABLE,0,1.54,26.26
finial.quest,AVAILABLE,0,1.54,12.98
finial.mom,AVAILABLE,0,1.54,26.26
finial.beauty,AVAILABLE,0,1.54,12.98
finial.beer,AVAILABLE,0,1.54,26.26
finial.best,AVAILABLE,0,1.72,15.96
finial.click,AVAILABLE,0,1.54,10.81
finial.garden,AVAILABLE,0,1.54,26.26
finial.hair,AVAILABLE,0,1.54,12.98
finial.monster,AVAILABLE,0,1.54,12.98
finial.rest,AVAILABLE,0,1.54,26.26
finial.skin,AVAILABLE,0,1.54,12.98
finial.surf,AVAILABLE,0,1.54,26.26
flail.lol,AVAILABLE,0,1.54,26.26
flail.space,PENDING,0,0.00,0.00
flail.pics,AVAILABLE,0,1.54,26.26
flail.quest,AVAILABLE,0,1.54,12.98
flail.mom,AVAILABLE,0,1.54,26.26
flail.beauty,AVAILABLE,0,1.54,12.98
flail.beer,AVAILABLE,0,1.54,26.26
flail.best,AVAILABLE,0,1.72,15.96
flail.click,AVAILABLE,1,76.94,109.69
flail.garden,AVAILABLE,0,1.54,26.26
flail.hair,AVAILABLE,0,1.54,12.98
flail.monster,AVAILABLE,0,1.54,12.98
flail.rest,AVAILABLE,0,1.54,26.26
flail.skin,AVAILABLE,0,1.54,12.98
flail.surf,AVAILABLE,0,1.54,26.26
flaky.lol,UNAVAILABLE,0,1.54,26.26
flaky.space,UNAVAILABLE,0,1.96,26.26
flaky.pics,AVAILABLE,0,1.54,26.26
flaky.quest,AVAILABLE,0,1.54,12.98
flaky.mom,AVAILABLE,0,1.54,26.26
flaky.beauty,AVAILABLE,0,1.54,12.98
flaky.beer,AVAILABLE,0,1.54,26.26
flaky.best,AVAILABLE,0,1.72,15.96
flaky.click,AVAILABLE,1,76.94,109.69
flaky.garden,AVAILABLE,0,1.54,26.26
flaky.hair,AVAILABLE,0,1.54,12.98
flaky.monster,AVAILABLE,0,1.54,12.98
flaky.rest,AVAILABLE,0,1.54,26.26
flaky.skin,UNAVAILABLE,0,1.54,12.98
flaky.surf,AVAILABLE,0,1.54,26.26
flambe.lol,PENDING,0,0.00,0.00
flambe.space,PENDING,0,0.00,0.00
flambe.pics,PENDING,0,0.00,0.00
flambe.quest,AVAILABLE,0,1.54,12.98
flambe.mom,PENDING,0,0.00,0.00
flambe.beauty,AVAILABLE,0,1.54,12.98
flambe.beer,PENDING,0,0.00,0.00
flambe.best,AVAILABLE,0,1.72,15.96
flambe.click,PENDING,0,0.00,0.00
flambe.garden,PENDING,0,0.00,0.00
flambe.hair,AVAILABLE,0,1.54,12.98
flambe.monster,AVAILABLE,0,1.54,12.98
flambe.rest,PENDING,0,0.00,0.00
flambe.skin,AVAILABLE,0,1.54,12.98
flambe.surf,PENDING,0,0.00,0.00
flay.lol,AVAILABLE,0,1.54,26.26
flay.space,AVAILABLE,1,68.75,273.44
flay.pics,AVAILABLE,0,1.54,26.26
flay.quest,AVAILABLE,0,1.54,12.98
flay.mom,AVAILABLE,0,1.54,26.26
flay.beauty,AVAILABLE,0,1.54,12.98
flay.beer,AVAILABLE,0,1.54,26.26
flay.best,AVAILABLE,0,1.72,15.96
flay.click,AVAILABLE,1,76.94,109.69
flay.garden,AVAILABLE,0,1.54,26.26
flay.hair,AVAILABLE,0,1.54,12.98
flay.monster,AVAILABLE,0,1.54,12.98
flay.rest,AVAILABLE,0,1.54,26.26
flay.skin,UNAVAILABLE,0,1.54,12.98
flay.surf,AVAILABLE,0,1.54,26.26
flit.lol,UNAVAILABLE,0,1.54,26.26
flit.space,PENDING,0,0.00,0.00
flit.pics,AVAILABLE,0,1.54,26.26
flit.quest,PENDING,0,0.00,0.00
flit.mom,AVAILABLE,0,1.54,26.26
flit.beauty,PENDING,0,0.00,0.00
flit.beer,AVAILABLE,0,1.54,26.26
flit.best,PENDING,0,0.00,0.00
flit.click,AVAILABLE,1,76.94,109.69
flit.garden,UNAVAILABLE,0,1.54,26.26
flit.hair,PENDING,0,0.00,0.00
flit.monster,PENDING,0,0.00,0.00
flit.rest,AVAILABLE,0,1.54,26.26
flit.skin,PENDING,0,0.00,0.00
flit.surf,AVAILABLE,0,1.54,26.26
flop.lol,PENDING,0,0.00,0.00
flop.space,UNAVAILABLE,0,1.96,26.26
flop.pics,PENDING,0,0.00,0.00
flop.quest,UNAVAILABLE,0,1.54,12.98
flop.mom,PENDING,0,0.00,0.00
flop.beauty,AVAILABLE,0,1.54,12.98
flop.beer,PENDING,0,0.00,0.00
flop.best,UNAVAILABLE,0,1.72,15.96
flop.click,PENDING,0,0.00,0.00
flop.garden,PENDING,0,0.00,0.00
flop.hair,AVAILABLE,0,1.54,12.98
flop.monster,AVAILABLE,0,1.54,12.98
flop.rest,PENDING,0,0.00,0.00
flop.skin,UNAVAILABLE,0,1.54,12.98
flop.surf,PENDING,0,0.00,0.00
flout.lol,AVAILABLE,0,1.54,26.26
flout.space,AVAILABLE,1,27.82,109.69
flout.pics,AVAILABLE,0,1.54,26.26
flout.quest,AVAILABLE,0,1.54,12.98
flout.mom,AVAILABLE,0,1.54,26.26
flout.beauty,UNAVAILABLE,0,1.54,12.98
flout.beer,AVAILABLE,0,1.54,26.26
flout.best,AVAILABLE,0,1.72,15.96
flout.click,AVAILABLE,1,76.94,109.69
flout.garden,AVAILABLE,0,1.54,26.26
flout.hair,AVAILABLE,0,1.54,12.98
flout.monster,AVAILABLE,0,1.54,12.98
flout.rest,AVAILABLE,0,1.54,26.26
flout.skin,AVAILABLE,0,1.54,12.98
flout.surf,AVAILABLE,0,1.54,26.26
fop.lol,UNAVAILABLE,0,1.54,26.26
fop.space,AVAILABLE,1,68.75,273.44
fop.pics,UNAVAILABLE,0,1.54,26.26
fop.quest,AVAILABLE,0,1.54,12.98
fop.mom,AVAILABLE,0,1.54,26.26
fop.beauty,AVAILABLE,0,1.54,12.98
fop.beer,AVAILABLE,1,44.19,27.82
fop.best,AVAILABLE,0,1.72,15.96
fop.click,AVAILABLE,1,76.94,109.69
fop.garden,AVAILABLE,1,44.19,27.82
fop.hair,AVAILABLE,0,1.54,12.98
fop.monster,AVAILABLE,0,1.54,12.98
fop.rest,AVAILABLE,0,1.54,26.26
fop.skin,AVAILABLE,0,1.54,12.98
fop.surf,AVAILABLE,1,44.19,27.82
frieze.lol,PENDING,0,0.00,0.00
frieze.space,AVAILABLE,1,68.75,273.44
frieze.pics,PENDING,0,0.00,0.00
frieze.quest,AVAILABLE,0,1.54,12.98
frieze.mom,PENDING,0,0.00,0.00
frieze.beauty,AVAILABLE,0,1.54,12.98
frieze.beer,AVAILABLE,0,1.54,26.26
frieze.best,AVAILABLE,0,1.72,15.96
frieze.click,PENDING,0,0.00,0.00
frieze.garden,AVAILABLE,0,1.54,26.26
frieze.hair,AVAILABLE,0,1.54,12.98
frieze.monster,AVAILABLE,0,1.54,12.98
frieze.rest,PENDING,0,0.00,0.00
frieze.skin,AVAILABLE,0,1.54,12.98
frieze.surf,AVAILABLE,0,1.54,26.26
frothy.lol,AVAILABLE,0,1.54,26.26
frothy.space,AVAILABLE,1,68.75,273.44
frothy.pics,AVAILABLE,0,1.54,26.26
frothy.quest,AVAILABLE,0,1.54,12.98
frothy.mom,AVAILABLE,0,1.54,26.26
frothy.beauty,AVAILABLE,0,1.54,12.98
frothy.beer,UNAVAILABLE,0,1.54,26.26
frothy.best,AVAILABLE,0,1.72,15.96
frothy.click,AVAILABLE,0,1.54,10.81
frothy.garden,AVAILABLE,0,1.54,26.26
frothy.hair,AVAILABLE,0,1.54,12.98
frothy.monster,AVAILABLE,0,1.54,12.98
frothy.rest,AVAILABLE,0,1.54,26.26
frothy.skin,AVAILABLE,0,1.54,12.98
frothy.surf,AVAILABLE,0,1.54,26.26
frowzy.lol,AVAILABLE,0,1.54,26.26
frowzy.space,PENDING,0,0.00,0.00
frowzy.pics,AVAILABLE,0,1.54,26.26
frowzy.quest,AVAILABLE,0,1.54,12.98
frowzy.mom,AVAILABLE,0,1.54,26.26
frowzy.beauty,AVAILABLE,0,1.54,12.98
frowzy.beer,AVAILABLE,0,1.54,26.26
frowzy.best,AVAILABLE,0,1.72,15.96
frowzy.click,AVAILABLE,0,1.54,10.81
frowzy.garden,AVAILABLE,0,1.54,26.26
frowzy.hair,AVAILABLE,0,1.54,12.98
frowzy.monster,AVAILABLE,0,1.54,12.98
frowzy.rest,AVAILABLE,0,1.54,26.26
frowzy.skin,AVAILABLE,0,1.54,12.98
frowzy.surf,AVAILABLE,0,1.54,26.26
frumpy.lol,AVAILABLE,0,1.54,26.26
frumpy.space,AVAILABLE,0,1.96,26.26
frumpy.pics,AVAILABLE,0,1.54,26.26
frumpy.quest,AVAILABLE,0,1.54,12.98
frumpy.mom,AVAILABLE,0,1.54,26.26
frumpy.beauty,AVAILABLE,0,1.54,12.98
frumpy.beer,AVAILABLE,0,1.54,26.26
frumpy.best,AVAILABLE,0,1.72,15.96
frumpy.click,AVAILABLE,0,1.54,10.81
frumpy.garden,AVAILABLE,0,1.54,26.26
frumpy.hair,AVAILABLE,0,1.54,12.98
frumpy.monster,AVAILABLE,0,1.54,12.98
frumpy.rest,AVAILABLE,0,1.54,26.26
frumpy.skin,AVAILABLE,0,1.54,12.98
frumpy.surf,AVAILABLE,0,1.54,26.26
fugal.lol,AVAILABLE,0,1.54,26.26
fugal.space,AVAILABLE,1,27.82,109.69
fugal.pics,AVAILABLE,0,1.54,26.26
fugal.quest,PENDING,0,0.00,0.00
fugal.mom,AVAILABLE,0,1.54,26.26
fugal.beauty,PENDING,0,0.00,0.00
fugal.beer,PENDING,0,0.00,0.00
fugal.best,PENDING,0,0.00,0.00
fugal.click,AVAILABLE,1,76.94,109.69
fugal.garden,PENDING,0,0.00,0.00
fugal.hair,PENDING,0,0.00,0.00
fugal.monster,PENDING,0,0.00,0.00
fugal.rest,AVAILABLE,0,1.54,26.26
fugal.skin,PENDING,0,0.00,0.00
fugal.surf,PENDING,0,0.00,0.00
fume.lol,UNAVAILABLE,0,1.54,26.26
fume.space,AVAILABLE,1,273.44,1092.18
fume.pics,AVAILABLE,0,1.54,26.26
fume.quest,AVAILABLE,0,1.54,12.98
fume.mom,AVAILABLE,0,1.54,26.26
fume.beauty,AVAILABLE,0,1.54,12.98
fume.beer,AVAILABLE,0,1.54,26.26
fume.best,AVAILABLE,0,1.72,15.96
fume.click,AVAILABLE,1,191.57,273.44
fume.garden,UNAVAILABLE,0,1.54,26.26
fume.hair,AVAILABLE,0,1.54,12.98
fume.monster,AVAILABLE,0,1.54,12.98
fume.rest,AVAILABLE,0,1.54,26.26
fume.skin,AVAILABLE,0,1.54,12.98
fume.surf,AVAILABLE,0,1.54,26.26
fumet.lol,AVAILABLE,0,1.54,26.26
fumet.space,AVAILABLE,0,1.96,26.26
fumet.pics,AVAILABLE,0,1.54,26.26
fumet.quest,AVAILABLE,0,1.54,12.98
fumet.mom,AVAILABLE,0,1.54,26.26
fumet.beauty,AVAILABLE,0,1.54,12.98
fumet.beer,AVAILABLE,0,1.54,26.26
fumet.best,AVAILABLE,0,1.72,15.96
fumet.click,AVAILABLE,1,76.94,109.69
fumet.garden,AVAILABLE,0,1.54,26.26
fumet.hair,AVAILABLE,0,1.54,12.98
fumet.monster,AVAILABLE,0,1.54,12.98
fumet.rest,AVAILABLE,0,1.54,26.26
fumet.skin,AVAILABLE,0,1.54,12.98
fumet.surf,AVAILABLE,0,1.54,26.26
furl.lol,AVAILABLE,0,1.54,26.26
furl.space,AVAILABLE,1,68.75,273.44
furl.pics,AVAILABLE,0,1.54,26.26
furl.quest,AVAILABLE,0,1.54,12.98
furl.mom,AVAILABLE,0,1.54,26.26
furl.beauty,AVAILABLE,0,1.54,12.98
furl.beer,AVAILABLE,0,1.54,26.26
furl.best,AVAILABLE,0,1.72,15.96
furl.click,AVAILABLE,1,76.94,109.69
furl.garden,AVAILABLE,0,1.54,26.26
furl.hair,AVAILABLE,0,1.54,12.98
furl.monster,AVAILABLE,0,1.54,12.98
furl.rest,AVAILABLE,0,1.54,26.26
furl.skin,AVAILABLE,0,1.54,12.98
furl.surf,AVAILABLE,0,1.54,26.26
fuzzy.lol,UNAVAILABLE,0,1.54,26.26
fuzzy.space,AVAILABLE,1,273.44,1092.18
fuzzy.pics,AVAILABLE,0,1.54,26.26
fuzzy.quest,UNAVAILABLE,0,1.54,12.98
fuzzy.mom,AVAILABLE,0,1.54,26.26
fuzzy.beauty,AVAILABLE,0,1.54,12.98
fuzzy.beer,AVAILABLE,0,1.54,26.26
fuzzy.best,AVAILABLE,0,1.72,15.96
fuzzy.click,UNAVAILABLE,0,1.54,10.81
fuzzy.garden,AVAILABLE,0,1.54,26.26
fuzzy.hair,UNAVAILABLE,0,1.54,12.98
fuzzy.monster,UNAVAILABLE,0,1.54,12.98
fuzzy.rest,AVAILABLE,0,1.54,26.26
fuzzy.skin,AVAILABLE,0,1.54,12.98
fuzzy.surf,AVAILABLE,0,1.54,26.26
gala.lol,UNAVAILABLE,0,1.54,26.26
gala.space,AVAILABLE,1,273.44,1092.18
gala.pics,UNAVAILABLE,0,1.54,26.26
gala.quest,AVAILABLE,1,710.10,13.74
gala.mom,AVAILABLE,1,710.10,710.10
gala.beauty,AVAILABLE,1,2183.84,13.74
gala.beer,AVAILABLE,0,1.54,26.26
gala.best,UNAVAILABLE,0,1.72,15.96
gala.click,AVAILABLE,1,382.61,546.35
gala.garden,AVAILABLE,1,873.85,27.82
gala.hair,AVAILABLE,1,2183.84,13.74
gala.monster,UNAVAILABLE,0,1.54,12.98
gala.rest,AVAILABLE,0,1.54,26.26
gala.skin,AVAILABLE,1,2183.84,13.74
gala.surf,AVAILABLE,0,1.54,26.26
galoot.lol,AVAILABLE,0,1.54,26.26
galoot.space,AVAILABLE,0,1.96,26.26
galoot.pics,AVAILABLE,0,1.54,26.26
galoot.quest,AVAILABLE,0,1.54,12.98
galoot.mom,AVAILABLE,0,1.54,26.26
galoot.beauty,AVAILABLE,0,1.54,12.98
galoot.beer,AVAILABLE,0,1.54,26.26
galoot.best,AVAILABLE,0,1.72,15.96
galoot.click,AVAILABLE,0,1.54,10.81
galoot.garden,AVAILABLE,0,1.54,26.26
galoot.hair,AVAILABLE,0,1.54,12.98
galoot.monster,AVAILABLE,0,1.54,12.98
galoot.rest,AVAILABLE,0,1.54,26.26
galoot.skin,AVAILABLE,0,1.54,12.98
galoot.surf,AVAILABLE,0,1.54,26.26
gape.lol,PENDING,0,0.00,0.00
gape.space,AVAILABLE,1,136.98,546.35
gape.pics,PENDING,0,0.00,0.00
gape.quest,AVAILABLE,0,1.54,12.98
gape.mom,PENDING,0,0.00,0.00
gape.beauty,AVAILABLE,0,1.54,12.98
gape.beer,AVAILABLE,0,1.54,26.26
gape.best,AVAILABLE,0,1.72,15.96
gape.click,PENDING,0,0.00,0.00
gape.garden,AVAILABLE,0,1.54,26.26
gape.hair,AVAILABLE,0,1.54,12.98
gape.monster,AVAILABLE,0,1.54,12.98
gape.rest,PENDING,0,0.00,0.00
gape.skin,AVAILABLE,0,1.54,12.98
gape.surf,AVAILABLE,0,1.54,26.26
garam.lol,UNAVAILABLE,0,1.54,26.26
garam.space,AVAILABLE,1,68.75,273.44
garam.pics,AVAILABLE,0,1.54,26.26
garam.quest,AVAILABLE,0,1.54,12.98
garam.mom,AVAILABLE,0,1.54,26.26
garam.beauty,AVAILABLE,0,1.54,12.98
garam.beer,AVAILABLE,0,1.54,26.26
garam.best,AVAILABLE,0,1.72,15.96
garam.click,UNAVAILABLE,0,1.54,10.81
garam.garden,AVAILABLE,0,1.54,26.26
garam.hair,AVAILABLE,0,1.54,12.98
garam.monster,AVAILABLE,0,1.54,12.98
garam.rest,AVAILABLE,0,1.54,26.26
garam.skin,AVAILABLE,0,1.54,12.98
garam.surf,AVAILABLE,0,1.54,26.26
garish.lol,AVAILABLE,0,1.54,26.26
garish.space,AVAILABLE,1,27.82,109.69
garish.pics,AVAILABLE,0,1.54,26.26
garish.quest,AVAILABLE,0,1.54,12.98
garish.mom,AVAILABLE,0,1.54,26.26
garish.beauty,AVAILABLE,0,1.54,12.98
garish.beer,AVAILABLE,0,1.54,26.26
garish.best,AVAILABLE,0,1.72,15.96
garish.click,UNAVAILABLE,0,1.54,10.81
garish.garden,AVAILABLE,0,1.54,26.26
garish.hair,AVAILABLE,0,1.54,12.98
garish.monster,AVAILABLE,0,1.54,12.98
garish.rest,AVAILABLE,0,1.54,26.26
garish.skin,AVAILABLE,0,1.54,12.98
garish.surf,AVAILABLE,0,1.54,26.26
gasket.lol,AVAILABLE,0,1.54,26.26
gasket.space,AVAILABLE,1,27.82,109.69
gasket.pics,AVAILABLE,0,1.54,26.26
gasket.quest,AVAILABLE,0,1.54,12.98
gasket.mom,AVAILABLE,0,1.54,26.26
gasket.beauty,AVAILABLE,0,1.54,12.98
gasket.beer,AVAILABLE,0,1.54,26.26
gasket.best,AVAILABLE,0,1.72,15.96
gasket.click,UNAVAILABLE,0,1.54,10.81
gasket.garden,AVAILABLE,0,1.54,26.26
gasket.hair,AVAILABLE,0,1.54,12.98
gasket.monster,AVAILABLE,0,1.54,12.98
gasket.rest,AVAILABLE,0,1.54,26.26
gasket.skin,AVAILABLE,0,1.54,12.98
gasket.surf,AVAILABLE,0,1.54,26.26
gaudy.lol,AVAILABLE,0,1.54,26.26
gaudy.space,AVAILABLE,1,27.82,109.69
gaudy.pics,AVAILABLE,0,1.54,26.26
gaudy.quest,AVAILABLE,0,1.54,12.98
gaudy.mom,AVAILABLE,0,1.54,26.26
gaudy.beauty,AVAILABLE,0,1.54,12.98
gaudy.beer,AVAILABLE,0,1.54,26.26
gaudy.best,AVAILABLE,0,1.72,15.96
gaudy.click,AVAILABLE,1,76.94,109.69
gaudy.garden,AVAILABLE,0,1.54,26.26
gaudy.hair,AVAILABLE,0,1.54,12.98
gaudy.monster,AVAILABLE,0,1.54,12.98
gaudy.rest,AVAILABLE,0,1.54,26.26
gaudy.skin,AVAILABLE,0,1.54,12.98
gaudy.surf,AVAILABLE,0,1.54,26.26
gawk.lol,UNAVAILABLE,0,1.54,26.26
gawk.space,AVAILABLE,1,27.82,109.69
gawk.pics,UNAVAILABLE,0,1.54,26.26
gawk.quest,AVAILABLE,0,1.54,12.98
gawk.mom,AVAILABLE,0,1.54,26.26
gawk.beauty,AVAILABLE,0,1.54,12.98
gawk.beer,AVAILABLE,0,1.54,26.26
gawk.best,AVAILABLE,0,1.72,15.96
gawk.click,AVAILABLE,1,76.94,109.69
gawk.garden,AVAILABLE,0,1.54,26.26
gawk.hair,AVAILABLE,0,1.54,12.98
gawk.monster,AVAILABLE,0,1.54,12.98
gawk.rest,AVAILABLE,0,1.54,26.26
gawk.skin,AVAILABLE,0,1.54,12.98
gawk.surf,AVAILABLE,0,1.54,26.26
gawky.lol,AVAILABLE,0,1.54,26.26
gawky.space,AVAILABLE,1,27.82,109.69
gawky.pics,AVAILABLE,0,1.54,26.26
gawky.quest,AVAILABLE,0,1.54,12.98
gawky.mom,AVAILABLE,0,1.54,26.26
gawky.beauty,AVAILABLE,0,1.54,12.98
gawky.beer,AVAILABLE,1,44.19,27.82
gawky.best,AVAILABLE,0,1.72,15.96
gawky.click,AVAILABLE,1,76.94,109.69
gawky.garden,AVAILABLE,0,1.54,26.26
gawky.hair,AVAILABLE,0,1.54,12.98
gawky.monster,AVAILABLE,0,1.54,12.98
gawky.rest,AVAILABLE,0,1.54,26.26
gawky.skin,AVAILABLE,0,1.54,12.98
gawky.surf,AVAILABLE,0,1.54,26.26
geld.lol,UNAVAILABLE,0,1.54,26.26
geld.space,AVAILABLE,1,136.98,546.35
geld.pics,AVAILABLE,0,1.54,26.26
geld.quest,AVAILABLE,0,1.54,12.98
geld.mom,AVAILABLE,0,1.54,26.26
geld.beauty,AVAILABLE,0,1.54,12.98
geld.beer,AVAILABLE,0,1.54,26.26
geld.best,UNAVAILABLE,0,1.72,15.96
geld.click,UNAVAILABLE,0,1.54,10.81
geld.garden,AVAILABLE,0,1.54,26.26
geld.hair,AVAILABLE,0,1.54,12.98
geld.monster,UNAVAILABLE,0,1.54,12.98
geld.rest,UNAVAILABLE,0,1.54,26.26
geld.skin,AVAILABLE,0,1.54,12.98
geld.surf,AVAILABLE,0,1.54,26.26
giblet.lol,AVAILABLE,0,1.54,26.26
giblet.space,AVAILABLE,0,1.96,26.26
giblet.pics,AVAILABLE,0,1.54,26.26
giblet.quest,AVAILABLE,0,1.54,12.98
giblet.mom,AVAILABLE,0,1.54,26.26
giblet.beauty,AVAILABLE,0,1.54,12.98
giblet.beer,UNAVAILABLE,0,1.54,26.26
giblet.best,AVAILABLE,0,1.72,15.96
giblet.click,UNAVAILABLE,0,1.54,10.81
giblet.garden,AVAILABLE,0,1.54,26.26
giblet.hair,AVAILABLE,0,1.54,12.98
giblet.monster,AVAILABLE,0,1.54,12.98
giblet.rest,AVAILABLE,0,1.54,26.26
giblet.skin,AVAILABLE,0,1.54,12.98
giblet.surf,AVAILABLE,0,1.54,26.26
giddy.lol,UNAVAILABLE,0,1.54,26.26
giddy.space,AVAILABLE,1,136.98,546.35
giddy.pics,AVAILABLE,0,1.54,26.26
giddy.quest,AVAILABLE,0,1.54,12.98
giddy.mom,AVAILABLE,0,1.54,26.26
giddy.beauty,AVAILABLE,0,1.54,12.98
giddy.beer,AVAILABLE,0,1.54,26.26
giddy.best,AVAILABLE,0,1.72,15.96
giddy.click,AVAILABLE,1,76.94,109.69
giddy.garden,AVAILABLE,0,1.54,26.26
giddy.hair,AVAILABLE,0,1.54,12.98
giddy.monster,AVAILABLE,0,1.54,12.98
giddy.rest,AVAILABLE,0,1.54,26.26
giddy.skin,AVAILABLE,0,1.54,12.98
giddy.surf,AVAILABLE,0,1.54,26.26
gird.lol,AVAILABLE,0,1.54,26.26
gird.space,AVAILABLE,1,68.75,273.44
gird.pics,AVAILABLE,0,1.54,26.26
gird.quest,AVAILABLE,0,1.54,12.98
gird.mom,AVAILABLE,0,1.54,26.26
gird.beauty,AVAILABLE,0,1.54,12.98
gird.beer,AVAILABLE,0,1.54,26.26
gird.best,AVAILABLE,0,1.72,15.96
gird.click,AVAILABLE,1,76.94,109.69
gird.garden,UNAVAILABLE,0,1.54,26.26
gird.hair,AVAILABLE,0,1.54,12.98
gird.monster,AVAILABLE,0,1.54,12.98
gird.rest,AVAILABLE,0,1.54,26.26
gird.skin,AVAILABLE,0,1.54,12.98
gird.surf,AVAILABLE,0,1.54,26.26
git.lol,UNAVAILABLE,1,109.69,109.69
git.space,UNAVAILABLE,0,1.96,26.26
git.pics,UNAVAILABLE,0,1.54,26.26
git.quest,UNAVAILABLE,0,1.54,12.98
git.mom,UNAVAILABLE,0,1.54,26.26
git.beauty,UNAVAILABLE,0,1.54,12.98
git.beer,UNAVAILABLE,1,44.19,27.82
git.best,UNAVAILABLE,0,1.72,15.96
git.click,UNAVAILABLE,0,1.54,10.81
git.garden,UNAVAILABLE,1,44.19,27.82
git.hair,UNAVAILABLE,0,1.54,12.98
git.monster,UNAVAILABLE,0,1.54,12.98
git.rest,AVAILABLE,1,688.27,983.02
git.skin,UNAVAILABLE,0,1.54,12.98
git.surf,UNAVAILABLE,1,44.19,27.82
gleam.lol,UNAVAILABLE,0,1.54,26.26
gleam.space,UNAVAILABLE,0,1.96,26.26
gleam.pics,AVAILABLE,0,1.54,26.26
gleam.quest,UNAVAILABLE,0,1.54,12.98
gleam.mom,AVAILABLE,0,1.54,26.26
gleam.beauty,UNAVAILABLE,0,1.54,12.98
gleam.beer,AVAILABLE,0,1.54,26.26
gleam.best,AVAILABLE,0,1.72,15.96
gleam.click,AVAILABLE,1,76.94,109.69
gleam.garden,AVAILABLE,0,1.54,26.26
gleam.hair,AVAILABLE,0,1.54,12.98
gleam.monster,AVAILABLE,0,1.54,12.98
gleam.rest,AVAILABLE,0,1.54,26.26
gleam.skin,UNAVAILABLE,0,1.54,12.98
gleam.surf,UNAVAILABLE,0,1.54,26.26
glean.lol,UNAVAILABLE,0,1.54,26.26
glean.space,AVAILABLE,1,68.75,273.44
glean.pics,AVAILABLE,0,1.54,26.26
glean.quest,AVAILABLE,0,1.54,12.98
glean.mom,AVAILABLE,0,1.54,26.26
glean.beauty,AVAILABLE,0,1.54,12.98
glean.beer,AVAILABLE,0,1.54,26.26
glean.best,AVAILABLE,0,1.72,15.96
glean.click,AVAILABLE,1,76.94,109.69
glean.garden,AVAILABLE,0,1.54,26.26
glean.hair,AVAILABLE,0,1.54,12.98
glean.monster,AVAILABLE,0,1.54,12.98
glean.rest,AVAILABLE,0,1.54,26.26
glean.skin,AVAILABLE,0,1.54,12.98
glean.surf,AVAILABLE,0,1.54,26.26
glug.lol,AVAILABLE,0,1.54,26.26
glug.space,UNAVAILABLE,0,1.96,26.26
glug.pics,AVAILABLE,0,1.54,26.26
glug.quest,AVAILABLE,0,1.54,12.98
glug.mom,AVAILABLE,0,1.54,26.26
glug.beauty,AVAILABLE,0,1.54,12.98
glug.beer,UNAVAILABLE,0,1.54,26.26
glug.best,AVAILABLE,0,1.72,15.96
glug.click,AVAILABLE,1,76.94,109.69
glug.garden,AVAILABLE,0,1.54,26.26
glug.hair,AVAILABLE,0,1.54,12.98
glug.monster,AVAILABLE,0,1.54,12.98
glug.rest,AVAILABLE,0,1.54,26.26
glug.skin,AVAILABLE,0,1.54,12.98
glug.surf,AVAILABLE,0,1.54,26.26
gnaw.lol,AVAILABLE,0,1.54,26.26
gnaw.space,AVAILABLE,1,27.82,109.69
gnaw.pics,AVAILABLE,0,1.54,26.26
gnaw.quest,AVAILABLE,0,1.54,12.98
gnaw.mom,AVAILABLE,0,1.54,26.26
gnaw.beauty,AVAILABLE,0,1.54,12.98
gnaw.beer,AVAILABLE,0,1.54,26.26
gnaw.best,AVAILABLE,0,1.72,15.96
gnaw.click,AVAILABLE,1,76.94,109.69
gnaw.garden,UNAVAILABLE,0,1.54,26.26
gnaw.hair,AVAILABLE,0,1.54,12.98
gnaw.monster,UNAVAILABLE,0,1.54,12.98
gnaw.rest,AVAILABLE,0,1.54,26.26
gnaw.skin,AVAILABLE,0,1.54,12.98
gnaw.surf,AVAILABLE,0,1.54,26.26
goad.lol,UNAVAILABLE,0,1.54,26.26
goad.space,AVAILABLE,1,68.75,273.44
goad.pics,AVAILABLE,0,1.54,26.26
goad.quest,AVAILABLE,0,1.54,12.98
goad.mom,AVAILABLE,0,1.54,26.26
goad.beauty,AVAILABLE,0,1.54,12.98
goad.beer,AVAILABLE,1,44.19,27.82
goad.best,AVAILABLE,0,1.72,15.96
goad.click,AVAILABLE,1,76.94,109.69
goad.garden,UNAVAILABLE,0,1.54,26.26
goad.hair,AVAILABLE,0,1.54,12.98
goad.monster,AVAILABLE,0,1.54,12.98
goad.rest,AVAILABLE,0,1.54,26.26
goad.skin,AVAILABLE,0,1.54,12.98
goad.surf,AVAILABLE,0,1.54,26.26
goiter.lol,AVAILABLE,0,1.54,26.26
goiter.space,AVAILABLE,0,1.96,26.26
goiter.pics,AVAILABLE,0,1.54,26.26
goiter.quest,AVAILABLE,0,1.54,12.98
goiter.mom,AVAILABLE,0,1.54,26.26
goiter.beauty,AVAILABLE,0,1.54,12.98
goiter.beer,AVAILABLE,0,1.54,26.26
goiter.best,AVAILABLE,0,1.72,15.96
goiter.click,AVAILABLE,0,1.54,10.81
goiter.garden,AVAILABLE,0,1.54,26.26
goiter.hair,AVAILABLE,0,1.54,12.98
goiter.monster,AVAILABLE,0,1.54,12.98
goiter.rest,AVAILABLE,0,1.54,26.26
goiter.skin,AVAILABLE,0,1.54,12.98
goiter.surf,AVAILABLE,0,1.54,26.26
gonk.lol,UNAVAILABLE,0,1.54,26.26
gonk.space,UNAVAILABLE,0,1.96,26.26
gonk.pics,AVAILABLE,0,1.54,26.26
gonk.quest,AVAILABLE,0,1.54,12.98
gonk.mom,UNAVAILABLE,0,1.54,26.26
gonk.beauty,AVAILABLE,0,1.54,12.98
gonk.beer,AVAILABLE,0,1.54,26.26
gonk.best,AVAILABLE,0,1.72,15.96
gonk.click,AVAILABLE,1,76.94,109.69
gonk.garden,AVAILABLE,0,1.54,26.26
gonk.hair,AVAILABLE,0,1.54,12.98
gonk.monster,AVAILABLE,0,1.54,12.98
gonk.rest,AVAILABLE,0,1.54,26.26
gonk.skin,AVAILABLE,0,1.54,12.98
gonk.surf,AVAILABLE,0,1.54,26.26
gonzo.lol,UNAVAILABLE,0,1.54,26.26
gonzo.space,AVAILABLE,1,68.75,273.44
gonzo.pics,AVAILABLE,0,1.54,26.26
gonzo.quest,AVAILABLE,0,1.54,12.98
gonzo.mom,AVAILABLE,0,1.54,26.26
gonzo.beauty,AVAILABLE,0,1.54,12.98
gonzo.beer,AVAILABLE,0,1.54,26.26
gonzo.best,AVAILABLE,0,1.72,15.96
gonzo.click,AVAILABLE,1,76.94,109.69
gonzo.garden,AVAILABLE,0,1.54,26.26
gonzo.hair,AVAILABLE,0,1.54,12.98
gonzo.monster,AVAILABLE,0,1.54,12.98
gonzo.rest,AVAILABLE,0,1.54,26.26
gonzo.skin,AVAILABLE,0,1.54,12.98
gonzo.surf,AVAILABLE,0,1.54,26.26
goober.lol,UNAVAILABLE,0,1.54,26.26
goober.space,PENDING,0,0.00,0.00
goober.pics,AVAILABLE,0,1.54,26.26
goober.quest,AVAILABLE,0,1.54,12.98
goober.mom,AVAILABLE,0,1.54,26.26
goober.beauty,AVAILABLE,0,1.54,12.98
goober.beer,AVAILABLE,0,1.54,26.26
goober.best,AVAILABLE,0,1.72,15.96
goober.click,AVAILABLE,0,1.54,10.81
goober.garden,UNAVAILABLE,0,1.54,26.26
goober.hair,AVAILABLE,0,1.54,12.98
goober.monster,UNAVAILABLE,0,1.54,12.98
goober.rest,AVAILABLE,0,1.54,26.26
goober.skin,AVAILABLE,0,1.54,12.98
goober.surf,AVAILABLE,0,1.54,26.26
goof.lol,UNAVAILABLE,0,1.54,26.26
goof.space,AVAILABLE,1,136.98,546.35
goof.pics,AVAILABLE,0,1.54,26.26
goof.quest,AVAILABLE,0,1.54,12.98
goof.mom,AVAILABLE,0,1.54,26.26
goof.beauty,AVAILABLE,0,1.54,12.98
goof.beer,UNAVAILABLE,0,1.54,26.26
goof.best,AVAILABLE,0,1.72,15.96
goof.click,AVAILABLE,1,76.94,109.69
goof.garden,AVAILABLE,0,1.54,26.26
goof.hair,AVAILABLE,0,1.54,12.98
goof.monster,UNAVAILABLE,0,1.54,12.98
goof.rest,AVAILABLE,0,1.54,26.26
goof.skin,AVAILABLE,0,1.54,12.98
goof.surf,AVAILABLE,0,1.54,26.26
goon.lol,UNAVAILABLE,0,1.54,26.26
goon.space,UNAVAILABLE,0,1.96,26.26
goon.pics,UNAVAILABLE,0,1.54,26.26
goon.quest,UNAVAILABLE,0,1.54,12.98
goon.mom,UNAVAILABLE,0,1.54,26.26
goon.beauty,UNAVAILABLE,0,1.54,12.98
goon.beer,PENDING,0,0.00,0.00
goon.best,UNAVAILABLE,0,1.72,15.96
goon.click,AVAILABLE,1,191.57,273.44
goon.garden,PENDING,0,0.00,0.00
goon.hair,UNAVAILABLE,0,1.54,12.98
goon.monster,UNAVAILABLE,0,1.54,12.98
goon.rest,UNAVAILABLE,0,1.54,26.26
goon.skin,UNAVAILABLE,0,1.54,12.98
goon.surf,PENDING,0,0.00,0.00
gorp.lol,UNAVAILABLE,0,1.54,26.26
gorp.space,UNAVAILABLE,0,1.96,26.26
gorp.pics,AVAILABLE,0,1.54,26.26
gorp.quest,AVAILABLE,0,1.54,12.98
gorp.mom,AVAILABLE,0,1.54,26.26
gorp.beauty,AVAILABLE,0,1.54,12.98
gorp.beer,AVAILABLE,1,44.19,27.82
gorp.best,UNAVAILABLE,0,1.72,15.96
gorp.click,AVAILABLE,0,1.54,10.81
gorp.garden,AVAILABLE,0,1.54,26.26
gorp.hair,AVAILABLE,0,1.54,12.98
gorp.monster,AVAILABLE,0,1.54,12.98
gorp.rest,AVAILABLE,0,1.54,26.26
gorp.skin,AVAILABLE,0,1.54,12.98
gorp.surf,AVAILABLE,0,1.54,26.26
gose.lol,AVAILABLE,0,1.54,26.26
gose.space,AVAILABLE,1,68.75,273.44
gose.pics,AVAILABLE,0,1.54,26.26
gose.quest,AVAILABLE,0,1.54,12.98
gose.mom,AVAILABLE,0,1.54,26.26
gose.beauty,AVAILABLE,0,1.54,12.98
gose.beer,UNAVAILABLE,0,1.54,26.26
gose.best,AVAILABLE,0,1.72,15.96
gose.click,AVAILABLE,0,1.54,10.81
gose.garden,AVAILABLE,0,1.54,26.26
gose.hair,AVAILABLE,0,1.54,12.98
gose.monster,AVAILABLE,0,1.54,12.98
gose.rest,AVAILABLE,0,1.54,26.26
gose.skin,AVAILABLE,0,1.54,12.98
gose.surf,AVAILABLE,0,1.54,26.26
gouge.lol,AVAILABLE,0,1.54,26.26
gouge.space,AVAILABLE,1,68.75,273.44
gouge.pics,AVAILABLE,0,1.54,26.26
gouge.quest,AVAILABLE,0,1.54,12.98
gouge.mom,AVAILABLE,0,1.54,26.26
gouge.beauty,AVAILABLE,0,1.54,12.98
gouge.beer,AVAILABLE,0,1.54,26.26
gouge.best,AVAILABLE,0,1.72,15.96
gouge.click,AVAILABLE,1,76.94,109.69
gouge.garden,AVAILABLE,0,1.54,26.26
gouge.hair,AVAILABLE,0,1.54,12.98
gouge.monster,AVAILABLE,0,1.54,12.98
gouge.rest,AVAILABLE,0,1.54,26.26
gouge.skin,AVAILABLE,0,1.54,12.98
gouge.surf,AVAILABLE,0,1.54,26.26
grainy.lol,AVAILABLE,0,1.54,26.26
grainy.space,UNAVAILABLE,0,1.96,26.26
grainy.pics,AVAILABLE,0,1.54,26.26
grainy.quest,AVAILABLE,0,1.54,12.98
grainy.mom,AVAILABLE,0,1.54,26.26
grainy.beauty,AVAILABLE,0,1.54,12.98
grainy.beer,AVAILABLE,0,1.54,26.26
grainy.best,AVAILABLE,0,1.72,15.96
grainy.click,UNAVAILABLE,0,1.54,10.81
grainy.garden,AVAILABLE,0,1.54,26.26
grainy.hair,AVAILABLE,0,1.54,12.98
grainy.monster,AVAILABLE,0,1.54,12.98
grainy.rest,AVAILABLE,0,1.54,26.26
grainy.skin,AVAILABLE,0,1.54,12.98
grainy.surf,AVAILABLE,0,1.54,26.26
grappa.lol,AVAILABLE,0,1.54,26.26
grappa.space,AVAILABLE,0,1.96,26.26
grappa.pics,AVAILABLE,0,1.54,26.26
grappa.quest,AVAILABLE,0,1.54,12.98
grappa.mom,AVAILABLE,0,1.54,26.26
grappa.beauty,AVAILABLE,0,1.54,12.98
grappa.beer,AVAILABLE,0,1.54,26.26
grappa.best,AVAILABLE,0,1.72,15.96
grappa.click,AVAILABLE,0,1.54,10.81
grappa.garden,AVAILABLE,0,1.54,26.26
grappa.hair,AVAILABLE,0,1.54,12.98
grappa.monster,AVAILABLE,0,1.54,12.98
grappa.rest,AVAILABLE,0,1.54,26.26
grappa.skin,AVAILABLE,0,1.54,12.98
grappa.surf,AVAILABLE,0,1.54,26.26
grog.lol,UNAVAILABLE,0,1.54,26.26
grog.space,UNAVAILABLE,0,1.96,26.26
grog.pics,AVAILABLE,0,1.54,26.26
grog.quest,AVAILABLE,0,1.54,12.98
grog.mom,AVAILABLE,0,1.54,26.26
grog.beauty,AVAILABLE,0,1.54,12.98
grog.beer,AVAILABLE,0,1.54,26.26
grog.best,AVAILABLE,0,1.72,15.96
grog.click,AVAILABLE,1,76.94,109.69
grog.garden,AVAILABLE,0,1.54,26.26
grog.hair,AVAILABLE,0,1.54,12.98
grog.monster,AVAILABLE,0,1.54,12.98
grog.rest,AVAILABLE,0,1.54,26.26
grog.skin,AVAILABLE,0,1.54,12.98
grog.surf,UNAVAILABLE,0,1.54,26.26
grotty.lol,AVAILABLE,0,1.54,26.26
grotty.space,AVAILABLE,0,1.96,26.26
grotty.pics,AVAILABLE,0,1.54,26.26
grotty.quest,AVAILABLE,0,1.54,12.98
grotty.mom,AVAILABLE,0,1.54,26.26
grotty.beauty,AVAILABLE,0,1.54,12.98
grotty.beer,AVAILABLE,0,1.54,26.26
grotty.best,AVAILABLE,0,1.72,15.96
grotty.click,AVAILABLE,0,1.54,10.81
grotty.garden,AVAILABLE,0,1.54,26.26
grotty.hair,AVAILABLE,0,1.54,12.98
grotty.monster,AVAILABLE,0,1.54,12.98
grotty.rest,AVAILABLE,0,1.54,26.26
grotty.skin,AVAILABLE,0,1.54,12.98
grotty.surf,AVAILABLE,0,1.54,26.26
grubby.lol,AVAILABLE,0,1.54,26.26
grubby.space,AVAILABLE,1,27.82,109.69
grubby.pics,AVAILABLE,0,1.54,26.26
grubby.quest,AVAILABLE,0,1.54,12.98
grubby.mom,AVAILABLE,0,1.54,26.26
grubby.beauty,AVAILABLE,0,1.54,12.98
grubby.beer,AVAILABLE,0,1.54,26.26
grubby.best,AVAILABLE,0,1.72,15.96
grubby.click,AVAILABLE,0,1.54,10.81
grubby.garden,AVAILABLE,0,1.54,26.26
grubby.hair,AVAILABLE,0,1.54,12.98
grubby.monster,AVAILABLE,0,1.54,12.98
grubby.rest,AVAILABLE,0,1.54,26.26
grubby.skin,AVAILABLE,0,1.54,12.98
grubby.surf,AVAILABLE,0,1.54,26.26
guff.lol,UNAVAILABLE,0,1.54,26.26
guff.space,AVAILABLE,1,27.82,109.69
guff.pics,AVAILABLE,0,1.54,26.26
guff.quest,AVAILABLE,0,1.54,12.98
guff.mom,AVAILABLE,0,1.54,26.26
guff.beauty,AVAILABLE,0,1.54,12.98
guff.beer,AVAILABLE,0,1.54,26.26
guff.best,AVAILABLE,0,1.72,15.96
guff.click,AVAILABLE,1,76.94,109.69
guff.garden,AVAILABLE,0,1.54,26.26
guff.hair,AVAILABLE,0,1.54,12.98
guff.monster,AVAILABLE,0,1.54,12.98
guff.rest,AVAILABLE,0,1.54,26.26
guff.skin,AVAILABLE,0,1.54,12.98
guff.surf,AVAILABLE,0,1.54,26.26
gullet.lol,AVAILABLE,0,1.54,26.26
gullet.space,AVAILABLE,0,1.96,26.26
gullet.pics,AVAILABLE,0,1.54,26.26
gullet.quest,AVAILABLE,0,1.54,12.98
gullet.mom,AVAILABLE,0,1.54,26.26
gullet.beauty,AVAILABLE,0,1.54,12.98
gullet.beer,AVAILABLE,0,1.54,26.26
gullet.best,AVAILABLE,0,1.72,15.96
gullet.click,AVAILABLE,0,1.54,10.81
gullet.garden,AVAILABLE,0,1.54,26.26
gullet.hair,AVAILABLE,0,1.54,12.98
gullet.monster,AVAILABLE,0,1.54,12.98
gullet.rest,AVAILABLE,0,1.54,26.26
gullet.skin,AVAILABLE,0,1.54,12.98
gullet.surf,AVAILABLE,0,1.54,26.26
gummy.lol,UNAVAILABLE,0,1.54,26.26
gummy.space,PENDING,0,0.00,0.00
gummy.pics,AVAILABLE,0,1.54,26.26
gummy.quest,AVAILABLE,0,1.54,12.98
gummy.mom,UNAVAILABLE,0,1.54,26.26
gummy.beauty,AVAILABLE,0,1.54,12.98
gummy.beer,UNAVAILABLE,0,1.54,26.26
gummy.best,AVAILABLE,0,1.72,15.96
gummy.click,AVAILABLE,1,76.94,109.69
gummy.garden,AVAILABLE,0,1.54,26.26
gummy.hair,UNAVAILABLE,0,1.54,12.98
gummy.monster,AVAILABLE,0,1.54,12.98
gummy.rest,AVAILABLE,0,1.54,26.26
gummy.skin,AVAILABLE,0,1.54,12.98
gummy.surf,AVAILABLE,0,1.54,26.26
gush.lol,UNAVAILABLE,0,1.54,26.26
gush.space,AVAILABLE,1,68.75,273.44
gush.pics,AVAILABLE,0,1.54,26.26
gush.quest,AVAILABLE,0,1.54,12.98
gush.mom,AVAILABLE,0,1.54,26.26
gush.beauty,AVAILABLE,0,1.54,12.98
gush.beer,AVAILABLE,0,1.54,26.26
gush.best,AVAILABLE,0,1.72,15.96
gush.click,AVAILABLE,1,76.94,109.69
gush.garden,AVAILABLE,0,1.54,26.26
gush.hair,AVAILABLE,0,1.54,12.98
gush.monster,AVAILABLE,0,1.54,12.98
gush.rest,AVAILABLE,0,1.54,26.26
gush.skin,AVAILABLE,0,1.54,12.98
gush.surf,AVAILABLE,0,1.54,26.26
gyoza.lol,PENDING,0,0.00,0.00
gyoza.space,UNAVAILABLE,0,1.96,26.26
gyoza.pics,PENDING,0,0.00,0.00
gyoza.quest,AVAILABLE,0,1.54,12.98
gyoza.mom,PENDING,0,0.00,0.00
gyoza.beauty,AVAILABLE,0,1.54,12.98
gyoza.beer,UNAVAILABLE,0,1.54,26.26
gyoza.best,AVAILABLE,0,1.72,15.96
gyoza.click,PENDING,0,0.00,0.00
gyoza.garden,AVAILABLE,0,1.54,26.26
gyoza.hair,AVAILABLE,0,1.54,12.98
gyoza.monster,UNAVAILABLE,0,1.54,12.98
gyoza.rest,PENDING,0,0.00,0.00
gyoza.skin,AVAILABLE,0,1.54,12.98
gyoza.surf,AVAILABLE,0,1.54,26.26
halva.lol,AVAILABLE,0,1.54,26.26
halva.space,AVAILABLE,0,1.96,26.26
halva.pics,AVAILABLE,0,1.54,26.26
halva.quest,AVAILABLE,0,1.54,12.98
halva.mom,AVAILABLE,0,1.54,26.26
halva.beauty,AVAILABLE,0,1.54,12.98
halva.beer,AVAILABLE,0,1.54,26.26
halva.best,AVAILABLE,0,1.72,15.96
halva.click,UNAVAILABLE,0,1.54,10.81
halva.garden,AVAILABLE,0,1.54,26.26
halva.hair,AVAILABLE,0,1.54,12.98
halva.monster,AVAILABLE,0,1.54,12.98
halva.rest,UNAVAILABLE,0,1.54,26.26
halva.skin,AVAILABLE,0,1.54,12.98
halva.surf,AVAILABLE,0,1.54,26.26
harry.lol,UNAVAILABLE,0,1.54,26.26
harry.space,AVAILABLE,1,273.44,1092.18
harry.pics,UNAVAILABLE,0,1.54,26.26
harry.quest,AVAILABLE,0,1.54,12.98
harry.mom,AVAILABLE,0,1.54,26.26
harry.beauty,UNAVAILABLE,0,1.54,12.98
harry.beer,UNAVAILABLE,0,1.54,26.26
harry.best,UNAVAILABLE,0,1.72,15.96
harry.click,UNAVAILABLE,0,1.54,10.81
harry.garden,UNAVAILABLE,0,1.54,26.26
harry.hair,AVAILABLE,0,1.54,12.98
harry.monster,UNAVAILABLE,0,1.54,12.98
harry.rest,UNAVAILABLE,0,1.54,26.26
harry.skin,AVAILABLE,0,1.54,12.98
harry.surf,AVAILABLE,0,1.54,26.26
hew.lol,UNAVAILABLE,0,1.54,26.26
hew.space,AVAILABLE,1,68.75,273.44
hew.pics,AVAILABLE,0,1.54,26.26
hew.quest,AVAILABLE,0,1.54,12.98
hew.mom,AVAILABLE,0,1.54,26.26
hew.beauty,AVAILABLE,0,1.54,12.98
hew.beer,AVAILABLE,1,44.19,27.82
hew.best,AVAILABLE,0,1.72,15.96
hew.click,AVAILABLE,1,76.94,109.69
hew.garden,AVAILABLE,1,44.19,27.82
hew.hair,AVAILABLE,0,1.54,12.98
hew.monster,AVAILABLE,0,1.54,12.98
hew.rest,PENDING,0,0.00,0.00
hew.skin,AVAILABLE,0,1.54,12.98
hew.surf,AVAILABLE,1,44.19,27.82
hone.lol,UNAVAILABLE,0,1.54,26.26
hone.space,PENDING,0,0.00,0.00
hone.pics,AVAILABLE,0,1.54,26.26
hone.quest,AVAILABLE,0,1.54,12.98
hone.mom,UNAVAILABLE,0,1.54,26.26
hone.beauty,AVAILABLE,0,1.54,12.98
hone.beer,AVAILABLE,0,1.54,26.26
hone.best,AVAILABLE,0,1.72,15.96
hone.click,AVAILABLE,1,76.94,109.69
hone.garden,AVAILABLE,0,1.54,26.26
hone.hair,AVAILABLE,0,1.54,12.98
hone.monster,AVAILABLE,0,1.54,12.98
hone.rest,UNAVAILABLE,0,1.54,26.26
hone.skin,UNAVAILABLE,0,1.54,12.98
hone.surf,AVAILABLE,0,1.54,26.26
honk.lol,UNAVAILABLE,0,1.54,26.26
honk.space,AVAILABLE,1,68.75,273.44
honk.pics,AVAILABLE,0,1.54,26.26
honk.quest,UNAVAILABLE,0,1.54,12.98
honk.mom,UNAVAILABLE,0,1.54,26.26
honk.beauty,AVAILABLE,0,1.54,12.98
honk.beer,AVAILABLE,0,1.54,26.26
honk.best,AVAILABLE,0,1.72,15.96
honk.click,UNAVAILABLE,0,1.54,10.81
honk.garden,UNAVAILABLE,0,1.54,26.26
honk.hair,AVAILABLE,0,1.54,12.98
honk.monster,UNAVAILABLE,0,1.54,12.98
honk.rest,AVAILABLE,0,1.54,26.26
honk.skin,AVAILABLE,0,1.54,12.98
honk.surf,AVAILABLE,0,1.54,26.26
idyll.lol,PENDING,0,0.00,0.00
idyll.space,PENDING,0,0.00,0.00
idyll.pics,PENDING,0,0.00,0.00
idyll.quest,AVAILABLE,0,1.54,12.98
idyll.mom,PENDING,0,0.00,0.00
idyll.beauty,UNAVAILABLE,0,1.54,12.98
idyll.beer,PENDING,0,0.00,0.00
idyll.best,AVAILABLE,0,1.72,15.96
idyll.click,PENDING,0,0.00,0.00
idyll.garden,PENDING,0,0.00,0.00
idyll.hair,AVAILABLE,0,1.54,12.98
idyll.monster,AVAILABLE,0,1.54,12.98
idyll.rest,PENDING,0,0.00,0.00
idyll.skin,AVAILABLE,0,1.54,12.98
idyll.surf,PENDING,0,0.00,0.00
jamb.lol,AVAILABLE,0,1.54,26.26
jamb.space,AVAILABLE,1,68.75,273.44
jamb.pics,AVAILABLE,0,1.54,26.26
jamb.quest,AVAILABLE,0,1.54,12.98
jamb.mom,AVAILABLE,0,1.54,26.26
jamb.beauty,AVAILABLE,0,1.54,12.98
jamb.beer,AVAILABLE,1,44.19,27.82
jamb.best,AVAILABLE,0,1.72,15.96
jamb.click,AVAILABLE,1,76.94,109.69
jamb.garden,AVAILABLE,0,1.54,26.26
jamb.hair,AVAILABLE,0,1.54,12.98
jamb.monster,AVAILABLE,0,1.54,12.98
jamb.rest,AVAILABLE,0,1.54,26.26
jamb.skin,AVAILABLE,0,1.54,12.98
jamb.surf,AVAILABLE,0,1.54,26.26
jeer.lol,UNAVAILABLE,0,1.54,26.26
jeer.space,AVAILABLE,1,27.82,109.69
jeer.pics,AVAILABLE,0,1.54,26.26
jeer.quest,AVAILABLE,0,1.54,12.98
jeer.mom,AVAILABLE,0,1.54,26.26
jeer.beauty,AVAILABLE,0,1.54,12.98
jeer.beer,AVAILABLE,0,1.54,26.26
jeer.best,AVAILABLE,0,1.72,15.96
jeer.click,AVAILABLE,1,76.94,109.69
jeer.garden,UNAVAILABLE,0,1.54,26.26
jeer.hair,AVAILABLE,0,1.54,12.98
jeer.monster,AVAILABLE,0,1.54,12.98
jeer.rest,UNAVAILABLE,0,1.54,26.26
jeer.skin,AVAILABLE,0,1.54,12.98
jeer.surf,AVAILABLE,0,1.54,26.26
jigger.lol,AVAILABLE,0,1.54,26.26
jigger.space,AVAILABLE,1,27.82,109.69
jigger.pics,AVAILABLE,0,1.54,26.26
jigger.quest,AVAILABLE,0,1.54,12.98
jigger.mom,AVAILABLE,0,1.54,26.26
jigger.beauty,AVAILABLE,0,1.54,12.98
jigger.beer,AVAILABLE,0,1.54,26.26
jigger.best,AVAILABLE,0,1.72,15.96
jigger.click,AVAILABLE,0,1.54,10.81
jigger.garden,AVAILABLE,0,1.54,26.26
jigger.hair,AVAILABLE,0,1.54,12.98
jigger.monster,AVAILABLE,0,1.54,12.98
jigger.rest,AVAILABLE,0,1.54,26.26
jigger.skin,AVAILABLE,0,1.54,12.98
jigger.surf,AVAILABLE,0,1.54,26.26
jolt.lol,UNAVAILABLE,0,1.54,26.26
jolt.space,UNAVAILABLE,0,1.96,26.26
jolt.pics,UNAVAILABLE,0,1.54,26.26
jolt.quest,AVAILABLE,0,1.54,12.98
jolt.mom,UNAVAILABLE,0,1.54,26.26
jolt.beauty,AVAILABLE,0,1.54,12.98
jolt.beer,AVAILABLE,0,1.54,26.26
jolt.best,AVAILABLE,0,1.72,15.96
jolt.click,AVAILABLE,1,76.94,109.69
jolt.garden,AVAILABLE,0,1.54,26.26
jolt.hair,AVAILABLE,0,1.54,12.98
jolt.monster,AVAILABLE,0,1.54,12.98
jolt.rest,AVAILABLE,0,1.54,26.26
jolt.skin,AVAILABLE,0,1.54,12.98
jolt.surf,AVAILABLE,0,1.54,26.26
jostle.lol,AVAILABLE,0,1.54,26.26
jostle.space,AVAILABLE,1,27.82,109.69
jostle.pics,AVAILABLE,0,1.54,26.26
jostle.quest,AVAILABLE,0,1.54,12.98
jostle.mom,AVAILABLE,0,1.54,26.26
jostle.beauty,AVAILABLE,0,1.54,12.98
jostle.beer,AVAILABLE,0,1.54,26.26
jostle.best,AVAILABLE,0,1.72,15.96
jostle.click,AVAILABLE,0,1.54,10.81
jostle.garden,AVAILABLE,0,1.54,26.26
jostle.hair,AVAILABLE,0,1.54,12.98
jostle.monster,AVAILABLE,0,1.54,12.98
jostle.rest,AVAILABLE,0,1.54,26.26
jostle.skin,AVAILABLE,0,1.54,12.98
jostle.surf,AVAILABLE,0,1.54,26.26
kefir.lol,UNAVAILABLE,0,1.54,26.26
kefir.space,UNAVAILABLE,0,1.96,26.26
kefir.pics,AVAILABLE,0,1.54,26.26
kefir.quest,AVAILABLE,0,1.54,12.98
kefir.mom,AVAILABLE,0,1.54,26.26
kefir.beauty,AVAILABLE,0,1.54,12.98
kefir.beer,AVAILABLE,0,1.54,26.26
kefir.best,AVAILABLE,0,1.72,15.96
kefir.click,AVAILABLE,1,76.94,109.69
kefir.garden,AVAILABLE,0,1.54,26.26
kefir.hair,AVAILABLE,0,1.54,12.98
kefir.monster,AVAILABLE,0,1.54,12.98
kefir.rest,AVAILABLE,0,1.54,26.26
kefir.skin,AVAILABLE,0,1.54,12.98
kefir.surf,AVAILABLE,0,1.54,26.26
kek.lol,UNAVAILABLE,0,1.54,26.26
kek.space,UNAVAILABLE,1,68.75,273.44
kek.pics,AVAILABLE,0,1.54,26.26
kek.quest,AVAILABLE,0,1.54,12.98
kek.mom,UNAVAILABLE,0,1.54,26.26
kek.beauty,UNAVAILABLE,0,1.54,12.98
kek.beer,AVAILABLE,1,44.19,27.82
kek.best,AVAILABLE,0,1.72,15.96
kek.click,AVAILABLE,1,76.94,109.69
kek.garden,UNAVAILABLE,1,44.19,27.82
kek.hair,AVAILABLE,0,1.54,12.98
kek.monster,AVAILABLE,0,1.54,12.98
kek.rest,UNAVAILABLE,0,1.54,26.26
kek.skin,AVAILABLE,0,1.54,12.98
kek.surf,AVAILABLE,1,44.19,27.82
khaki.lol,UNAVAILABLE,0,1.54,26.26
khaki.space,AVAILABLE,1,68.75,273.44
khaki.pics,AVAILABLE,0,1.54,26.26
khaki.quest,AVAILABLE,0,1.54,12.98
khaki.mom,AVAILABLE,0,1.54,26.26
khaki.beauty,AVAILABLE,0,1.54,12.98
khaki.beer,AVAILABLE,0,1.54,26.26
khaki.best,AVAILABLE,0,1.72,15.96
khaki.click,AVAILABLE,1,76.94,109.69
khaki.garden,AVAILABLE,0,1.54,26.26
khaki.hair,AVAILABLE,0,1.54,12.98
khaki.monster,AVAILABLE,0,1.54,12.98
khaki.rest,AVAILABLE,0,1.54,26.26
khaki.skin,AVAILABLE,0,1.54,12.98
khaki.surf,AVAILABLE,0,1.54,26.26
klutz.lol,UNAVAILABLE,0,1.54,26.26
klutz.space,PENDING,0,0.00,0.00
klutz.pics,AVAILABLE,0,1.54,26.26
klutz.quest,AVAILABLE,0,1.54,12.98
klutz.mom,AVAILABLE,0,1.54,26.26
klutz.beauty,AVAILABLE,0,1.54,12.98
klutz.beer,AVAILABLE,0,1.54,26.26
klutz.best,AVAILABLE,0,1.72,15.96
klutz.click,AVAILABLE,1,76.94,109.69
klutz.garden,AVAILABLE,0,1.54,26.26
klutz.hair,AVAILABLE,0,1.54,12.98
klutz.monster,AVAILABLE,0,1.54,12.98
klutz.rest,AVAILABLE,0,1.54,26.26
klutz.skin,AVAILABLE,0,1.54,12.98
klutz.surf,AVAILABLE,0,1.54,26.26
knurl.lol,AVAILABLE,0,1.54,26.26
knurl.space,AVAILABLE,1,27.82,109.69
knurl.pics,AVAILABLE,0,1.54,26.26
knurl.quest,AVAILABLE,0,1.54,12.98
knurl.mom,AVAILABLE,0,1.54,26.26
knurl.beauty,AVAILABLE,0,1.54,12.98
knurl.beer,AVAILABLE,0,1.54,26.26
knurl.best,AVAILABLE,0,1.72,15.96
knurl.click,AVAILABLE,1,76.94,109.69
knurl.garden,AVAILABLE,0,1.54,26.26
knurl.hair,AVAILABLE,0,1.54,12.98
knurl.monster,AVAILABLE,0,1.54,12.98
knurl.rest,AVAILABLE,0,1.54,26.26
knurl.skin,AVAILABLE,0,1.54,12.98
knurl.surf,AVAILABLE,0,1.54,26.26
kolsch.lol,AVAILABLE,0,1.54,26.26
kolsch.space,AVAILABLE,0,1.96,26.26
kolsch.pics,AVAILABLE,0,1.54,26.26
kolsch.quest,AVAILABLE,0,1.54,12.98
kolsch.mom,AVAILABLE,0,1.54,26.26
kolsch.beauty,AVAILABLE,0,1.54,12.98
kolsch.beer,UNAVAILABLE,0,1.54,26.26
kolsch.best,AVAILABLE,0,1.72,15.96
kolsch.click,AVAILABLE,0,1.54,10.81
kolsch.garden,AVAILABLE,0,1.54,26.26
kolsch.hair,AVAILABLE,0,1.54,12.98
kolsch.monster,AVAILABLE,0,1.54,12.98
kolsch.rest,AVAILABLE,0,1.54,26.26
kolsch.skin,AVAILABLE,0,1.54,12.98
kolsch.surf,AVAILABLE,0,1.54,26.26
kombu.lol,PENDING,0,0.00,0.00
kombu.space,UNAVAILABLE,0,1.96,26.26
kombu.pics,PENDING,0,0.00,0.00
kombu.quest,AVAILABLE,0,1.54,12.98
kombu.mom,PENDING,0,0.00,0.00
kombu.beauty,AVAILABLE,0,1.54,12.98
kombu.beer,AVAILABLE,0,1.54,26.26
kombu.best,AVAILABLE,0,1.72,15.96
kombu.click,PENDING,0,0.00,0.00
kombu.garden,AVAILABLE,0,1.54,26.26
kombu.hair,AVAILABLE,0,1.54,12.98
kombu.monster,AVAILABLE,0,1.54,12.98
kombu.rest,PENDING,0,0.00,0.00
kombu.skin,AVAILABLE,0,1.54,12.98
kombu.surf,AVAILABLE,0,1.54,26.26
kooky.lol,UNAVAILABLE,0,1.54,26.26
kooky.space,AVAILABLE,1,27.82,109.69
kooky.pics,AVAILABLE,0,1.54,26.26
kooky.quest,AVAILABLE,0,1.54,12.98
kooky.mom,AVAILABLE,0,1.54,26.26
kooky.beauty,AVAILABLE,0,1.54,12.98
kooky.beer,AVAILABLE,0,1.54,26.26
kooky.best,AVAILABLE,0,1.72,15.96
kooky.click,AVAILABLE,1,76.94,109.69
kooky.garden,AVAILABLE,0,1.54,26.26
kooky.hair,AVAILABLE,0,1.54,12.98
kooky.monster,UNAVAILABLE,0,1.54,12.98
kooky.rest,AVAILABLE,0,1.54,26.26
kooky.skin,AVAILABLE,0,1.54,12.98
kooky.surf,UNAVAILABLE,0,1.54,26.26
kriek.lol,AVAILABLE,0,1.54,26.26
kriek.space,AVAILABLE,1,68.75,273.44
kriek.pics,AVAILABLE,0,1.54,26.26
kriek.quest,AVAILABLE,0,1.54,12.98
kriek.mom,AVAILABLE,0,1.54,26.26
kriek.beauty,AVAILABLE,0,1.54,12.98
kriek.beer,AVAILABLE,0,1.54,26.26
kriek.best,AVAILABLE,0,1.72,15.96
kriek.click,AVAILABLE,0,1.54,10.81
kriek.garden,AVAILABLE,0,1.54,26.26
kriek.hair,AVAILABLE,0,1.54,12.98
kriek.monster,AVAILABLE,0,1.54,12.98
kriek.rest,UNAVAILABLE,0,1.54,26.26
kriek.skin,AVAILABLE,0,1.54,12.98
kriek.surf,AVAILABLE,0,1.54,26.26
kumiss.lol,AVAILABLE,0,1.54,26.26
kumiss.space,AVAILABLE,1,27.82,109.69
kumiss.pics,AVAILABLE,0,1.54,26.26
kumiss.quest,AVAILABLE,0,1.54,12.98
kumiss.mom,AVAILABLE,0,1.54,26.26
kumiss.beauty,AVAILABLE,0,1.54,12.98
kumiss.beer,AVAILABLE,0,1.54,26.26
kumiss.best,AVAILABLE,0,1.72,15.96
kumiss.click,AVAILABLE,0,1.54,10.81
kumiss.garden,AVAILABLE,0,1.54,26.26
kumiss.hair,AVAILABLE,0,1.54,12.98
kumiss.monster,AVAILABLE,0,1.54,12.98
kumiss.rest,AVAILABLE,0,1.54,26.26
kumiss.skin,AVAILABLE,0,1.54,12.98
kumiss.surf,AVAILABLE,0,1.54,26.26
lambic.lol,PENDING,0,0.00,0.00
lambic.space,AVAILABLE,0,1.96,26.26
lambic.pics,PENDING,0,0.00,0.00
lambic.quest,AVAILABLE,0,1.54,12.98
lambic.mom,PENDING,0,0.00,0.00
lambic.beauty,AVAILABLE,0,1.54,12.98
lambic.beer,PENDING,0,0.00,0.00
lambic.best,AVAILABLE,0,1.72,15.96
lambic.click,PENDING,0,0.00,0.00
lambic.garden,PENDING,0,0.00,0.00
lambic.hair,AVAILABLE,0,1.54,12.98
lambic.monster,AVAILABLE,0,1.54,12.98
lambic.rest,PENDING,0,0.00,0.00
lambic.skin,AVAILABLE,0,1.54,12.98
lambic.surf,PENDING,0,0.00,0.00
lanky.lol,PENDING,0,0.00,0.00
lanky.space,AVAILABLE,1,27.82,109.69
lanky.pics,PENDING,0,0.00,0.00
lanky.quest,AVAILABLE,0,1.54,12.98
lanky.mom,PENDING,0,0.00,0.00
lanky.beauty,AVAILABLE,0,1.54,12.98
lanky.beer,AVAILABLE,0,1.54,26.26
lanky.best,AVAILABLE,0,1.72,15.96
lanky.click,PENDING,0,0.00,0.00
lanky.garden,AVAILABLE,0,1.54,26.26
lanky.hair,AVAILABLE,0,1.54,12.98
lanky.monster,AVAILABLE,0,1.54,12.98
lanky.rest,PENDING,0,0.00,0.00
lanky.skin,AVAILABLE,0,1.54,12.98
lanky.surf,AVAILABLE,0,1.54,26.26
largo.lol,UNAVAILABLE,0,1.54,26.26
largo.space,UNAVAILABLE,0,1.96,26.26
largo.pics,AVAILABLE,0,1.54,26.26
largo.quest,AVAILABLE,0,1.54,12.98
largo.mom,AVAILABLE,0,1.54,26.26
largo.beauty,AVAILABLE,0,1.54,12.98
largo.beer,AVAILABLE,0,1.54,26.26
largo.best,AVAILABLE,0,1.72,15.96
largo.click,AVAILABLE,1,76.94,109.69
largo.garden,UNAVAILABLE,0,1.54,26.26
largo.hair,AVAILABLE,0,1.54,12.98
largo.monster,AVAILABLE,0,1.54,12.98
largo.rest,AVAILABLE,0,1.54,26.26
largo.skin,AVAILABLE,0,1.54,12.98
largo.surf,AVAILABLE,0,1.54,26.26
lassi.lol,UNAVAILABLE,0,1.54,26.26
lassi.space,AVAILABLE,0,1.96,26.26
lassi.pics,AVAILABLE,0,1.54,26.26
lassi.quest,AVAILABLE,0,1.54,12.98
lassi.mom,AVAILABLE,0,1.54,26.26
lassi.beauty,AVAILABLE,0,1.54,12.98
lassi.beer,AVAILABLE,0,1.54,26.26
lassi.best,AVAILABLE,0,1.72,15.96
lassi.click,AVAILABLE,0,1.54,10.81
lassi.garden,AVAILABLE,0,1.54,26.26
lassi.hair,AVAILABLE,0,1.54,12.98
lassi.monster,AVAILABLE,0,1.54,12.98
lassi.rest,AVAILABLE,1,69.30,98.77
lassi.skin,AVAILABLE,0,1.54,12.98
lassi.surf,AVAILABLE,0,1.54,26.26
lathe.lol,AVAILABLE,0,1.54,26.26
lathe.space,AVAILABLE,1,136.98,546.35
lathe.pics,AVAILABLE,0,1.54,26.26
lathe.quest,AVAILABLE,0,1.54,12.98
lathe.mom,AVAILABLE,0,1.54,26.26
lathe.beauty,AVAILABLE,0,1.54,12.98
lathe.beer,AVAILABLE,0,1.54,26.26
lathe.best,AVAILABLE,0,1.72,15.96
lathe.click,AVAILABLE,1,76.94,109.69
lathe.garden,AVAILABLE,0,1.54,26.26
lathe.hair,AVAILABLE,0,1.54,12.98
lathe.monster,AVAILABLE,0,1.54,12.98
lathe.rest,AVAILABLE,0,1.54,26.26
lathe.skin,AVAILABLE,0,1.54,12.98
lathe.surf,AVAILABLE,0,1.54,26.26
lenis.lol,AVAILABLE,0,1.54,26.26
lenis.space,AVAILABLE,1,68.75,273.44
lenis.pics,AVAILABLE,0,1.54,26.26
lenis.quest,AVAILABLE,0,1.54,12.98
lenis.mom,AVAILABLE,0,1.54,26.26
lenis.beauty,AVAILABLE,0,1.54,12.98
lenis.beer,AVAILABLE,0,1.54,26.26
lenis.best,AVAILABLE,0,1.72,15.96
lenis.click,AVAILABLE,1,76.94,109.69
lenis.garden,PENDING,0,0.00,0.00
lenis.hair,AVAILABLE,0,1.54,12.98
lenis.monster,AVAILABLE,0,1.54,12.98
lenis.rest,AVAILABLE,0,1.54,26.26
lenis.skin,AVAILABLE,0,1.54,12.98
lenis.surf,PENDING,0,0.00,0.00
lilac.lol,UNAVAILABLE,0,1.54,26.26
lilac.space,UNAVAILABLE,0,1.96,26.26
lilac.pics,UNAVAILABLE,0,1.54,26.26
lilac.quest,UNAVAILABLE,0,1.54,12.98
lilac.mom,AVAILABLE,0,1.54,26.26
lilac.beauty,UNAVAILABLE,0,1.54,12.98
lilac.beer,AVAILABLE,0,1.54,26.26
lilac.best,AVAILABLE,0,1.72,15.96
lilac.click,AVAILABLE,1,76.94,109.69
lilac.garden,UNAVAILABLE,1,87.86,27.82
lilac.hair,AVAILABLE,0,1.54,12.98
lilac.monster,AVAILABLE,0,1.54,12.98
lilac.rest,AVAILABLE,0,1.54,26.26
lilac.skin,AVAILABLE,0,1.54,12.98
lilac.surf,AVAILABLE,0,1.54,26.26
limn.lol,AVAILABLE,0,1.54,26.26
limn.space,UNAVAILABLE,0,1.96,26.26
limn.pics,AVAILABLE,0,1.54,26.26
limn.quest,AVAILABLE,0,1.54,12.98
limn.mom,AVAILABLE,0,1.54,26.26
limn.beauty,AVAILABLE,0,1.54,12.98
limn.beer,AVAILABLE,0,1.54,26.26
limn.best,AVAILABLE,0,1.72,15.96
limn.click,AVAILABLE,1,76.94,109.69
limn.garden,AVAILABLE,0,1.54,26.26
limn.hair,AVAILABLE,0,1.54,12.98
limn.monster,AVAILABLE,0,1.54,12.98
limn.rest,AVAILABLE,0,1.54,26.26
limn.skin,AVAILABLE,0,1.54,12.98
limn.surf,AVAILABLE,0,1.54,26.26
lintel.lol,AVAILABLE,0,1.54,26.26
lintel.space,AVAILABLE,1,27.82,109.69
lintel.pics,AVAILABLE,0,1.54,26.26
lintel.quest,AVAILABLE,0,1.54,12.98
lintel.mom,AVAILABLE,0,1.54,26.26
lintel.beauty,AVAILABLE,0,1.54,12.98
lintel.beer,AVAILABLE,0,1.54,26.26
lintel.best,AVAILABLE,0,1.72,15.96
lintel.click,AVAILABLE,0,1.54,10.81
lintel.garden,AVAILABLE,0,1.54,26.26
lintel.hair,AVAILABLE,0,1.54,12.98
lintel.monster,AVAILABLE,0,1.54,12.98
lintel.rest,AVAILABLE,0,1.54,26.26
lintel.skin,AVAILABLE,0,1.54,12.98
lintel.surf,AVAILABLE,0,1.54,26.26
lisle.lol,AVAILABLE,0,1.54,26.26
lisle.space,AVAILABLE,1,68.75,273.44
lisle.pics,AVAILABLE,0,1.54,26.26
lisle.quest,AVAILABLE,0,1.54,12.98
lisle.mom,AVAILABLE,0,1.54,26.26
lisle.beauty,AVAILABLE,0,1.54,12.98
lisle.beer,AVAILABLE,0,1.54,26.26
lisle.best,AVAILABLE,0,1.72,15.96
lisle.click,AVAILABLE,1,76.94,109.69
lisle.garden,AVAILABLE,0,1.54,26.26
lisle.hair,AVAILABLE,0,1.54,12.98
lisle.monster,AVAILABLE,0,1.54,12.98
lisle.rest,AVAILABLE,0,1.54,26.26
lisle.skin,AVAILABLE,0,1.54,12.98
lisle.surf,AVAILABLE,0,1.54,26.26
lithe.lol,UNAVAILABLE,0,1.54,26.26
lithe.space,AVAILABLE,1,27.82,109.69
lithe.pics,AVAILABLE,0,1.54,26.26
lithe.quest,AVAILABLE,0,1.54,12.98
lithe.mom,AVAILABLE,0,1.54,26.26
lithe.beauty,AVAILABLE,0,1.54,12.98
lithe.beer,AVAILABLE,0,1.54,26.26
lithe.best,AVAILABLE,0,1.72,15.96
lithe.click,AVAILABLE,1,76.94,109.69
lithe.garden,AVAILABLE,0,1.54,26.26
lithe.hair,AVAILABLE,0,1.54,12.98
lithe.monster,AVAILABLE,0,1.54,12.98
lithe.rest,AVAILABLE,0,1.54,26.26
lithe.skin,AVAILABLE,0,1.54,12.98
lithe.surf,AVAILABLE,0,1.54,26.26
livor.lol,AVAILABLE,0,1.54,26.26
livor.space,UNAVAILABLE,0,1.96,26.26
livor.pics,AVAILABLE,0,1.54,26.26
livor.quest,AVAILABLE,0,1.54,12.98
livor.mom,AVAILABLE,0,1.54,26.26
livor.beauty,AVAILABLE,0,1.54,12.98
livor.beer,AVAILABLE,0,1.54,26.26
livor.best,AVAILABLE,0,1.72,15.96
livor.click,AVAILABLE,1,76.94,109.69
livor.garden,AVAILABLE,0,1.54,26.26
livor.hair,AVAILABLE,0,1.54,12.98
livor.monster,AVAILABLE,0,1.54,12.98
livor.rest,AVAILABLE,0,1.54,26.26
livor.skin,AVAILABLE,0,1.54,12.98
livor.surf,AVAILABLE,0,1.54,26.26
loch.lol,UNAVAILABLE,0,1.54,26.26
loch.space,AVAILABLE,1,68.75,273.44
loch.pics,AVAILABLE,0,1.54,26.26
loch.quest,AVAILABLE,0,1.54,12.98
loch.mom,AVAILABLE,0,1.54,26.26
loch.beauty,AVAILABLE,0,1.54,12.98
loch.beer,AVAILABLE,1,44.19,27.82
loch.best,AVAILABLE,0,1.72,15.96
loch.click,AVAILABLE,1,76.94,109.69
loch.garden,UNAVAILABLE,0,1.54,26.26
loch.hair,AVAILABLE,0,1.54,12.98
loch.monster,UNAVAILABLE,0,1.54,12.98
loch.rest,AVAILABLE,0,1.54,26.26
loch.skin,AVAILABLE,0,1.54,12.98
loch.surf,UNAVAILABLE,1,44.19,44.19
loopy.lol,UNAVAILABLE,0,1.54,26.26
loopy.space,UNAVAILABLE,0,1.96,26.26
loopy.pics,UNAVAILABLE,0,1.54,26.26
loopy.quest,AVAILABLE,0,1.54,12.98
loopy.mom,AVAILABLE,0,1.54,26.26
loopy.beauty,AVAILABLE,0,1.54,12.98
loopy.beer,AVAILABLE,0,1.54,26.26
loopy.best,AVAILABLE,0,1.72,15.96
loopy.click,UNAVAILABLE,0,1.54,10.81
loopy.garden,AVAILABLE,0,1.54,26.26
loopy.hair,AVAILABLE,0,1.54,12.98
loopy.monster,AVAILABLE,0,1.54,12.98
loopy.rest,UNAVAILABLE,0,1.54,26.26
loopy.skin,AVAILABLE,0,1.54,12.98
loopy.surf,AVAILABLE,0,1.54,26.26
lope.lol,UNAVAILABLE,0,1.54,26.26
lope.space,AVAILABLE,1,68.75,273.44
lope.pics,AVAILABLE,0,1.54,26.26
lope.quest,AVAILABLE,0,1.54,12.98
lope.mom,AVAILABLE,0,1.54,26.26
lope.beauty,AVAILABLE,0,1.54,12.98
lope.beer,AVAILABLE,0,1.54,26.26
lope.best,AVAILABLE,0,1.72,15.96
lope.click,AVAILABLE,1,76.94,109.69
lope.garden,AVAILABLE,0,1.54,26.26
lope.hair,AVAILABLE,0,1.54,12.98
lope.monster,AVAILABLE,0,1.54,12.98
lope.rest,AVAILABLE,0,1.54,26.26
lope.skin,AVAILABLE,0,1.54,12.98
lope.surf,AVAILABLE,0,1.54,26.26
loquat.lol,AVAILABLE,0,1.54,26.26
loquat.space,AVAILABLE,0,1.96,26.26
loquat.pics,AVAILABLE,0,1.54,26.26
loquat.quest,AVAILABLE,0,1.54,12.98
loquat.mom,AVAILABLE,0,1.54,26.26
loquat.beauty,AVAILABLE,0,1.54,12.98
loquat.beer,AVAILABLE,0,1.54,26.26
loquat.best,AVAILABLE,0,1.72,15.96
loquat.click,AVAILABLE,0,1.54,10.81
loquat.garden,AVAILABLE,1,87.86,27.82
loquat.hair,AVAILABLE,0,1.54,12.98
loquat.monster,AVAILABLE,0,1.54,12.98
loquat.rest,AVAILABLE,0,1.54,26.26
loquat.skin,UNAVAILABLE,0,1.54,12.98
loquat.surf,AVAILABLE,0,1.54,26.26
loupe.lol,AVAILABLE,0,1.54,26.26
loupe.space,AVAILABLE,1,68.75,273.44
loupe.pics,AVAILABLE,0,1.54,26.26
loupe.quest,UNAVAILABLE,0,1.54,12.98
loupe.mom,AVAILABLE,0,1.54,26.26
loupe.beauty,AVAILABLE,0,1.54,12.98
loupe.beer,AVAILABLE,0,1.54,26.26
loupe.best,AVAILABLE,1,76.94,76.94
loupe.click,AVAILABLE,1,76.94,109.69
loupe.garden,AVAILABLE,0,1.54,26.26
loupe.hair,AVAILABLE,0,1.54,12.98
loupe.monster,AVAILABLE,0,1.54,12.98
loupe.rest,AVAILABLE,0,1.54,26.26
loupe.skin,AVAILABLE,0,1.54,12.98
loupe.surf,AVAILABLE,0,1.54,26.26
lout.lol,AVAILABLE,0,1.54,26.26
lout.space,AVAILABLE,1,68.75,273.44
lout.pics,AVAILABLE,0,1.54,26.26
lout.quest,AVAILABLE,0,1.54,12.98
lout.mom,AVAILABLE,0,1.54,26.26
lout.beauty,AVAILABLE,0,1.54,12.98
lout.beer,AVAILABLE,0,1.54,26.26
lout.best,AVAILABLE,0,1.72,15.96
lout.click,AVAILABLE,1,76.94,109.69
lout.garden,UNAVAILABLE,0,1.54,26.26
lout.hair,AVAILABLE,0,1.54,12.98
lout.monster,AVAILABLE,0,1.54,12.98
lout.rest,AVAILABLE,0,1.54,26.26
lout.skin,AVAILABLE,0,1.54,12.98
lout.surf,AVAILABLE,0,1.54,26.26
luau.lol,UNAVAILABLE,0,1.54,26.26
luau.space,PENDING,0,0.00,0.00
luau.pics,AVAILABLE,0,1.54,26.26
luau.quest,AVAILABLE,0,1.54,12.98
luau.mom,AVAILABLE,0,1.54,26.26
luau.beauty,AVAILABLE,0,1.54,12.98
luau.beer,AVAILABLE,1,2183.84,27.82
luau.best,AVAILABLE,0,1.72,15.96
luau.click,AVAILABLE,1,76.94,109.69
luau.garden,AVAILABLE,0,1.54,26.26
luau.hair,AVAILABLE,0,1.54,12.98
luau.monster,AVAILABLE,0,1.54,12.98
luau.rest,AVAILABLE,0,1.54,26.26
luau.skin,AVAILABLE,0,1.54,12.98
luau.surf,AVAILABLE,1,218.86,27.82
lucid.lol,UNAVAILABLE,0,1.54,26.26
lucid.space,UNAVAILABLE,1,273.44,1092.18
lucid.pics,UNAVAILABLE,0,1.54,26.26
lucid.quest,UNAVAILABLE,0,1.54,12.98
lucid.mom,UNAVAILABLE,0,1.54,26.26
lucid.beauty,UNAVAILABLE,0,1.54,12.98
lucid.beer,UNAVAILABLE,0,1.54,26.26
lucid.best,AVAILABLE,0,1.72,15.96
lucid.click,UNAVAILABLE,1,76.94,109.69
lucid.garden,UNAVAILABLE,0,1.54,26.26
lucid.hair,AVAILABLE,0,1.54,12.98
lucid.monster,UNAVAILABLE,0,1.54,12.98
lucid.rest,PENDING,0,0.00,0.00
lucid.skin,UNAVAILABLE,0,1.54,12.98
lucid.surf,AVAILABLE,0,1.54,26.26
lucre.lol,AVAILABLE,0,1.54,26.26
lucre.space,UNAVAILABLE,0,1.96,26.26
lucre.pics,AVAILABLE,0,1.54,26.26
lucre.quest,AVAILABLE,0,1.54,12.98
lucre.mom,AVAILABLE,0,1.54,26.26
lucre.beauty,AVAILABLE,0,1.54,12.98
lucre.beer,AVAILABLE,0,1.54,26.26
lucre.best,AVAILABLE,0,1.72,15.96
lucre.click,AVAILABLE,1,76.94,109.69
lucre.garden,AVAILABLE,0,1.54,26.26
lucre.hair,AVAILABLE,0,1.54,12.98
lucre.monster,AVAILABLE,0,1.54,12.98
lucre.rest,AVAILABLE,0,1.54,26.26
lucre.skin,AVAILABLE,0,1.54,12.98
lucre.surf,AVAILABLE,0,1.54,26.26
lug.lol,UNAVAILABLE,0,1.54,26.26
lug.space,AVAILABLE,1,68.75,273.44
lug.pics,AVAILABLE,0,1.54,26.26
lug.quest,UNAVAILABLE,0,1.54,12.98
lug.mom,AVAILABLE,0,1.54,26.26
lug.beauty,AVAILABLE,0,1.54,12.98
lug.beer,AVAILABLE,1,437.19,27.82
lug.best,AVAILABLE,0,1.72,15.96
lug.click,AVAILABLE,1,382.61,546.35
lug.garden,AVAILABLE,1,437.19,27.82
lug.hair,AVAILABLE,0,1.54,12.98
lug.monster,UNAVAILABLE,0,1.54,12.98
lug.rest,AVAILABLE,0,1.54,26.26
lug.skin,AVAILABLE,0,1.54,12.98
lug.surf,AVAILABLE,1,437.19,27.82
lull.lol,UNAVAILABLE,0,1.54,26.26
lull.space,AVAILABLE,1,68.75,273.44
lull.pics,AVAILABLE,0,1.54,26.26
lull.quest,AVAILABLE,0,1.54,12.98
lull.mom,AVAILABLE,0,1.54,26.26
lull.beauty,UNAVAILABLE,0,1.54,12.98
lull.beer,AVAILABLE,0,1.54,26.26
lull.best,AVAILABLE,0,1.72,15.96
lull.click,AVAILABLE,1,76.94,109.69
lull.garden,UNAVAILABLE,0,1.54,26.26
lull.hair,AVAILABLE,0,1.54,12.98
lull.monster,AVAILABLE,0,1.54,12.98
lull.rest,UNAVAILABLE,0,1.54,26.26
lull.skin,AVAILABLE,0,1.54,12.98
lull.surf,AVAILABLE,0,1.54,26.26
lumen.lol,UNAVAILABLE,0,1.54,26.26
lumen.space,UNAVAILABLE,1,68.75,273.44
lumen.pics,UNAVAILABLE,0,1.54,26.26
lumen.quest,UNAVAILABLE,0,1.54,12.98
lumen.mom,UNAVAILABLE,0,1.54,26.26
lumen.beauty,AVAILABLE,0,1.54,12.98
lumen.beer,AVAILABLE,0,1.54,26.26
lumen.best,UNAVAILABLE,0,1.72,15.96
lumen.click,AVAILABLE,1,76.94,109.69
lumen.garden,UNAVAILABLE,0,1.54,26.26
lumen.hair,AVAILABLE,0,1.54,12.98
lumen.monster,UNAVAILABLE,0,1.54,12.98
lumen.rest,UNAVAILABLE,0,1.54,26.26
lumen.skin,UNAVAILABLE,0,1.54,12.98
lumen.surf,UNAVAILABLE,0,1.54,26.26
lunet.lol,AVAILABLE,0,1.54,26.26
lunet.space,UNAVAILABLE,0,1.96,26.26
lunet.pics,AVAILABLE,0,1.54,26.26
lunet.quest,AVAILABLE,0,1.54,12.98
lunet.mom,AVAILABLE,0,1.54,26.26
lunet.beauty,AVAILABLE,0,1.54,12.98
lunet.beer,AVAILABLE,0,1.54,26.26
lunet.best,AVAILABLE,0,1.72,15.96
lunet.click,AVAILABLE,1,76.94,109.69
lunet.garden,AVAILABLE,0,1.54,26.26
lunet.hair,AVAILABLE,0,1.54,12.98
lunet.monster,AVAILABLE,0,1.54,12.98
lunet.rest,AVAILABLE,0,1.54,26.26
lunet.skin,AVAILABLE,0,1.54,12.98
lunet.surf,AVAILABLE,0,1.54,26.26
lurch.lol,AVAILABLE,0,1.54,26.26
lurch.space,UNAVAILABLE,0,1.96,26.26
lurch.pics,AVAILABLE,0,1.54,26.26
lurch.quest,AVAILABLE,0,1.54,12.98
lurch.mom,AVAILABLE,0,1.54,26.26
lurch.beauty,AVAILABLE,0,1.54,12.98
lurch.beer,AVAILABLE,0,1.54,26.26
lurch.best,AVAILABLE,0,1.72,15.96
lurch.click,AVAILABLE,1,76.94,109.69
lurch.garden,AVAILABLE,0,1.54,26.26
lurch.hair,AVAILABLE,0,1.54,12.98
lurch.monster,AVAILABLE,0,1.54,12.98
lurch.rest,AVAILABLE,0,1.54,26.26
lurch.skin,AVAILABLE,0,1.54,12.98
lurch.surf,AVAILABLE,0,1.54,26.26
lurid.lol,UNAVAILABLE,0,1.54,26.26
lurid.space,AVAILABLE,1,27.82,109.69
lurid.pics,AVAILABLE,0,1.54,26.26
lurid.quest,AVAILABLE,0,1.54,12.98
lurid.mom,AVAILABLE,0,1.54,26.26
lurid.beauty,AVAILABLE,0,1.54,12.98
lurid.beer,AVAILABLE,0,1.54,26.26
lurid.best,AVAILABLE,0,1.72,15.96
lurid.click,AVAILABLE,1,76.94,109.69
lurid.garden,AVAILABLE,0,1.54,26.26
lurid.hair,AVAILABLE,0,1.54,12.98
lurid.monster,AVAILABLE,0,1.54,12.98
lurid.rest,AVAILABLE,0,1.54,26.26
lurid.skin,AVAILABLE,0,1.54,12.98
lurid.surf,AVAILABLE,0,1.54,26.26
lychee.lol,UNAVAILABLE,0,1.54,26.26
lychee.space,UNAVAILABLE,0,1.96,26.26
lychee.pics,AVAILABLE,0,1.54,26.26
lychee.quest,AVAILABLE,0,1.54,12.98
lychee.mom,AVAILABLE,0,1.54,26.26
lychee.beauty,AVAILABLE,0,1.54,12.98
lychee.beer,AVAILABLE,0,1.54,26.26
lychee.best,AVAILABLE,0,1.72,15.96
lychee.click,AVAILABLE,0,1.54,10.81
lychee.garden,UNAVAILABLE,0,1.54,26.26
lychee.hair,AVAILABLE,0,1.54,12.98
lychee.monster,AVAILABLE,0,1.54,12.98
lychee.rest,AVAILABLE,0,1.54,26.26
lychee.skin,AVAILABLE,0,1.54,12.98
lychee.surf,AVAILABLE,0,1.54,26.26
lyra.lol,UNAVAILABLE,0,1.54,26.26
lyra.space,UNAVAILABLE,1,68.75,273.44
lyra.pics,AVAILABLE,0,1.54,26.26
lyra.quest,UNAVAILABLE,0,1.54,12.98
lyra.mom,UNAVAILABLE,0,1.54,26.26
lyra.beauty,UNAVAILABLE,0,1.54,12.98
lyra.beer,AVAILABLE,0,1.54,26.26
lyra.best,UNAVAILABLE,0,1.72,15.96
lyra.click,UNAVAILABLE,1,76.94,109.69
lyra.garden,AVAILABLE,0,1.54,26.26
lyra.hair,UNAVAILABLE,0,1.54,12.98
lyra.monster,UNAVAILABLE,0,1.54,12.98
lyra.rest,UNAVAILABLE,0,1.54,26.26
lyra.skin,UNAVAILABLE,0,1.54,12.98
lyra.surf,UNAVAILABLE,0,1.54,26.26
lysin.lol,AVAILABLE,0,1.54,26.26
lysin.space,AVAILABLE,1,27.82,109.69
lysin.pics,AVAILABLE,0,1.54,26.26
lysin.quest,AVAILABLE,0,1.54,12.98
lysin.mom,AVAILABLE,0,1.54,26.26
lysin.beauty,AVAILABLE,0,1.54,12.98
lysin.beer,AVAILABLE,0,1.54,26.26
lysin.best,AVAILABLE,0,1.72,15.96
lysin.click,AVAILABLE,1,76.94,109.69
lysin.garden,AVAILABLE,0,1.54,26.26
lysin.hair,AVAILABLE,0,1.54,12.98
lysin.monster,AVAILABLE,0,1.54,12.98
lysin.rest,AVAILABLE,0,1.54,26.26
lysin.skin,AVAILABLE,0,1.54,12.98
lysin.surf,AVAILABLE,0,1.54,26.26
maim.lol,AVAILABLE,0,1.54,26.26
maim.space,AVAILABLE,1,27.82,109.69
maim.pics,AVAILABLE,0,1.54,26.26
maim.quest,AVAILABLE,0,1.54,12.98
maim.mom,AVAILABLE,0,1.54,26.26
maim.beauty,AVAILABLE,0,1.54,12.98
maim.beer,AVAILABLE,0,1.54,26.26
maim.best,AVAILABLE,0,1.72,15.96
maim.click,AVAILABLE,1,76.94,109.69
maim.garden,AVAILABLE,0,1.54,26.26
maim.hair,AVAILABLE,0,1.54,12.98
maim.monster,AVAILABLE,0,1.54,12.98
maim.rest,AVAILABLE,0,1.54,26.26
maim.skin,AVAILABLE,0,1.54,12.98
maim.surf,AVAILABLE,0,1.54,26.26
mald.lol,AVAILABLE,0,1.54,26.26
mald.space,AVAILABLE,0,1.96,26.26
mald.pics,AVAILABLE,0,1.54,26.26
mald.quest,AVAILABLE,0,1.54,12.98
mald.mom,AVAILABLE,0,1.54,26.26
mald.beauty,AVAILABLE,0,1.54,12.98
mald.beer,AVAILABLE,0,1.54,26.26
mald.best,AVAILABLE,0,1.72,15.96
mald.click,AVAILABLE,0,1.54,10.81
mald.garden,AVAILABLE,0,1.54,26.26
mald.hair,AVAILABLE,0,1.54,12.98
mald.monster,AVAILABLE,0,1.54,12.98
mald.rest,AVAILABLE,0,1.54,26.26
mald.skin,AVAILABLE,0,1.54,12.98
mald.surf,AVAILABLE,0,1.54,26.26
mangy.lol,AVAILABLE,0,1.54,26.26
mangy.space,AVAILABLE,1,27.82,109.69
mangy.pics,AVAILABLE,0,1.54,26.26
mangy.quest,AVAILABLE,0,1.54,12.98
mangy.mom,AVAILABLE,0,1.54,26.26
mangy.beauty,AVAILABLE,0,1.54,12.98
mangy.beer,AVAILABLE,0,1.54,26.26
mangy.best,AVAILABLE,0,1.72,15.96
mangy.click,AVAILABLE,1,76.94,109.69
mangy.garden,AVAILABLE,0,1.54,26.26
mangy.hair,AVAILABLE,0,1.54,12.98
mangy.monster,AVAILABLE,0,1.54,12.98
mangy.rest,AVAILABLE,0,1.54,26.26
mangy.skin,AVAILABLE,0,1.54,12.98
mangy.surf,AVAILABLE,0,1.54,26.26
manky.lol,AVAILABLE,0,1.54,26.26
manky.space,AVAILABLE,1,27.82,109.69
manky.pics,AVAILABLE,0,1.54,26.26
manky.quest,AVAILABLE,0,1.54,12.98
manky.mom,AVAILABLE,0,1.54,26.26
manky.beauty,AVAILABLE,0,1.54,12.98
manky.beer,AVAILABLE,0,1.54,26.26
manky.best,AVAILABLE,0,1.72,15.96
manky.click,AVAILABLE,1,76.94,109.69
manky.garden,AVAILABLE,0,1.54,26.26
manky.hair,AVAILABLE,0,1.54,12.98
manky.monster,AVAILABLE,0,1.54,12.98
manky.rest,AVAILABLE,0,1.54,26.26
manky.skin,AVAILABLE,0,1.54,12.98
manky.surf,AVAILABLE,0,1.54,26.26
masala.lol,AVAILABLE,0,1.54,26.26
masala.space,UNAVAILABLE,0,1.96,26.26
masala.pics,AVAILABLE,0,1.54,26.26
masala.quest,AVAILABLE,0,1.54,12.98
masala.mom,AVAILABLE,0,1.54,26.26
masala.beauty,AVAILABLE,0,1.54,12.98
masala.beer,AVAILABLE,0,1.54,26.26
masala.best,AVAILABLE,0,1.72,15.96
masala.click,UNAVAILABLE,0,1.54,10.81
masala.garden,UNAVAILABLE,0,1.54,26.26
masala.hair,AVAILABLE,0,1.54,12.98
masala.monster,AVAILABLE,0,1.54,12.98
masala.rest,AVAILABLE,0,1.54,26.26
masala.skin,AVAILABLE,0,1.54,12.98
masala.surf,AVAILABLE,0,1.54,26.26
matte.lol,AVAILABLE,1,710.10,710.10
matte.space,AVAILABLE,1,68.75,273.44
matte.pics,UNAVAILABLE,0,1.54,26.26
matte.quest,AVAILABLE,1,710.10,13.74
matte.mom,AVAILABLE,1,710.10,710.10
matte.beauty,AVAILABLE,1,710.10,710.10
matte.beer,AVAILABLE,0,1.54,26.26
matte.best,AVAILABLE,0,1.72,15.96
matte.click,AVAILABLE,1,76.94,109.69
matte.garden,AVAILABLE,0,1.54,26.26
matte.hair,AVAILABLE,1,710.10,710.10
matte.monster,AVAILABLE,0,1.54,12.98
matte.rest,AVAILABLE,0,1.54,26.26
matte.skin,AVAILABLE,1,710.10,710.10
matte.surf,AVAILABLE,0,1.54,26.26
maul.lol,AVAILABLE,0,1.54,26.26
maul.space,AVAILABLE,1,68.75,273.44
maul.pics,AVAILABLE,0,1.54,26.26
maul.quest,AVAILABLE,0,1.54,12.98
maul.mom,AVAILABLE,0,1.54,26.26
maul.beauty,AVAILABLE,0,1.54,12.98
maul.beer,AVAILABLE,1,44.19,27.82
maul.best,AVAILABLE,0,1.72,15.96
maul.click,AVAILABLE,1,76.94,109.69
maul.garden,AVAILABLE,0,1.54,26.26
maul.hair,AVAILABLE,0,1.54,12.98
maul.monster,AVAILABLE,0,1.54,12.98
maul.rest,AVAILABLE,0,1.54,26.26
maul.skin,AVAILABLE,0,1.54,12.98
maul.surf,AVAILABLE,0,1.54,26.26
mauve.lol,UNAVAILABLE,0,1.54,26.26
mauve.space,AVAILABLE,1,27.82,109.69
mauve.pics,AVAILABLE,0,1.54,26.26
mauve.quest,AVAILABLE,0,1.54,12.98
mauve.mom,AVAILABLE,0,1.54,26.26
mauve.beauty,AVAILABLE,0,1.54,12.98
mauve.beer,UNAVAILABLE,0,1.54,26.26
mauve.best,AVAILABLE,0,1.72,15.96
mauve.click,AVAILABLE,1,76.94,109.69
mauve.garden,AVAILABLE,0,1.54,26.26
mauve.hair,UNAVAILABLE,0,1.54,12.98
mauve.monster,AVAILABLE,0,1.54,12.98
mauve.rest,AVAILABLE,0,1.54,26.26
mauve.skin,AVAILABLE,0,1.54,12.98
mauve.surf,AVAILABLE,0,1.54,26.26
meld.lol,UNAVAILABLE,0,1.54,26.26
meld.space,AVAILABLE,1,136.98,546.35
meld.pics,AVAILABLE,0,1.54,26.26
meld.quest,AVAILABLE,0,1.54,12.98
meld.mom,AVAILABLE,0,1.54,26.26
meld.beauty,AVAILABLE,0,1.54,12.98
meld.beer,PENDING,0,0.00,0.00
meld.best,AVAILABLE,0,1.72,15.96
meld.click,AVAILABLE,1,76.94,109.69
meld.garden,PENDING,0,0.00,0.00
meld.hair,AVAILABLE,0,1.54,12.98
meld.monster,UNAVAILABLE,0,1.54,12.98
meld.rest,AVAILABLE,0,1.54,26.26
meld.skin,AVAILABLE,0,1.54,12.98
meld.surf,PENDING,0,0.00,0.00
meze.lol,PENDING,0,0.00,0.00
meze.space,AVAILABLE,1,27.82,109.69
meze.pics,PENDING,0,0.00,0.00
meze.quest,AVAILABLE,0,1.54,12.98
meze.mom,PENDING,0,0.00,0.00
meze.beauty,AVAILABLE,0,1.54,12.98
meze.beer,AVAILABLE,0,1.54,26.26
meze.best,AVAILABLE,0,1.72,15.96
meze.click,PENDING,0,0.00,0.00
meze.garden,AVAILABLE,0,1.54,26.26
meze.hair,AVAILABLE,0,1.54,12.98
meze.monster,AVAILABLE,0,1.54,12.98
meze.rest,PENDING,0,0.00,0.00
meze.skin,AVAILABLE,0,1.54,12.98
meze.surf,AVAILABLE,0,1.54,26.26
mezzo.lol,AVAILABLE,0,1.54,26.26
mezzo.space,AVAILABLE,1,68.75,273.44
mezzo.pics,AVAILABLE,0,1.54,26.26
mezzo.quest,AVAILABLE,0,1.54,12.98
mezzo.mom,AVAILABLE,0,1.54,26.26
mezzo.beauty,AVAILABLE,0,1.54,12.98
mezzo.beer,AVAILABLE,1,44.19,27.82
mezzo.best,AVAILABLE,0,1.72,15.96
mezzo.click,AVAILABLE,1,76.94,109.69
mezzo.garden,AVAILABLE,0,1.54,26.26
mezzo.hair,AVAILABLE,0,1.54,12.98
mezzo.monster,AVAILABLE,0,1.54,12.98
mezzo.rest,AVAILABLE,0,1.54,26.26
mezzo.skin,AVAILABLE,0,1.54,12.98
mezzo.surf,AVAILABLE,0,1.54,26.26
mirin.lol,AVAILABLE,0,1.54,26.26
mirin.space,AVAILABLE,0,1.96,26.26
mirin.pics,AVAILABLE,0,1.54,26.26
mirin.quest,AVAILABLE,0,1.54,12.98
mirin.mom,AVAILABLE,0,1.54,26.26
mirin.beauty,AVAILABLE,0,1.54,12.98
mirin.beer,AVAILABLE,0,1.54,26.26
mirin.best,AVAILABLE,0,1.72,15.96
mirin.click,AVAILABLE,0,1.54,10.81
mirin.garden,AVAILABLE,0,1.54,26.26
mirin.hair,AVAILABLE,0,1.54,12.98
mirin.monster,AVAILABLE,0,1.54,12.98
mirin.rest,AVAILABLE,0,1.54,26.26
mirin.skin,AVAILABLE,0,1.54,12.98
mirin.surf,AVAILABLE,0,1.54,26.26
mochi.lol,UNAVAILABLE,0,1.54,26.26
mochi.space,AVAILABLE,1,273.44,1092.18
mochi.pics,UNAVAILABLE,0,1.54,26.26
mochi.quest,UNAVAILABLE,0,1.54,12.98
mochi.mom,UNAVAILABLE,0,1.54,26.26
mochi.beauty,AVAILABLE,0,1.54,12.98
mochi.beer,AVAILABLE,0,1.54,26.26
mochi.best,AVAILABLE,0,1.72,15.96
mochi.click,UNAVAILABLE,0,1.54,10.81
mochi.garden,AVAILABLE,0,1.54,26.26
mochi.hair,AVAILABLE,0,1.54,12.98
mochi.monster,UNAVAILABLE,0,1.54,12.98
mochi.rest,AVAILABLE,0,1.54,26.26
mochi.skin,UNAVAILABLE,0,1.54,12.98
mochi.surf,AVAILABLE,0,1.54,26.26
moire.lol,UNAVAILABLE,0,1.54,26.26
moire.space,AVAILABLE,1,27.82,109.69
moire.pics,AVAILABLE,0,1.54,26.26
moire.quest,AVAILABLE,0,1.54,12.98
moire.mom,AVAILABLE,0,1.54,26.26
moire.beauty,AVAILABLE,0,1.54,12.98
moire.beer,AVAILABLE,0,1.54,26.26
moire.best,AVAILABLE,0,1.72,15.96
moire.click,AVAILABLE,1,76.94,109.69
moire.garden,AVAILABLE,0,1.54,26.26
moire.hair,AVAILABLE,0,1.54,12.98
moire.monster,AVAILABLE,0,1.54,12.98
moire.rest,AVAILABLE,0,1.54,26.26
moire.skin,AVAILABLE,0,1.54,12.98
moire.surf,AVAILABLE,0,1.54,26.26
molt.lol,UNAVAILABLE,0,1.54,26.26
molt.space,UNAVAILABLE,1,136.98,546.35
molt.pics,AVAILABLE,0,1.54,26.26
molt.quest,UNAVAILABLE,0,1.54,12.98
molt.mom,UNAVAILABLE,0,1.54,26.26
molt.beauty,UNAVAILABLE,0,1.54,12.98
molt.beer,UNAVAILABLE,0,1.54,26.26
molt.best,UNAVAILABLE,0,1.72,15.96
molt.click,AVAILABLE,1,76.94,109.69
molt.garden,UNAVAILABLE,0,1.54,26.26
molt.hair,UNAVAILABLE,0,1.54,12.98
molt.monster,UNAVAILABLE,0,1.54,12.98
molt.rest,UNAVAILABLE,0,1.54,26.26
molt.skin,UNAVAILABLE,0,1.54,12.98
molt.surf,UNAVAILABLE,0,1.54,26.26
morsel.lol,UNAVAILABLE,0,1.54,26.26
morsel.space,PENDING,0,0.00,0.00
morsel.pics,AVAILABLE,0,1.54,26.26
morsel.quest,UNAVAILABLE,0,1.54,12.98
morsel.mom,AVAILABLE,0,1.54,26.26
morsel.beauty,AVAILABLE,0,1.54,12.98
morsel.beer,AVAILABLE,0,1.54,26.26
morsel.best,AVAILABLE,0,1.72,15.96
morsel.click,AVAILABLE,0,1.54,10.81
morsel.garden,AVAILABLE,0,1.54,26.26
morsel.hair,AVAILABLE,0,1.54,12.98
morsel.monster,UNAVAILABLE,0,1.54,12.98
morsel.rest,AVAILABLE,0,1.54,26.26
morsel.skin,AVAILABLE,0,1.54,12.98
morsel.surf,AVAILABLE,0,1.54,26.26
motif.lol,UNAVAILABLE,0,1.54,26.26
motif.space,UNAVAILABLE,0,1.96,26.26
motif.pics,AVAILABLE,0,1.54,26.26
motif.quest,AVAILABLE,0,1.54,12.98
motif.mom,AVAILABLE,0,1.54,26.26
motif.beauty,AVAILABLE,0,1.54,12.98
motif.beer,AVAILABLE,0,1.54,26.26
motif.best,AVAILABLE,0,1.72,15.96
motif.click,AVAILABLE,1,76.94,109.69
motif.garden,UNAVAILABLE,0,1.54,26.26
motif.hair,AVAILABLE,0,1.54,12.98
motif.monster,AVAILABLE,0,1.54,12.98
motif.rest,UNAVAILABLE,0,1.54,26.26
motif.skin,AVAILABLE,0,1.54,12.98
motif.surf,AVAILABLE,0,1.54,26.26
motley.lol,AVAILABLE,0,1.54,26.26
motley.space,AVAILABLE,1,68.75,273.44
motley.pics,AVAILABLE,0,1.54,26.26
motley.quest,UNAVAILABLE,0,1.54,12.98
motley.mom,AVAILABLE,0,1.54,26.26
motley.beauty,AVAILABLE,0,1.54,12.98
motley.beer,AVAILABLE,0,1.54,26.26
motley.best,AVAILABLE,0,1.72,15.96
motley.click,AVAILABLE,0,1.54,10.81
motley.garden,AVAILABLE,0,1.54,26.26
motley.hair,AVAILABLE,0,1.54,12.98
motley.monster,AVAILABLE,0,1.54,12.98
motley.rest,AVAILABLE,0,1.54,26.26
motley.skin,AVAILABLE,0,1.54,12.98
motley.surf,AVAILABLE,0,1.54,26.26
moue.lol,AVAILABLE,0,1.54,26.26
moue.space,AVAILABLE,1,27.82,109.69
moue.pics,AVAILABLE,0,1.54,26.26
moue.quest,AVAILABLE,0,1.54,12.98
moue.mom,AVAILABLE,0,1.54,26.26
moue.beauty,AVAILABLE,0,1.54,12.98
moue.beer,AVAILABLE,0,1.54,26.26
moue.best,AVAILABLE,0,1.72,15.96
moue.click,AVAILABLE,1,76.94,109.69
moue.garden,AVAILABLE,0,1.54,26.26
moue.hair,AVAILABLE,0,1.54,12.98
moue.monster,AVAILABLE,0,1.54,12.98
moue.rest,AVAILABLE,0,1.54,26.26
moue.skin,AVAILABLE,0,1.54,12.98
moue.surf,AVAILABLE,0,1.54,26.26
mousey.lol,UNAVAILABLE,0,1.54,26.26
mousey.space,AVAILABLE,1,27.82,109.69
mousey.pics,AVAILABLE,0,1.54,26.26
mousey.quest,AVAILABLE,0,1.54,12.98
mousey.mom,AVAILABLE,0,1.54,26.26
mousey.beauty,AVAILABLE,0,1.54,12.98
mousey.beer,AVAILABLE,0,1.54,26.26
mousey.best,AVAILABLE,0,1.72,15.96
mousey.click,UNAVAILABLE,0,1.54,10.81
mousey.garden,AVAILABLE,0,1.54,26.26
mousey.hair,AVAILABLE,0,1.54,12.98
mousey.monster,AVAILABLE,0,1.54,12.98
mousey.rest,AVAILABLE,0,1.54,26.26
mousey.skin,AVAILABLE,0,1.54,12.98
mousey.surf,AVAILABLE,0,1.54,26.26
muddle.lol,AVAILABLE,0,1.54,26.26
muddle.space,PENDING,0,0.00,0.00
muddle.pics,AVAILABLE,0,1.54,26.26
muddle.quest,AVAILABLE,0,1.54,12.98
muddle.mom,AVAILABLE,0,1.54,26.26
muddle.beauty,AVAILABLE,0,1.54,12.98
muddle.beer,AVAILABLE,0,1.54,26.26
muddle.best,AVAILABLE,0,1.72,15.96
muddle.click,AVAILABLE,0,1.54,10.81
muddle.garden,AVAILABLE,0,1.54,26.26
muddle.hair,AVAILABLE,0,1.54,12.98
muddle.monster,AVAILABLE,0,1.54,12.98
muddle.rest,AVAILABLE,0,1.54,26.26
muddle.skin,AVAILABLE,0,1.54,12.98
muddle.surf,AVAILABLE,0,1.54,26.26
mull.lol,UNAVAILABLE,0,1.54,26.26
mull.space,AVAILABLE,1,136.98,546.35
mull.pics,AVAILABLE,0,1.54,26.26
mull.quest,AVAILABLE,0,1.54,12.98
mull.mom,UNAVAILABLE,0,1.54,26.26
mull.beauty,AVAILABLE,0,1.54,12.98
mull.beer,AVAILABLE,0,1.54,26.26
mull.best,AVAILABLE,0,1.72,15.96
mull.click,AVAILABLE,1,76.94,109.69
mull.garden,AVAILABLE,0,1.54,26.26
mull.hair,AVAILABLE,0,1.54,12.98
mull.monster,AVAILABLE,0,1.54,12.98
mull.rest,AVAILABLE,0,1.54,26.26
mull.skin,AVAILABLE,0,1.54,12.98
mull.surf,AVAILABLE,0,1.54,26.26
nacho.lol,UNAVAILABLE,0,1.54,26.26
nacho.space,UNAVAILABLE,0,1.96,26.26
nacho.pics,UNAVAILABLE,0,1.54,26.26
nacho.quest,UNAVAILABLE,0,1.54,12.98
nacho.mom,UNAVAILABLE,0,1.54,26.26
nacho.beauty,AVAILABLE,0,1.54,12.98
nacho.beer,AVAILABLE,0,1.54,26.26
nacho.best,UNAVAILABLE,0,1.72,15.96
nacho.click,UNAVAILABLE,0,1.54,10.81
nacho.garden,AVAILABLE,0,1.54,26.26
nacho.hair,UNAVAILABLE,0,1.54,12.98
nacho.monster,UNAVAILABLE,0,1.54,12.98
nacho.rest,AVAILABLE,0,1.54,26.26
nacho.skin,AVAILABLE,0,1.54,12.98
nacho.surf,AVAILABLE,0,1.54,26.26
naevi.lol,PENDING,0,0.00,0.00
naevi.space,AVAILABLE,0,1.96,26.26
naevi.pics,PENDING,0,0.00,0.00
naevi.quest,PENDING,0,0.00,0.00
naevi.mom,PENDING,0,0.00,0.00
naevi.beauty,PENDING,0,0.00,0.00
naevi.beer,AVAILABLE,0,1.54,26.26
naevi.best,PENDING,0,0.00,0.00
naevi.click,PENDING,0,0.00,0.00
naevi.garden,AVAILABLE,0,1.54,26.26
naevi.hair,PENDING,0,0.00,0.00
naevi.monster,PENDING,0,0.00,0.00
naevi.rest,PENDING,0,0.00,0.00
naevi.skin,PENDING,0,0.00,0.00
naevi.surf,AVAILABLE,0,1.54,26.26
naff.lol,AVAILABLE,0,1.54,26.26
naff.space,AVAILABLE,1,68.75,273.44
naff.pics,AVAILABLE,0,1.54,26.26
naff.quest,AVAILABLE,0,1.54,12.98
naff.mom,AVAILABLE,0,1.54,26.26
naff.beauty,AVAILABLE,0,1.54,12.98
naff.beer,AVAILABLE,0,1.54,26.26
naff.best,AVAILABLE,0,1.72,15.96
naff.click,AVAILABLE,0,1.54,10.81
naff.garden,AVAILABLE,0,1.54,26.26
naff.hair,AVAILABLE,0,1.54,12.98
naff.monster,AVAILABLE,0,1.54,12.98
naff.rest,AVAILABLE,0,1.54,26.26
naff.skin,AVAILABLE,0,1.54,12.98
naff.surf,AVAILABLE,0,1.54,26.26
narky.lol,AVAILABLE,0,1.54,26.26
narky.space,AVAILABLE,0,1.96,26.26
narky.pics,AVAILABLE,0,1.54,26.26
narky.quest,AVAILABLE,0,1.54,12.98
narky.mom,AVAILABLE,0,1.54,26.26
narky.beauty,AVAILABLE,0,1.54,12.98
narky.beer,AVAILABLE,0,1.54,26.26
narky.best,AVAILABLE,0,1.72,15.96
narky.click,AVAILABLE,1,76.94,109.69
narky.garden,AVAILABLE,0,1.54,26.26
narky.hair,AVAILABLE,0,1.54,12.98
narky.monster,AVAILABLE,0,1.54,12.98
narky.rest,AVAILABLE,0,1.54,26.26
narky.skin,AVAILABLE,0,1.54,12.98
narky.surf,AVAILABLE,0,1.54,26.26
natty.lol,PENDING,0,0.00,0.00
natty.space,PENDING,0,0.00,0.00
natty.pics,PENDING,0,0.00,0.00
natty.quest,AVAILABLE,0,1.54,12.98
natty.mom,PENDING,0,0.00,0.00
natty.beauty,AVAILABLE,0,1.54,12.98
natty.beer,UNAVAILABLE,0,1.54,26.26
natty.best,AVAILABLE,0,1.72,15.96
natty.click,PENDING,0,0.00,0.00
natty.garden,AVAILABLE,0,1.54,26.26
natty.hair,AVAILABLE,0,1.54,12.98
natty.monster,AVAILABLE,0,1.54,12.98
natty.rest,PENDING,0,0.00,0.00
natty.skin,AVAILABLE,0,1.54,12.98
natty.surf,AVAILABLE,0,1.54,26.26
negus.lol,UNAVAILABLE,0,1.54,26.26
negus.space,AVAILABLE,1,68.75,273.44
negus.pics,AVAILABLE,0,1.54,26.26
negus.quest,AVAILABLE,0,1.54,12.98
negus.mom,AVAILABLE,0,1.54,26.26
negus.beauty,AVAILABLE,0,1.54,12.98
negus.beer,AVAILABLE,0,1.54,26.26
negus.best,AVAILABLE,0,1.72,15.96
negus.click,AVAILABLE,1,76.94,109.69
negus.garden,AVAILABLE,0,1.54,26.26
negus.hair,AVAILABLE,0,1.54,12.98
negus.monster,AVAILABLE,0,1.54,12.98
negus.rest,AVAILABLE,0,1.54,26.26
negus.skin,AVAILABLE,0,1.54,12.98
negus.surf,AVAILABLE,0,1.54,26.26
nerf.lol,UNAVAILABLE,0,1.54,26.26
nerf.space,AVAILABLE,1,68.75,273.44
nerf.pics,AVAILABLE,0,1.54,26.26
nerf.quest,UNAVAILABLE,0,1.54,12.98
nerf.mom,UNAVAILABLE,0,1.54,26.26
nerf.beauty,AVAILABLE,0,1.54,12.98
nerf.beer,AVAILABLE,0,1.54,26.26
nerf.best,AVAILABLE,0,1.72,15.96
nerf.click,AVAILABLE,0,1.54,10.81
nerf.garden,AVAILABLE,0,1.54,26.26
nerf.hair,AVAILABLE,0,1.54,12.98
nerf.monster,AVAILABLE,0,1.54,12.98
nerf.rest,AVAILABLE,0,1.54,26.26
nerf.skin,AVAILABLE,0,1.54,12.98
nerf.surf,AVAILABLE,0,1.54,26.26
nervy.lol,AVAILABLE,0,1.54,26.26
nervy.space,AVAILABLE,1,27.82,109.69
nervy.pics,AVAILABLE,0,1.54,26.26
nervy.quest,AVAILABLE,0,1.54,12.98
nervy.mom,AVAILABLE,0,1.54,26.26
nervy.beauty,AVAILABLE,0,1.54,12.98
nervy.beer,AVAILABLE,0,1.54,26.26
nervy.best,AVAILABLE,0,1.72,15.96
nervy.click,AVAILABLE,1,76.94,109.69
nervy.garden,AVAILABLE,0,1.54,26.26
nervy.hair,AVAILABLE,0,1.54,12.98
nervy.monster,AVAILABLE,0,1.54,12.98
nervy.rest,AVAILABLE,0,1.54,26.26
nervy.skin,AVAILABLE,0,1.54,12.98
nervy.surf,AVAILABLE,0,1.54,26.26
neume.lol,AVAILABLE,0,1.54,26.26
neume.space,AVAILABLE,1,27.82,109.69
neume.pics,AVAILABLE,0,1.54,26.26
neume.quest,AVAILABLE,0,1.54,12.98
neume.mom,AVAILABLE,0,1.54,26.26
neume.beauty,AVAILABLE,0,1.54,12.98
neume.beer,AVAILABLE,0,1.54,26.26
neume.best,AVAILABLE,0,1.72,15.96
neume.click,AVAILABLE,1,76.94,109.69
neume.garden,AVAILABLE,0,1.54,26.26
neume.hair,AVAILABLE,0,1.54,12.98
neume.monster,AVAILABLE,0,1.54,12.98
neume.rest,AVAILABLE,0,1.54,26.26
neume.skin,AVAILABLE,0,1.54,12.98
neume.surf,AVAILABLE,0,1.54,26.26
newel.lol,AVAILABLE,0,1.54,26.26
newel.space,AVAILABLE,1,27.82,109.69
newel.pics,AVAILABLE,0,1.54,26.26
newel.quest,AVAILABLE,0,1.54,12.98
newel.mom,AVAILABLE,0,1.54,26.26
newel.beauty,AVAILABLE,0,1.54,12.98
newel.beer,AVAILABLE,0,1.54,26.26
newel.best,AVAILABLE,0,1.72,15.96
newel.click,AVAILABLE,1,76.94,109.69
newel.garden,AVAILABLE,0,1.54,26.26
newel.hair,AVAILABLE,0,1.54,12.98
newel.monster,AVAILABLE,0,1.54,12.98
newel.rest,AVAILABLE,0,1.54,26.26
newel.skin,AVAILABLE,0,1.54,12.98
newel.surf,AVAILABLE,0,1.54,26.26
nifty.lol,PENDING,0,0.00,0.00
nifty.space,UNAVAILABLE,0,1.96,26.26
nifty.pics,PENDING,0,0.00,0.00
nifty.quest,AVAILABLE,0,1.54,12.98
nifty.mom,PENDING,0,0.00,0.00
nifty.beauty,AVAILABLE,0,1.54,12.98
nifty.beer,AVAILABLE,0,1.54,26.26
nifty.best,AVAILABLE,0,1.72,15.96
nifty.click,PENDING,0,0.00,0.00
nifty.garden,AVAILABLE,0,1.54,26.26
nifty.hair,AVAILABLE,0,1.54,12.98
nifty.monster,AVAILABLE,0,1.54,12.98
nifty.rest,PENDING,0,0.00,0.00
nifty.skin,AVAILABLE,0,1.54,12.98
nifty.surf,UNAVAILABLE,0,1.54,26.26
nimbi.lol,AVAILABLE,0,1.54,26.26
nimbi.space,AVAILABLE,1,27.82,109.69
nimbi.pics,AVAILABLE,0,1.54,26.26
nimbi.quest,AVAILABLE,0,1.54,12.98
nimbi.mom,AVAILABLE,0,1.54,26.26
nimbi.beauty,AVAILABLE,0,1.54,12.98
nimbi.beer,AVAILABLE,0,1.54,26.26
nimbi.best,AVAILABLE,0,1.72,15.96
nimbi.click,AVAILABLE,1,76.94,109.69
nimbi.garden,AVAILABLE,0,1.54,26.26
nimbi.hair,AVAILABLE,0,1.54,12.98
nimbi.monster,AVAILABLE,0,1.54,12.98
nimbi.rest,AVAILABLE,0,1.54,26.26
nimbi.skin,AVAILABLE,0,1.54,12.98
nimbi.surf,AVAILABLE,0,1.54,26.26
ninny.lol,AVAILABLE,0,1.54,26.26
ninny.space,AVAILABLE,1,27.82,109.69
ninny.pics,AVAILABLE,0,1.54,26.26
ninny.quest,AVAILABLE,0,1.54,12.98
ninny.mom,AVAILABLE,0,1.54,26.26
ninny.beauty,AVAILABLE,0,1.54,12.98
ninny.beer,AVAILABLE,0,1.54,26.26
ninny.best,AVAILABLE,0,1.72,15.96
ninny.click,AVAILABLE,1,76.94,109.69
ninny.garden,AVAILABLE,0,1.54,26.26
ninny.hair,AVAILABLE,0,1.54,12.98
ninny.monster,AVAILABLE,0,1.54,12.98
ninny.rest,AVAILABLE,0,1.54,26.26
ninny.skin,AVAILABLE,0,1.54,12.98
ninny.surf,AVAILABLE,0,1.54,26.26
nitre.lol,AVAILABLE,0,1.54,26.26
nitre.space,UNAVAILABLE,0,1.96,26.26
nitre.pics,AVAILABLE,0,1.54,26.26
nitre.quest,AVAILABLE,0,1.54,12.98
nitre.mom,AVAILABLE,0,1.54,26.26
nitre.beauty,AVAILABLE,0,1.54,12.98
nitre.beer,AVAILABLE,0,1.54,26.26
nitre.best,AVAILABLE,0,1.72,15.96
nitre.click,AVAILABLE,1,76.94,109.69
nitre.garden,AVAILABLE,0,1.54,26.26
nitre.hair,AVAILABLE,0,1.54,12.98
nitre.monster,AVAILABLE,0,1.54,12.98
nitre.rest,AVAILABLE,0,1.54,26.26
nitre.skin,AVAILABLE,0,1.54,12.98
nitre.surf,AVAILABLE,0,1.54,26.26
nitwit.lol,AVAILABLE,0,1.54,26.26
nitwit.space,AVAILABLE,0,1.96,26.26
nitwit.pics,AVAILABLE,0,1.54,26.26
nitwit.quest,AVAILABLE,0,1.54,12.98
nitwit.mom,AVAILABLE,0,1.54,26.26
nitwit.beauty,AVAILABLE,0,1.54,12.98
nitwit.beer,AVAILABLE,0,1.54,26.26
nitwit.best,AVAILABLE,0,1.72,15.96
nitwit.click,AVAILABLE,0,1.54,10.81
nitwit.garden,AVAILABLE,0,1.54,26.26
nitwit.hair,AVAILABLE,0,1.54,12.98
nitwit.monster,AVAILABLE,0,1.54,12.98
nitwit.rest,AVAILABLE,0,1.54,26.26
nitwit.skin,AVAILABLE,0,1.54,12.98
nitwit.surf,AVAILABLE,0,1.54,26.26
nival.lol,AVAILABLE,0,1.54,26.26
nival.space,AVAILABLE,1,68.75,273.44
nival.pics,AVAILABLE,0,1.54,26.26
nival.quest,AVAILABLE,0,1.54,12.98
nival.mom,AVAILABLE,0,1.54,26.26
nival.beauty,AVAILABLE,0,1.54,12.98
nival.beer,AVAILABLE,0,1.54,26.26
nival.best,AVAILABLE,0,1.72,15.96
nival.click,AVAILABLE,1,76.94,109.69
nival.garden,AVAILABLE,0,1.54,26.26
nival.hair,AVAILABLE,0,1.54,12.98
nival.monster,AVAILABLE,0,1.54,12.98
nival.rest,AVAILABLE,0,1.54,26.26
nival.skin,AVAILABLE,0,1.54,12.98
nival.surf,AVAILABLE,0,1.54,26.26
noob.lol,UNAVAILABLE,0,1.54,26.26
noob.space,AVAILABLE,1,273.44,1092.18
noob.pics,UNAVAILABLE,0,1.54,26.26
noob.quest,UNAVAILABLE,0,1.54,12.98
noob.mom,UNAVAILABLE,0,1.54,26.26
noob.beauty,AVAILABLE,0,1.54,12.98
noob.beer,PENDING,0,0.00,0.00
noob.best,AVAILABLE,0,1.72,15.96
noob.click,UNAVAILABLE,0,1.54,10.81
noob.garden,PENDING,0,0.00,0.00
noob.hair,AVAILABLE,0,1.54,12.98
noob.monster,UNAVAILABLE,0,1.54,12.98
noob.rest,AVAILABLE,0,1.54,26.26
noob.skin,AVAILABLE,0,1.54,12.98
noob.surf,PENDING,0,0.00,0.00
nougat.lol,PENDING,0,0.00,0.00
nougat.space,AVAILABLE,0,1.96,26.26
nougat.pics,PENDING,0,0.00,0.00
nougat.quest,PENDING,0,0.00,0.00
nougat.mom,PENDING,0,0.00,0.00
nougat.beauty,PENDING,0,0.00,0.00
nougat.beer,PENDING,0,0.00,0.00
nougat.best,PENDING,0,0.00,0.00
nougat.click,PENDING,0,0.00,0.00
nougat.garden,PENDING,0,0.00,0.00
nougat.hair,PENDING,0,0.00,0.00
nougat.monster,PENDING,0,0.00,0.00
nougat.rest,PENDING,0,0.00,0.00
nougat.skin,PENDING,0,0.00,0.00
nougat.surf,PENDING,0,0.00,0.00
noyau.lol,AVAILABLE,0,1.54,26.26
noyau.space,PENDING,0,0.00,0.00
noyau.pics,AVAILABLE,0,1.54,26.26
noyau.quest,AVAILABLE,0,1.54,12.98
noyau.mom,AVAILABLE,0,1.54,26.26
noyau.beauty,AVAILABLE,0,1.54,12.98
noyau.beer,AVAILABLE,0,1.54,26.26
noyau.best,AVAILABLE,0,1.72,15.96
noyau.click,AVAILABLE,1,76.94,109.69
noyau.garden,AVAILABLE,0,1.54,26.26
noyau.hair,AVAILABLE,0,1.54,12.98
noyau.monster,AVAILABLE,0,1.54,12.98
noyau.rest,AVAILABLE,0,1.54,26.26
noyau.skin,AVAILABLE,0,1.54,12.98
noyau.surf,AVAILABLE,0,1.54,26.26
nubby.lol,UNAVAILABLE,0,1.54,26.26
nubby.space,UNAVAILABLE,0,1.96,15.96
nubby.pics,AVAILABLE,0,1.54,26.26
nubby.quest,AVAILABLE,0,1.54,12.98
nubby.mom,AVAILABLE,0,1.54,26.26
nubby.beauty,AVAILABLE,0,1.54,12.98
nubby.beer,AVAILABLE,0,1.54,26.26
nubby.best,AVAILABLE,0,1.72,15.96
nubby.click,AVAILABLE,1,76.94,109.69
nubby.garden,AVAILABLE,0,1.54,26.26
nubby.hair,AVAILABLE,0,1.54,12.98
nubby.monster,AVAILABLE,0,1.54,12.98
nubby.rest,AVAILABLE,0,1.54,26.26
nubby.skin,AVAILABLE,0,1.54,12.98
nubby.surf,AVAILABLE,0,1.54,26.26
numpty.lol,AVAILABLE,0,1.54,26.26
numpty.space,AVAILABLE,0,1.96,26.26
numpty.pics,AVAILABLE,0,1.54,26.26
numpty.quest,AVAILABLE,0,1.54,12.98
numpty.mom,AVAILABLE,0,1.54,26.26
numpty.beauty,AVAILABLE,0,1.54,12.98
numpty.beer,AVAILABLE,0,1.54,26.26
numpty.best,AVAILABLE,0,1.72,15.96
numpty.click,AVAILABLE,0,1.54,10.81
numpty.garden,AVAILABLE,0,1.54,26.26
numpty.hair,AVAILABLE,0,1.54,12.98
numpty.monster,AVAILABLE,0,1.54,12.98
numpty.rest,AVAILABLE,0,1.54,26.26
numpty.skin,AVAILABLE,0,1.54,12.98
numpty.surf,AVAILABLE,0,1.54,26.26
nutty.lol,UNAVAILABLE,0,1.54,26.26
nutty.space,AVAILABLE,1,68.75,273.44
nutty.pics,AVAILABLE,0,1.54,26.26
nutty.quest,AVAILABLE,0,1.54,12.98
nutty.mom,AVAILABLE,0,1.54,26.26
nutty.beauty,AVAILABLE,0,1.54,12.98
nutty.beer,AVAILABLE,0,1.54,26.26
nutty.best,AVAILABLE,0,1.72,15.96
nutty.click,AVAILABLE,1,76.94,109.69
nutty.garden,UNAVAILABLE,0,1.54,26.26
nutty.hair,AVAILABLE,0,1.54,12.98
nutty.monster,AVAILABLE,0,1.54,12.98
nutty.rest,AVAILABLE,1,138.07,197.02
nutty.skin,AVAILABLE,0,1.54,12.98
nutty.surf,AVAILABLE,0,1.54,26.26
oaf.lol,AVAILABLE,0,1.54,26.26
oaf.space,AVAILABLE,1,68.75,273.44
oaf.pics,AVAILABLE,0,1.54,26.26
oaf.quest,UNAVAILABLE,0,1.54,12.98
oaf.mom,AVAILABLE,0,1.54,26.26
oaf.beauty,AVAILABLE,0,1.54,12.98
oaf.beer,AVAILABLE,1,44.19,27.82
oaf.best,AVAILABLE,0,1.72,15.96
oaf.click,AVAILABLE,1,76.94,109.69
oaf.garden,AVAILABLE,1,44.19,27.82
oaf.hair,AVAILABLE,0,1.54,12.98
oaf.monster,UNAVAILABLE,0,1.54,12.98
oaf.rest,AVAILABLE,0,1.54,26.26
oaf.skin,AVAILABLE,0,1.54,12.98
oaf.surf,AVAILABLE,1,44.19,27.82
ochre.lol,UNAVAILABLE,0,1.54,26.26
ochre.space,UNAVAILABLE,0,1.96,26.26
ochre.pics,AVAILABLE,0,1.54,26.26
ochre.quest,AVAILABLE,0,1.54,12.98
ochre.mom,AVAILABLE,0,1.54,26.26
ochre.beauty,AVAILABLE,0,1.54,12.98
ochre.beer,AVAILABLE,0,1.54,26.26
ochre.best,AVAILABLE,0,1.72,15.96
ochre.click,AVAILABLE,1,76.94,109.69
ochre.garden,AVAILABLE,0,1.54,26.26
ochre.hair,AVAILABLE,0,1.54,12.98
ochre.monster,AVAILABLE,0,1.54,12.98
ochre.rest,AVAILABLE,0,1.54,26.26
ochre.skin,AVAILABLE,0,1.54,12.98
ochre.surf,AVAILABLE,0,1.54,26.26
ogle.lol,UNAVAILABLE,0,1.54,26.26
ogle.space,AVAILABLE,1,68.75,273.44
ogle.pics,AVAILABLE,0,1.54,26.26
ogle.quest,AVAILABLE,0,1.54,12.98
ogle.mom,AVAILABLE,0,1.54,26.26
ogle.beauty,AVAILABLE,0,1.54,12.98
ogle.beer,AVAILABLE,0,1.54,26.26
ogle.best,AVAILABLE,0,1.72,15.96
ogle.click,AVAILABLE,1,76.94,109.69
ogle.garden,AVAILABLE,0,1.54,26.26
ogle.hair,AVAILABLE,0,1.54,12.98
ogle.monster,AVAILABLE,0,1.54,12.98
ogle.rest,AVAILABLE,0,1.54,26.26
ogle.skin,AVAILABLE,0,1.54,12.98
ogle.surf,AVAILABLE,0,1.54,26.26
oleic.lol,AVAILABLE,0,1.54,26.26
oleic.space,AVAILABLE,0,1.96,26.26
oleic.pics,AVAILABLE,0,1.54,26.26
oleic.quest,AVAILABLE,0,1.54,12.98
oleic.mom,AVAILABLE,0,1.54,26.26
oleic.beauty,AVAILABLE,0,1.54,12.98
oleic.beer,AVAILABLE,0,1.54,26.26
oleic.best,AVAILABLE,0,1.72,15.96
oleic.click,AVAILABLE,1,76.94,109.69
oleic.garden,AVAILABLE,0,1.54,26.26
oleic.hair,AVAILABLE,0,1.54,12.98
oleic.monster,AVAILABLE,0,1.54,12.98
oleic.rest,AVAILABLE,0,1.54,26.26
oleic.skin,AVAILABLE,0,1.54,12.98
oleic.surf,AVAILABLE,0,1.54,26.26
ooze.lol,UNAVAILABLE,0,1.54,26.26
ooze.space,AVAILABLE,1,27.82,109.69
ooze.pics,AVAILABLE,0,1.54,26.26
ooze.quest,AVAILABLE,0,1.54,12.98
ooze.mom,AVAILABLE,0,1.54,26.26
ooze.beauty,AVAILABLE,0,1.54,12.98
ooze.beer,AVAILABLE,0,1.54,26.26
ooze.best,AVAILABLE,0,1.72,15.96
ooze.click,AVAILABLE,1,76.94,109.69
ooze.garden,AVAILABLE,0,1.54,26.26
ooze.hair,AVAILABLE,0,1.54,12.98
ooze.monster,AVAILABLE,0,1.54,12.98
ooze.rest,AVAILABLE,0,1.54,26.26
ooze.skin,AVAILABLE,0,1.54,12.98
ooze.surf,AVAILABLE,0,1.54,26.26
opine.lol,UNAVAILABLE,0,1.54,26.26
opine.space,PENDING,0,0.00,0.00
opine.pics,AVAILABLE,0,1.54,26.26
opine.quest,AVAILABLE,0,1.54,12.98
opine.mom,AVAILABLE,0,1.54,26.26
opine.beauty,AVAILABLE,0,1.54,12.98
opine.beer,AVAILABLE,0,1.54,26.26
opine.best,AVAILABLE,0,1.72,15.96
opine.click,AVAILABLE,1,76.94,109.69
opine.garden,AVAILABLE,0,1.54,26.26
opine.hair,AVAILABLE,0,1.54,12.98
opine.monster,UNAVAILABLE,0,1.54,12.98
opine.rest,AVAILABLE,0,1.54,26.26
opine.skin,AVAILABLE,0,1.54,12.98
opine.surf,AVAILABLE,0,1.54,26.26
oread.lol,AVAILABLE,0,1.54,26.26
oread.space,AVAILABLE,1,68.75,273.44
oread.pics,AVAILABLE,0,1.54,26.26
oread.quest,AVAILABLE,0,1.54,12.98
oread.mom,AVAILABLE,0,1.54,26.26
oread.beauty,AVAILABLE,0,1.54,12.98
oread.beer,AVAILABLE,0,1.54,26.26
oread.best,AVAILABLE,0,1.72,15.96
oread.click,AVAILABLE,1,76.94,109.69
oread.garden,AVAILABLE,0,1.54,26.26
oread.hair,AVAILABLE,0,1.54,12.98
oread.monster,AVAILABLE,0,1.54,12.98
oread.rest,AVAILABLE,0,1.54,26.26
oread.skin,AVAILABLE,0,1.54,12.98
oread.surf,AVAILABLE,0,1.54,26.26
orgeat.lol,AVAILABLE,0,1.54,26.26
orgeat.space,AVAILABLE,0,1.96,26.26
orgeat.pics,AVAILABLE,0,1.54,26.26
orgeat.quest,AVAILABLE,0,1.54,12.98
orgeat.mom,AVAILABLE,0,1.54,26.26
orgeat.beauty,AVAILABLE,0,1.54,12.98
orgeat.beer,AVAILABLE,0,1.54,26.26
orgeat.best,AVAILABLE,0,1.72,15.96
orgeat.click,AVAILABLE,0,1.54,10.81
orgeat.garden,AVAILABLE,0,1.54,26.26
orgeat.hair,AVAILABLE,0,1.54,12.98
orgeat.monster,AVAILABLE,0,1.54,12.98
orgeat.rest,AVAILABLE,0,1.54,26.26
orgeat.skin,AVAILABLE,0,1.54,12.98
orgeat.surf,AVAILABLE,0,1.54,26.26
oriel.lol,AVAILABLE,0,1.54,26.26
oriel.space,AVAILABLE,1,68.75,273.44
oriel.pics,AVAILABLE,0,1.54,26.26
oriel.quest,AVAILABLE,0,1.54,12.98
oriel.mom,AVAILABLE,0,1.54,26.26
oriel.beauty,AVAILABLE,0,1.54,12.98
oriel.beer,AVAILABLE,0,1.54,26.26
oriel.best,AVAILABLE,0,1.72,15.96
oriel.click,AVAILABLE,1,76.94,109.69
oriel.garden,AVAILABLE,0,1.54,26.26
oriel.hair,AVAILABLE,0,1.54,12.98
oriel.monster,AVAILABLE,0,1.54,12.98
oriel.rest,AVAILABLE,0,1.54,26.26
oriel.skin,AVAILABLE,0,1.54,12.98
oriel.surf,AVAILABLE,0,1.54,26.26
paean.lol,AVAILABLE,0,1.54,26.26
paean.space,AVAILABLE,1,27.82,109.69
paean.pics,AVAILABLE,0,1.54,26.26
paean.quest,AVAILABLE,0,1.54,12.98
paean.mom,AVAILABLE,0,1.54,26.26
paean.beauty,AVAILABLE,0,1.54,12.98
paean.beer,AVAILABLE,0,1.54,26.26
paean.best,AVAILABLE,0,1.72,15.96
paean.click,AVAILABLE,1,76.94,109.69
paean.garden,AVAILABLE,0,1.54,26.26
paean.hair,AVAILABLE,0,1.54,12.98
paean.monster,AVAILABLE,0,1.54,12.98
paean.rest,AVAILABLE,0,1.54,26.26
paean.skin,AVAILABLE,0,1.54,12.98
paean.surf,AVAILABLE,0,1.54,26.26
paneer.lol,AVAILABLE,0,1.54,26.26
paneer.space,AVAILABLE,0,1.96,26.26
paneer.pics,AVAILABLE,0,1.54,26.26
paneer.quest,AVAILABLE,0,1.54,12.98
paneer.mom,AVAILABLE,0,1.54,26.26
paneer.beauty,AVAILABLE,0,1.54,12.98
paneer.beer,AVAILABLE,0,1.54,26.26
paneer.best,AVAILABLE,0,1.72,15.96
paneer.click,AVAILABLE,0,1.54,10.81
paneer.garden,AVAILABLE,0,1.54,26.26
paneer.hair,AVAILABLE,0,1.54,12.98
paneer.monster,AVAILABLE,0,1.54,12.98
paneer.rest,AVAILABLE,0,1.54,26.26
paneer.skin,AVAILABLE,0,1.54,12.98
paneer.surf,AVAILABLE,0,1.54,26.26
panna.lol,AVAILABLE,0,1.54,26.26
panna.space,AVAILABLE,1,68.75,273.44
panna.pics,AVAILABLE,0,1.54,26.26
panna.quest,AVAILABLE,0,1.54,12.98
panna.mom,AVAILABLE,0,1.54,26.26
panna.beauty,AVAILABLE,0,1.54,12.98
panna.beer,AVAILABLE,0,1.54,26.26
panna.best,UNAVAILABLE,0,1.72,15.96
panna.click,AVAILABLE,1,76.94,109.69
panna.garden,AVAILABLE,0,1.54,26.26
panna.hair,AVAILABLE,0,1.54,12.98
panna.monster,AVAILABLE,0,1.54,12.98
panna.rest,AVAILABLE,0,1.54,26.26
panna.skin,AVAILABLE,0,1.54,12.98
panna.surf,AVAILABLE,0,1.54,26.26
pant.lol,AVAILABLE,0,1.54,26.26
pant.space,AVAILABLE,1,136.98,546.35
pant.pics,AVAILABLE,0,1.54,26.26
pant.quest,AVAILABLE,0,1.54,12.98
pant.mom,AVAILABLE,0,1.54,26.26
pant.beauty,AVAILABLE,0,1.54,12.98
pant.beer,PENDING,0,0.00,0.00
pant.best,AVAILABLE,0,1.72,15.96
pant.click,AVAILABLE,1,76.94,109.69
pant.garden,PENDING,0,0.00,0.00
pant.hair,AVAILABLE,0,1.54,12.98
pant.monster,AVAILABLE,0,1.54,12.98
pant.rest,AVAILABLE,0,1.54,26.26
pant.skin,AVAILABLE,0,1.54,12.98
pant.surf,PENDING,0,0.00,0.00
parch.lol,AVAILABLE,0,1.54,26.26
parch.space,AVAILABLE,1,27.82,109.69
parch.pics,AVAILABLE,0,1.54,26.26
parch.quest,AVAILABLE,0,1.54,12.98
parch.mom,AVAILABLE,0,1.54,26.26
parch.beauty,AVAILABLE,0,1.54,12.98
parch.beer,AVAILABLE,0,1.54,26.26
parch.best,AVAILABLE,0,1.72,15.96
parch.click,AVAILABLE,1,76.94,109.69
parch.garden,AVAILABLE,0,1.54,26.26
parch.hair,AVAILABLE,0,1.54,12.98
parch.monster,AVAILABLE,0,1.54,12.98
parch.rest,AVAILABLE,0,1.54,26.26
parch.skin,AVAILABLE,0,1.54,12.98
parch.surf,AVAILABLE,0,1.54,26.26
pare.lol,UNAVAILABLE,0,1.54,26.26
pare.space,AVAILABLE,1,68.75,273.44
pare.pics,UNAVAILABLE,0,1.54,26.26
pare.quest,AVAILABLE,0,1.54,12.98
pare.mom,AVAILABLE,0,1.54,26.26
pare.beauty,AVAILABLE,0,1.54,12.98
pare.beer,AVAILABLE,0,1.54,26.26
pare.best,AVAILABLE,0,1.72,15.96
pare.click,AVAILABLE,1,76.94,109.69
pare.garden,AVAILABLE,0,1.54,26.26
pare.hair,AVAILABLE,0,1.54,12.98
pare.monster,AVAILABLE,0,1.54,12.98
pare.rest,AVAILABLE,0,1.54,26.26
pare.skin,AVAILABLE,0,1.54,12.98
pare.surf,AVAILABLE,0,1.54,26.26
parry.lol,UNAVAILABLE,0,1.54,26.26
parry.space,AVAILABLE,1,68.75,273.44
parry.pics,AVAILABLE,0,1.54,26.26
parry.quest,AVAILABLE,0,1.54,12.98
parry.mom,AVAILABLE,0,1.54,26.26
parry.beauty,AVAILABLE,0,1.54,12.98
parry.beer,AVAILABLE,0,1.54,26.26
parry.best,AVAILABLE,0,1.72,15.96
parry.click,UNAVAILABLE,0,1.54,10.81
parry.garden,AVAILABLE,0,1.54,26.26
parry.hair,AVAILABLE,0,1.54,12.98
parry.monster,AVAILABLE,0,1.54,12.98
parry.rest,AVAILABLE,0,1.54,26.26
parry.skin,AVAILABLE,0,1.54,12.98
parry.surf,AVAILABLE,0,1.54,26.26
peck.lol,PENDING,0,0.00,0.00
peck.space,UNAVAILABLE,0,1.96,26.26
peck.pics,PENDING,0,0.00,0.00
peck.quest,AVAILABLE,1,710.10,13.74
peck.mom,PENDING,0,0.00,0.00
peck.beauty,AVAILABLE,1,710.10,710.10
peck.beer,PENDING,0,0.00,0.00
peck.best,AVAILABLE,0,1.72,15.96
peck.click,PENDING,0,0.00,0.00
peck.garden,PENDING,0,0.00,0.00
peck.hair,AVAILABLE,1,710.10,710.10
peck.monster,AVAILABLE,0,1.54,12.98
peck.rest,PENDING,0,0.00,0.00
peck.skin,AVAILABLE,1,710.10,710.10
peck.surf,PENDING,0,0.00,0.00
perry.lol,UNAVAILABLE,0,1.54,26.26
perry.space,AVAILABLE,1,136.98,546.35
perry.pics,AVAILABLE,1,710.10,710.10
perry.quest,AVAILABLE,1,710.10,13.74
perry.mom,AVAILABLE,1,710.10,710.10
perry.beauty,AVAILABLE,1,710.10,710.10
perry.beer,UNAVAILABLE,0,1.54,26.26
perry.best,AVAILABLE,0,1.72,15.96
perry.click,UNAVAILABLE,0,1.54,10.81
perry.garden,AVAILABLE,1,44.19,27.82
perry.hair,AVAILABLE,1,710.10,710.10
perry.monster,UNAVAILABLE,0,1.54,12.98
perry.rest,AVAILABLE,0,1.54,26.26
perry.skin,AVAILABLE,1,710.10,710.10
perry.surf,AVAILABLE,1,87.86,27.82
pfft.lol,UNAVAILABLE,0,1.54,26.26
pfft.space,AVAILABLE,0,1.96,26.26
pfft.pics,AVAILABLE,0,1.54,26.26
pfft.quest,UNAVAILABLE,0,1.54,12.98
pfft.mom,AVAILABLE,0,1.54,26.26
pfft.beauty,AVAILABLE,0,1.54,12.98
pfft.beer,AVAILABLE,0,1.54,26.26
pfft.best,AVAILABLE,0,1.72,15.96
pfft.click,AVAILABLE,0,1.54,10.81
pfft.garden,AVAILABLE,0,1.54,26.26
pfft.hair,AVAILABLE,0,1.54,12.98
pfft.monster,AVAILABLE,0,1.54,12.98
pfft.rest,AVAILABLE,0,1.54,26.26
pfft.skin,AVAILABLE,0,1.54,12.98
pfft.surf,AVAILABLE,0,1.54,26.26
phyllo.lol,AVAILABLE,0,1.54,26.26
phyllo.space,AVAILABLE,1,27.82,109.69
phyllo.pics,AVAILABLE,0,1.54,26.26
phyllo.quest,AVAILABLE,0,1.54,12.98
phyllo.mom,AVAILABLE,0,1.54,26.26
phyllo.beauty,AVAILABLE,0,1.54,12.98
phyllo.beer,AVAILABLE,0,1.54,26.26
phyllo.best,AVAILABLE,0,1.72,15.96
phyllo.click,AVAILABLE,0,1.54,10.81
phyllo.garden,AVAILABLE,0,1.54,26.26
phyllo.hair,AVAILABLE,0,1.54,12.98
phyllo.monster,AVAILABLE,0,1.54,12.98
phyllo.rest,AVAILABLE,0,1.54,26.26
phyllo.skin,AVAILABLE,0,1.54,12.98
phyllo.surf,AVAILABLE,0,1.54,26.26
pieta.lol,AVAILABLE,0,1.54,26.26
pieta.space,UNAVAILABLE,0,1.96,26.26
pieta.pics,AVAILABLE,0,1.54,26.26
pieta.quest,PENDING,0,0.00,0.00
pieta.mom,AVAILABLE,0,1.54,26.26
pieta.beauty,PENDING,0,0.00,0.00
pieta.beer,PENDING,0,0.00,0.00
pieta.best,PENDING,0,0.00,0.00
pieta.click,AVAILABLE,1,76.94,109.69
pieta.garden,PENDING,0,0.00,0.00
pieta.hair,PENDING,0,0.00,0.00
pieta.monster,PENDING,0,0.00,0.00
pieta.rest,AVAILABLE,0,1.54,26.26
pieta.skin,PENDING,0,0.00,0.00
pieta.surf,PENDING,0,0.00,0.00
plod.lol,AVAILABLE,0,1.54,26.26
plod.space,AVAILABLE,1,27.82,109.69
plod.pics,AVAILABLE,0,1.54,26.26
plod.quest,AVAILABLE,0,1.54,12.98
plod.mom,AVAILABLE,0,1.54,26.26
plod.beauty,AVAILABLE,0,1.54,12.98
plod.beer,AVAILABLE,0,1.54,26.26
plod.best,AVAILABLE,0,1.72,15.96
plod.click,AVAILABLE,1,76.94,109.69
plod.garden,AVAILABLE,0,1.54,26.26
plod.hair,AVAILABLE,0,1.54,12.98
plod.monster,AVAILABLE,0,1.54,12.98
plod.rest,AVAILABLE,0,1.54,26.26
plod.skin,AVAILABLE,0,1.54,12.98
plod.surf,AVAILABLE,0,1.54,26.26
plonk.lol,UNAVAILABLE,0,1.54,26.26
plonk.space,PENDING,0,0.00,0.00
plonk.pics,AVAILABLE,0,1.54,26.26
plonk.quest,AVAILABLE,0,1.54,12.98
plonk.mom,AVAILABLE,0,1.54,26.26
plonk.beauty,AVAILABLE,0,1.54,12.98
plonk.beer,UNAVAILABLE,0,1.54,26.26
plonk.best,AVAILABLE,0,1.72,15.96
plonk.click,AVAILABLE,1,76.94,109.69
plonk.garden,AVAILABLE,0,1.54,26.26
plonk.hair,AVAILABLE,0,1.54,12.98
plonk.monster,AVAILABLE,0,1.54,12.98
plonk.rest,AVAILABLE,0,1.54,26.26
plonk.skin,AVAILABLE,0,1.54,12.98
plonk.surf,AVAILABLE,0,1.54,26.26
plop.lol,UNAVAILABLE,0,1.54,26.26
plop.space,UNAVAILABLE,0,1.96,26.26
plop.pics,AVAILABLE,0,1.54,26.26
plop.quest,AVAILABLE,0,1.54,12.98
plop.mom,AVAILABLE,0,1.54,26.26
plop.beauty,AVAILABLE,0,1.54,12.98
plop.beer,AVAILABLE,0,1.54,26.26
plop.best,AVAILABLE,0,1.72,15.96
plop.click,AVAILABLE,1,76.94,109.69
plop.garden,AVAILABLE,0,1.54,26.26
plop.hair,AVAILABLE,0,1.54,12.98
plop.monster,AVAILABLE,0,1.54,12.98
plop.rest,AVAILABLE,0,1.54,26.26
plop.skin,AVAILABLE,0,1.54,12.98
plop.surf,AVAILABLE,0,1.54,26.26
plucky.lol,UNAVAILABLE,0,1.54,26.26
plucky.space,AVAILABLE,0,1.96,26.26
plucky.pics,AVAILABLE,1,710.10,710.10
plucky.quest,AVAILABLE,0,1.54,12.98
plucky.mom,AVAILABLE,1,710.10,710.10
plucky.beauty,AVAILABLE,0,1.54,12.98
plucky.beer,PENDING,0,0.00,0.00
plucky.best,AVAILABLE,0,1.72,15.96
plucky.click,AVAILABLE,0,1.54,10.81
plucky.garden,PENDING,0,0.00,0.00
plucky.hair,AVAILABLE,0,1.54,12.98
plucky.monster,UNAVAILABLE,0,1.54,12.98
plucky.rest,AVAILABLE,0,1.54,26.26
plucky.skin,AVAILABLE,0,1.54,12.98
plucky.surf,PENDING,0,0.00,0.00
plumb.lol,UNAVAILABLE,0,1.54,26.26
plumb.space,AVAILABLE,1,136.98,546.35
plumb.pics,AVAILABLE,0,1.54,26.26
plumb.quest,AVAILABLE,0,1.54,12.98
plumb.mom,AVAILABLE,0,1.54,26.26
plumb.beauty,AVAILABLE,0,1.54,12.98
plumb.beer,AVAILABLE,0,1.54,26.26
plumb.best,AVAILABLE,0,1.72,15.96
plumb.click,AVAILABLE,1,76.94,109.69
plumb.garden,AVAILABLE,1,44.19,27.82
plumb.hair,AVAILABLE,0,1.54,12.98
plumb.monster,UNAVAILABLE,0,1.54,12.98
plumb.rest,AVAILABLE,0,1.54,26.26
plumb.skin,AVAILABLE,0,1.54,12.98
plumb.surf,AVAILABLE,0,1.54,26.26
plunk.lol,AVAILABLE,0,1.54,26.26
plunk.space,AVAILABLE,1,68.75,273.44
plunk.pics,AVAILABLE,0,1.54,26.26
plunk.quest,AVAILABLE,0,1.54,12.98
plunk.mom,AVAILABLE,0,1.54,26.26
plunk.beauty,AVAILABLE,0,1.54,12.98
plunk.beer,PENDING,0,0.00,0.00
plunk.best,AVAILABLE,0,1.72,15.96
plunk.click,AVAILABLE,1,76.94,109.69
plunk.garden,PENDING,0,0.00,0.00
plunk.hair,AVAILABLE,0,1.54,12.98
plunk.monster,AVAILABLE,0,1.54,12.98
plunk.rest,AVAILABLE,0,1.54,26.26
plunk.skin,AVAILABLE,0,1.54,12.98
plunk.surf,PENDING,0,0.00,0.00
poise.lol,AVAILABLE,0,1.54,26.26
poise.space,AVAILABLE,1,273.44,1092.18
poise.pics,AVAILABLE,0,1.54,26.26
poise.quest,UNAVAILABLE,0,1.54,12.98
poise.mom,AVAILABLE,0,1.54,26.26
poise.beauty,UNAVAILABLE,0,1.54,12.98
poise.beer,AVAILABLE,0,1.54,26.26
poise.best,AVAILABLE,0,1.72,15.96
poise.click,AVAILABLE,1,382.61,546.35
poise.garden,AVAILABLE,0,1.54,26.26
poise.hair,AVAILABLE,0,1.54,12.98
poise.monster,AVAILABLE,0,1.54,12.98
poise.rest,AVAILABLE,0,1.54,26.26
poise.skin,AVAILABLE,0,1.54,12.98
poise.surf,AVAILABLE,0,1.54,26.26
ponzu.lol,UNAVAILABLE,0,1.54,26.26
ponzu.space,UNAVAILABLE,0,1.96,26.26
ponzu.pics,AVAILABLE,0,1.54,26.26
ponzu.quest,AVAILABLE,0,1.54,12.98
ponzu.mom,AVAILABLE,0,1.54,26.26
ponzu.beauty,AVAILABLE,0,1.54,12.98
ponzu.beer,AVAILABLE,0,1.54,26.26
ponzu.best,AVAILABLE,0,1.72,15.96
ponzu.click,AVAILABLE,0,1.54,10.81
ponzu.garden,AVAILABLE,0,1.54,26.26
ponzu.hair,AVAILABLE,0,1.54,12.98
ponzu.monster,AVAILABLE,0,1.54,12.98
ponzu.rest,AVAILABLE,0,1.54,26.26
ponzu.skin,AVAILABLE,0,1.54,12.98
ponzu.surf,AVAILABLE,0,1.54,26.26
posca.lol,AVAILABLE,0,1.54,26.26
posca.space,AVAILABLE,0,1.96,26.26
posca.pics,AVAILABLE,0,1.54,26.26
posca.quest,AVAILABLE,0,1.54,12.98
posca.mom,AVAILABLE,0,1.54,26.26
posca.beauty,AVAILABLE,0,1.54,12.98
posca.beer,AVAILABLE,0,1.54,26.26
posca.best,AVAILABLE,0,1.72,15.96
posca.click,AVAILABLE,1,76.94,109.69
posca.garden,AVAILABLE,0,1.54,26.26
posca.hair,AVAILABLE,0,1.54,12.98
posca.monster,AVAILABLE,0,1.54,12.98
posca.rest,AVAILABLE,0,1.54,26.26
posca.skin,AVAILABLE,0,1.54,12.98
posca.surf,AVAILABLE,0,1.54,26.26
posset.lol,AVAILABLE,0,1.54,26.26
posset.space,AVAILABLE,0,1.96,26.26
posset.pics,AVAILABLE,0,1.54,26.26
posset.quest,AVAILABLE,0,1.54,12.98
posset.mom,AVAILABLE,0,1.54,26.26
posset.beauty,AVAILABLE,0,1.54,12.98
posset.beer,AVAILABLE,0,1.54,26.26
posset.best,AVAILABLE,0,1.72,15.96
posset.click,AVAILABLE,0,1.54,10.81
posset.garden,AVAILABLE,0,1.54,26.26
posset.hair,AVAILABLE,0,1.54,12.98
posset.monster,AVAILABLE,0,1.54,12.98
posset.rest,AVAILABLE,0,1.54,26.26
posset.skin,AVAILABLE,0,1.54,12.98
posset.surf,AVAILABLE,0,1.54,26.26
prat.lol,AVAILABLE,0,1.54,26.26
prat.space,UNAVAILABLE,0,1.96,26.26
prat.pics,AVAILABLE,0,1.54,26.26
prat.quest,AVAILABLE,0,1.54,12.98
prat.mom,AVAILABLE,0,1.54,26.26
prat.beauty,AVAILABLE,0,1.54,12.98
prat.beer,AVAILABLE,0,1.54,26.26
prat.best,AVAILABLE,0,1.72,15.96
prat.click,AVAILABLE,1,76.94,109.69
prat.garden,AVAILABLE,0,1.54,26.26
prat.hair,AVAILABLE,0,1.54,12.98
prat.monster,AVAILABLE,0,1.54,12.98
prat.rest,AVAILABLE,0,1.54,26.26
prat.skin,AVAILABLE,0,1.54,12.98
prat.surf,AVAILABLE,0,1.54,26.26
preen.lol,AVAILABLE,0,1.54,26.26
preen.space,AVAILABLE,1,68.75,273.44
preen.pics,AVAILABLE,0,1.54,26.26
preen.quest,AVAILABLE,0,1.54,12.98
preen.mom,AVAILABLE,0,1.54,26.26
preen.beauty,UNAVAILABLE,0,1.54,12.98
preen.beer,AVAILABLE,0,1.54,26.26
preen.best,AVAILABLE,0,1.72,15.96
preen.click,AVAILABLE,1,76.94,109.69
preen.garden,AVAILABLE,0,1.54,26.26
preen.hair,AVAILABLE,0,1.54,12.98
preen.monster,AVAILABLE,0,1.54,12.98
preen.rest,AVAILABLE,0,1.54,26.26
preen.skin,AVAILABLE,0,1.54,12.98
preen.surf,AVAILABLE,0,1.54,26.26
prod.lol,UNAVAILABLE,0,1.54,26.26
prod.space,AVAILABLE,1,273.44,1092.18
prod.pics,UNAVAILABLE,0,1.54,26.26
prod.quest,UNAVAILABLE,0,1.54,12.98
prod.mom,UNAVAILABLE,0,1.54,26.26
prod.beauty,AVAILABLE,0,1.54,12.98
prod.beer,AVAILABLE,0,1.54,26.26
prod.best,UNAVAILABLE,0,1.72,15.96
prod.click,AVAILABLE,1,76.94,109.69
prod.garden,UNAVAILABLE,0,1.54,26.26
prod.hair,AVAILABLE,0,1.54,12.98
prod.monster,UNAVAILABLE,0,1.54,12.98
prod.rest,UNAVAILABLE,0,1.54,26.26
prod.skin,AVAILABLE,0,1.54,12.98
prod.surf,AVAILABLE,0,1.54,26.26
prost.lol,AVAILABLE,0,1.54,26.26
prost.space,AVAILABLE,1,68.75,273.44
prost.pics,AVAILABLE,0,1.54,26.26
prost.quest,AVAILABLE,0,1.54,12.98
prost.mom,AVAILABLE,0,1.54,26.26
prost.beauty,UNAVAILABLE,0,1.54,12.98
prost.beer,UNAVAILABLE,0,1.54,26.26
prost.best,UNAVAILABLE,0,1.72,15.96
prost.click,AVAILABLE,1,76.94,109.69
prost.garden,AVAILABLE,0,1.54,26.26
prost.hair,AVAILABLE,0,1.54,12.98
prost.monster,AVAILABLE,0,1.54,12.98
prost.rest,AVAILABLE,0,1.54,26.26
prost.skin,AVAILABLE,0,1.54,12.98
prost.surf,AVAILABLE,0,1.54,26.26
puce.lol,AVAILABLE,0,1.54,26.26
puce.space,AVAILABLE,1,68.75,273.44
puce.pics,AVAILABLE,0,1.54,26.26
puce.quest,AVAILABLE,0,1.54,12.98
puce.mom,AVAILABLE,0,1.54,26.26
puce.beauty,AVAILABLE,0,1.54,12.98
puce.beer,AVAILABLE,0,1.54,26.26
puce.best,AVAILABLE,0,1.72,15.96
puce.click,AVAILABLE,1,76.94,109.69
puce.garden,AVAILABLE,0,1.54,26.26
puce.hair,AVAILABLE,0,1.54,12.98
puce.monster,AVAILABLE,0,1.54,12.98
puce.rest,AVAILABLE,0,1.54,26.26
puce.skin,AVAILABLE,0,1.54,12.98
puce.surf,AVAILABLE,0,1.54,26.26
pulque.lol,AVAILABLE,0,1.54,26.26
pulque.space,AVAILABLE,0,1.96,26.26
pulque.pics,AVAILABLE,0,1.54,26.26
pulque.quest,AVAILABLE,0,1.54,12.98
pulque.mom,AVAILABLE,0,1.54,26.26
pulque.beauty,AVAILABLE,0,1.54,12.98
pulque.beer,AVAILABLE,0,1.54,26.26
pulque.best,AVAILABLE,0,1.72,15.96
pulque.click,AVAILABLE,0,1.54,10.81
pulque.garden,AVAILABLE,0,1.54,26.26
pulque.hair,AVAILABLE,0,1.54,12.98
pulque.monster,AVAILABLE,0,1.54,12.98
pulque.rest,AVAILABLE,0,1.54,26.26
pulque.skin,AVAILABLE,0,1.54,12.98
pulque.surf,AVAILABLE,0,1.54,26.26
putz.lol,PENDING,0,0.00,0.00
putz.space,UNAVAILABLE,0,1.96,26.26
putz.pics,PENDING,0,0.00,0.00
putz.quest,AVAILABLE,0,1.54,12.98
putz.mom,PENDING,0,0.00,0.00
putz.beauty,AVAILABLE,0,1.54,12.98
putz.beer,PENDING,0,0.00,0.00
putz.best,AVAILABLE,0,1.72,15.96
putz.click,PENDING,0,0.00,0.00
putz.garden,PENDING,0,0.00,0.00
putz.hair,AVAILABLE,0,1.54,12.98
putz.monster,AVAILABLE,0,1.54,12.98
putz.rest,PENDING,0,0.00,0.00
putz.skin,AVAILABLE,0,1.54,12.98
putz.surf,PENDING,0,0.00,0.00
qualm.lol,AVAILABLE,0,1.54,26.26
qualm.space,AVAILABLE,1,27.82,109.69
qualm.pics,AVAILABLE,0,1.54,26.26
qualm.quest,UNAVAILABLE,0,1.54,12.98
qualm.mom,AVAILABLE,0,1.54,26.26
qualm.beauty,AVAILABLE,0,1.54,12.98
qualm.beer,AVAILABLE,0,1.54,26.26
qualm.best,AVAILABLE,0,1.72,15.96
qualm.click,AVAILABLE,1,76.94,109.69
qualm.garden,AVAILABLE,0,1.54,26.26
qualm.hair,AVAILABLE,0,1.54,12.98
qualm.monster,AVAILABLE,0,1.54,12.98
qualm.rest,AVAILABLE,0,1.54,26.26
qualm.skin,AVAILABLE,0,1.54,12.98
qualm.surf,AVAILABLE,0,1.54,26.26
quash.lol,UNAVAILABLE,0,1.54,26.26
quash.space,AVAILABLE,1,68.75,273.44
quash.pics,AVAILABLE,0,1.54,26.26
quash.quest,AVAILABLE,0,1.54,12.98
quash.mom,AVAILABLE,0,1.54,26.26
quash.beauty,AVAILABLE,0,1.54,12.98
quash.beer,AVAILABLE,0,1.54,26.26
quash.best,AVAILABLE,0,1.72,15.96
quash.click,AVAILABLE,1,76.94,109.69
quash.garden,AVAILABLE,0,1.54,26.26
quash.hair,AVAILABLE,0,1.54,12.98
quash.monster,AVAILABLE,0,1.54,12.98
quash.rest,AVAILABLE,0,1.54,26.26
quash.skin,AVAILABLE,0,1.54,12.98
quash.surf,AVAILABLE,0,1.54,26.26
quell.lol,UNAVAILABLE,0,1.54,26.26
quell.space,AVAILABLE,1,68.75,273.44
quell.pics,AVAILABLE,0,1.54,26.26
quell.quest,UNAVAILABLE,0,1.54,12.98
quell.mom,UNAVAILABLE,0,1.54,26.26
quell.beauty,AVAILABLE,0,1.54,12.98
quell.beer,AVAILABLE,0,1.54,26.26
quell.best,AVAILABLE,0,1.72,15.96
quell.click,AVAILABLE,1,76.94,109.69
quell.garden,AVAILABLE,0,1.54,26.26
quell.hair,AVAILABLE,0,1.54,12.98
quell.monster,AVAILABLE,0,1.54,12.98
quell.rest,AVAILABLE,0,1.54,26.26
quell.skin,AVAILABLE,0,1.54,12.98
quell.surf,AVAILABLE,0,1.54,26.26
quench.lol,UNAVAILABLE,0,1.54,26.26
quench.space,UNAVAILABLE,0,1.96,26.26
quench.pics,UNAVAILABLE,0,1.54,26.26
quench.quest,AVAILABLE,0,1.54,12.98
quench.mom,AVAILABLE,0,1.54,26.26
quench.beauty,AVAILABLE,0,1.54,12.98
quench.beer,UNAVAILABLE,0,1.54,26.26
quench.best,AVAILABLE,0,1.72,15.96
quench.click,AVAILABLE,0,1.54,10.81
quench.garden,AVAILABLE,0,1.54,26.26
quench.hair,AVAILABLE,0,1.54,12.98
quench.monster,AVAILABLE,0,1.54,12.98
quench.rest,AVAILABLE,0,1.54,26.26
quench.skin,AVAILABLE,0,1.54,12.98
quench.surf,AVAILABLE,0,1.54,26.26
queso.lol,UNAVAILABLE,0,1.54,26.26
queso.space,UNAVAILABLE,0,1.96,26.26
queso.pics,AVAILABLE,0,1.54,26.26
queso.quest,UNAVAILABLE,0,1.54,12.98
queso.mom,AVAILABLE,0,1.54,26.26
queso.beauty,AVAILABLE,0,1.54,12.98
queso.beer,AVAILABLE,0,1.54,26.26
queso.best,AVAILABLE,0,1.72,15.96
queso.click,AVAILABLE,0,1.54,10.81
queso.garden,AVAILABLE,0,1.54,26.26
queso.hair,AVAILABLE,0,1.54,12.98
queso.monster,AVAILABLE,0,1.54,12.98
queso.rest,AVAILABLE,1,344.40,491.77
queso.skin,AVAILABLE,0,1.54,12.98
queso.surf,AVAILABLE,0,1.54,26.26
quid.lol,UNAVAILABLE,0,1.54,26.26
quid.space,AVAILABLE,1,136.98,546.35
quid.pics,AVAILABLE,0,1.54,26.26
quid.quest,AVAILABLE,0,1.54,12.98
quid.mom,AVAILABLE,0,1.54,26.26
quid.beauty,AVAILABLE,0,1.54,12.98
quid.beer,AVAILABLE,0,1.54,26.26
quid.best,UNAVAILABLE,0,1.72,15.96
quid.click,AVAILABLE,1,76.94,109.69
quid.garden,AVAILABLE,0,1.54,26.26
quid.hair,AVAILABLE,0,1.54,12.98
quid.monster,AVAILABLE,0,1.54,12.98
quid.rest,AVAILABLE,0,1.54,26.26
quid.skin,AVAILABLE,0,1.54,12.98
quid.surf,AVAILABLE,0,1.54,26.26
quip.lol,UNAVAILABLE,0,1.54,26.26
quip.space,UNAVAILABLE,0,1.96,26.26
quip.pics,AVAILABLE,0,1.54,26.26
quip.quest,AVAILABLE,0,1.54,12.98
quip.mom,AVAILABLE,0,1.54,26.26
quip.beauty,AVAILABLE,0,1.54,12.98
quip.beer,AVAILABLE,0,1.54,26.26
quip.best,AVAILABLE,0,1.72,15.96
quip.click,UNAVAILABLE,0,1.54,10.81
quip.garden,AVAILABLE,0,1.54,26.26
quip.hair,UNAVAILABLE,0,1.54,12.98
quip.monster,AVAILABLE,0,1.54,12.98
quip.rest,AVAILABLE,0,1.54,26.26
quip.skin,AVAILABLE,0,1.54,12.98
quip.surf,AVAILABLE,0,1.54,26.26
quirk.lol,UNAVAILABLE,0,1.54,26.26
quirk.space,UNAVAILABLE,1,68.75,273.44
quirk.pics,AVAILABLE,0,1.54,26.26
quirk.quest,AVAILABLE,0,1.54,12.98
quirk.mom,AVAILABLE,0,1.54,26.26
quirk.beauty,AVAILABLE,0,1.54,12.98
quirk.beer,AVAILABLE,0,1.54,26.26
quirk.best,AVAILABLE,0,1.72,15.96
quirk.click,AVAILABLE,1,76.94,109.69
quirk.garden,AVAILABLE,0,1.54,26.26
quirk.hair,AVAILABLE,0,1.54,12.98
quirk.monster,AVAILABLE,0,1.54,12.98
quirk.rest,AVAILABLE,0,1.54,26.26
quirk.skin,AVAILABLE,0,1.54,12.98
quirk.surf,AVAILABLE,0,1.54,26.26
ragu.lol,AVAILABLE,0,1.54,26.26
ragu.space,PENDING,0,0.00,0.00
ragu.pics,AVAILABLE,0,1.54,26.26
ragu.quest,PENDING,0,0.00,0.00
ragu.mom,AVAILABLE,0,1.54,26.26
ragu.beauty,PENDING,0,0.00,0.00
ragu.beer,PENDING,0,0.00,0.00
ragu.best,PENDING,0,0.00,0.00
ragu.click,AVAILABLE,0,1.54,10.81
ragu.garden,PENDING,0,0.00,0.00
ragu.hair,PENDING,0,0.00,0.00
ragu.monster,PENDING,0,0.00,0.00
ragu.rest,UNAVAILABLE,0,1.54,26.26
ragu.skin,PENDING,0,0.00,0.00
ragu.surf,PENDING,0,0.00,0.00
raki.lol,AVAILABLE,0,1.54,26.26
raki.space,AVAILABLE,1,136.98,546.35
raki.pics,AVAILABLE,0,1.54,26.26
raki.quest,AVAILABLE,0,1.54,12.98
raki.mom,AVAILABLE,0,1.54,26.26
raki.beauty,AVAILABLE,0,1.54,12.98
raki.beer,AVAILABLE,0,1.54,26.26
raki.best,AVAILABLE,0,1.72,15.96
raki.click,AVAILABLE,1,76.94,109.69
raki.garden,AVAILABLE,0,1.54,26.26
raki.hair,AVAILABLE,0,1.54,12.98
raki.monster,AVAILABLE,0,1.54,12.98
raki.rest,AVAILABLE,0,1.54,26.26
raki.skin,AVAILABLE,0,1.54,12.98
raki.surf,AVAILABLE,0,1.54,26.26
raze.lol,UNAVAILABLE,0,1.54,26.26
raze.space,UNAVAILABLE,0,1.96,26.26
raze.pics,AVAILABLE,0,1.54,26.26
raze.quest,AVAILABLE,0,1.54,12.98
raze.mom,UNAVAILABLE,0,1.54,26.26
raze.beauty,AVAILABLE,0,1.54,12.98
raze.beer,UNAVAILABLE,0,1.54,26.26
raze.best,AVAILABLE,0,1.72,15.96
raze.click,AVAILABLE,1,76.94,109.69
raze.garden,AVAILABLE,0,1.54,26.26
raze.hair,AVAILABLE,0,1.54,12.98
raze.monster,AVAILABLE,0,1.54,12.98
raze.rest,AVAILABLE,0,1.54,26.26
raze.skin,AVAILABLE,0,1.54,12.98
raze.surf,AVAILABLE,0,1.54,26.26
rebar.lol,AVAILABLE,0,1.54,26.26
rebar.space,UNAVAILABLE,0,1.96,26.26
rebar.pics,AVAILABLE,0,1.54,26.26
rebar.quest,AVAILABLE,0,1.54,12.98
rebar.mom,AVAILABLE,0,1.54,26.26
rebar.beauty,AVAILABLE,0,1.54,12.98
rebar.beer,AVAILABLE,0,1.54,26.26
rebar.best,AVAILABLE,0,1.72,15.96
rebar.click,AVAILABLE,1,76.94,109.69
rebar.garden,AVAILABLE,0,1.54,26.26
rebar.hair,AVAILABLE,0,1.54,12.98
rebar.monster,AVAILABLE,0,1.54,12.98
rebar.rest,AVAILABLE,0,1.54,26.26
rebar.skin,AVAILABLE,0,1.54,12.98
rebar.surf,AVAILABLE,0,1.54,26.26
reel.lol,UNAVAILABLE,0,1.54,26.26
reel.space,AVAILABLE,1,273.44,1092.18
reel.pics,UNAVAILABLE,0,1.54,26.26
reel.quest,UNAVAILABLE,0,1.54,12.98
reel.mom,AVAILABLE,0,1.54,26.26
reel.beauty,UNAVAILABLE,0,1.54,12.98
reel.beer,AVAILABLE,0,1.54,26.26
reel.best,UNAVAILABLE,0,1.72,15.96
reel.click,UNAVAILABLE,1,76.94,109.69
reel.garden,UNAVAILABLE,0,1.54,26.26
reel.hair,AVAILABLE,0,1.54,12.98
reel.monster,UNAVAILABLE,0,1.54,12.98
reel.rest,UNAVAILABLE,0,1.54,26.26
reel.skin,AVAILABLE,0,1.54,12.98
reel.surf,AVAILABLE,0,1.54,26.26
rend.lol,UNAVAILABLE,0,1.54,26.26
rend.space,UNAVAILABLE,0,1.96,26.26
rend.pics,AVAILABLE,0,1.54,26.26
rend.quest,AVAILABLE,0,1.54,12.98
rend.mom,AVAILABLE,0,1.54,26.26
rend.beauty,AVAILABLE,0,1.54,12.98
rend.beer,AVAILABLE,0,1.54,26.26
rend.best,AVAILABLE,0,1.72,15.96
rend.click,AVAILABLE,1,76.94,109.69
rend.garden,AVAILABLE,0,1.54,26.26
rend.hair,AVAILABLE,0,1.54,12.98
rend.monster,AVAILABLE,0,1.54,12.98
rend.rest,AVAILABLE,0,1.54,26.26
rend.skin,AVAILABLE,0,1.54,12.98
rend.surf,AVAILABLE,0,1.54,26.26
revel.lol,AVAILABLE,0,1.54,26.26
revel.space,AVAILABLE,1,273.44,1092.18
revel.pics,AVAILABLE,0,1.54,26.26
revel.quest,UNAVAILABLE,0,1.54,12.98
revel.mom,AVAILABLE,0,1.54,26.26
revel.beauty,UNAVAILABLE,0,1.54,12.98
revel.beer,AVAILABLE,0,1.54,26.26
revel.best,AVAILABLE,0,1.72,15.96
revel.click,AVAILABLE,1,382.61,546.35
revel.garden,AVAILABLE,1,873.85,27.82
revel.hair,UNAVAILABLE,0,1.54,12.98
revel.monster,AVAILABLE,0,1.54,12.98
revel.rest,AVAILABLE,0,1.54,26.26
revel.skin,UNAVAILABLE,0,1.54,12.98
revel.surf,AVAILABLE,0,1.54,26.26
revue.lol,AVAILABLE,0,1.54,26.26
revue.space,AVAILABLE,1,136.98,546.35
revue.pics,AVAILABLE,0,1.54,26.26
revue.quest,AVAILABLE,0,1.54,12.98
revue.mom,AVAILABLE,0,1.54,26.26
revue.beauty,AVAILABLE,0,1.54,12.98
revue.beer,AVAILABLE,0,1.54,26.26
revue.best,UNAVAILABLE,0,1.72,15.96
revue.click,AVAILABLE,1,76.94,109.69
revue.garden,AVAILABLE,0,1.54,26.26
revue.hair,AVAILABLE,0,1.54,12.98
revue.monster,AVAILABLE,0,1.54,12.98
revue.rest,AVAILABLE,0,1.54,26.26
revue.skin,AVAILABLE,0,1.54,12.98
revue.surf,AVAILABLE,0,1.54,26.26
rile.lol,AVAILABLE,0,1.54,26.26
rile.space,UNAVAILABLE,0,1.96,26.26
rile.pics,AVAILABLE,0,1.54,26.26
rile.quest,AVAILABLE,0,1.54,12.98
rile.mom,AVAILABLE,0,1.54,26.26
rile.beauty,AVAILABLE,0,1.54,12.98
rile.beer,AVAILABLE,0,1.54,26.26
rile.best,AVAILABLE,0,1.72,15.96
rile.click,AVAILABLE,1,76.94,109.69
rile.garden,AVAILABLE,0,1.54,26.26
rile.hair,AVAILABLE,0,1.54,12.98
rile.monster,AVAILABLE,0,1.54,12.98
rile.rest,AVAILABLE,0,1.54,26.26
rile.skin,AVAILABLE,0,1.54,12.98
rile.surf,AVAILABLE,0,1.54,26.26
rille.lol,AVAILABLE,0,1.54,26.26
rille.space,AVAILABLE,1,27.82,109.69
rille.pics,AVAILABLE,0,1.54,26.26
rille.quest,AVAILABLE,0,1.54,12.98
rille.mom,AVAILABLE,0,1.54,26.26
rille.beauty,AVAILABLE,0,1.54,12.98
rille.beer,AVAILABLE,0,1.54,26.26
rille.best,AVAILABLE,0,1.72,15.96
rille.click,AVAILABLE,1,76.94,109.69
rille.garden,AVAILABLE,0,1.54,26.26
rille.hair,AVAILABLE,0,1.54,12.98
rille.monster,AVAILABLE,0,1.54,12.98
rille.rest,AVAILABLE,0,1.54,26.26
rille.skin,AVAILABLE,0,1.54,12.98
rille.surf,AVAILABLE,0,1.54,26.26
ritzy.lol,AVAILABLE,0,1.54,26.26
ritzy.space,AVAILABLE,1,27.82,109.69
ritzy.pics,AVAILABLE,0,1.54,26.26
ritzy.quest,AVAILABLE,0,1.54,12.98
ritzy.mom,AVAILABLE,0,1.54,26.26
ritzy.beauty,UNAVAILABLE,0,1.54,12.98
ritzy.beer,AVAILABLE,0,1.54,26.26
ritzy.best,AVAILABLE,0,1.72,15.96
ritzy.click,AVAILABLE,1,76.94,109.69
ritzy.garden,AVAILABLE,0,1.54,26.26
ritzy.hair,AVAILABLE,0,1.54,12.98
ritzy.monster,AVAILABLE,0,1.54,12.98
ritzy.rest,AVAILABLE,0,1.54,26.26
ritzy.skin,AVAILABLE,0,1.54,12.98
ritzy.surf,AVAILABLE,0,1.54,26.26
rive.lol,UNAVAILABLE,0,1.54,26.26
rive.space,UNAVAILABLE,0,1.96,26.26
rive.pics,AVAILABLE,0,1.54,26.26
rive.quest,AVAILABLE,0,1.54,12.98
rive.mom,AVAILABLE,0,1.54,26.26
rive.beauty,AVAILABLE,0,1.54,12.98
rive.beer,AVAILABLE,0,1.54,26.26
rive.best,UNAVAILABLE,0,1.72,15.96
rive.click,AVAILABLE,1,76.94,109.69
rive.garden,AVAILABLE,0,1.54,26.26
rive.hair,AVAILABLE,0,1.54,12.98
rive.monster,AVAILABLE,0,1.54,12.98
rive.rest,UNAVAILABLE,0,1.54,26.26
rive.skin,AVAILABLE,0,1.54,12.98
rive.surf,AVAILABLE,0,1.54,26.26
rivet.lol,AVAILABLE,0,1.54,26.26
rivet.space,AVAILABLE,1,136.98,546.35
rivet.pics,AVAILABLE,0,1.54,26.26
rivet.quest,AVAILABLE,0,1.54,12.98
rivet.mom,AVAILABLE,0,1.54,26.26
rivet.beauty,AVAILABLE,0,1.54,12.98
rivet.beer,AVAILABLE,0,1.54,26.26
rivet.best,AVAILABLE,0,1.72,15.96
rivet.click,AVAILABLE,1,76.94,109.69
rivet.garden,AVAILABLE,0,1.54,26.26
rivet.hair,AVAILABLE,0,1.54,12.98
rivet.monster,AVAILABLE,0,1.54,12.98
rivet.rest,AVAILABLE,0,1.54,26.26
rivet.skin,AVAILABLE,0,1.54,12.98
rivet.surf,AVAILABLE,0,1.54,26.26
roil.lol,AVAILABLE,0,1.54,26.26
roil.space,AVAILABLE,1,68.75,273.44
roil.pics,AVAILABLE,0,1.54,26.26
roil.quest,AVAILABLE,0,1.54,12.98
roil.mom,AVAILABLE,0,1.54,26.26
roil.beauty,AVAILABLE,0,1.54,12.98
roil.beer,AVAILABLE,0,1.54,26.26
roil.best,AVAILABLE,0,1.72,15.96
roil.click,AVAILABLE,1,76.94,109.69
roil.garden,AVAILABLE,0,1.54,26.26
roil.hair,AVAILABLE,0,1.54,12.98
roil.monster,AVAILABLE,0,1.54,12.98
roil.rest,AVAILABLE,0,1.54,26.26
roil.skin,AVAILABLE,0,1.54,12.98
roil.surf,AVAILABLE,0,1.54,26.26
rout.lol,PENDING,0,0.00,0.00
rout.space,AVAILABLE,1,136.98,546.35
rout.pics,PENDING,0,0.00,0.00
rout.quest,AVAILABLE,0,1.54,12.98
rout.mom,PENDING,0,0.00,0.00
rout.beauty,AVAILABLE,0,1.54,12.98
rout.beer,AVAILABLE,0,1.54,26.26
rout.best,AVAILABLE,0,1.72,15.96
rout.click,PENDING,0,0.00,0.00
rout.garden,AVAILABLE,0,1.54,26.26
rout.hair,AVAILABLE,0,1.54,12.98
rout.monster,AVAILABLE,0,1.54,12.98
rout.rest,PENDING,0,0.00,0.00
rout.skin,AVAILABLE,0,1.54,12.98
rout.surf,AVAILABLE,0,1.54,26.26
roux.lol,AVAILABLE,0,1.54,26.26
roux.space,AVAILABLE,1,68.75,273.44
roux.pics,AVAILABLE,0,1.54,26.26
roux.quest,AVAILABLE,0,1.54,12.98
roux.mom,AVAILABLE,0,1.54,26.26
roux.beauty,AVAILABLE,0,1.54,12.98
roux.beer,AVAILABLE,0,1.54,26.26
roux.best,AVAILABLE,0,1.72,15.96
roux.click,AVAILABLE,1,76.94,109.69
roux.garden,AVAILABLE,0,1.54,26.26
roux.hair,AVAILABLE,0,1.54,12.98
roux.monster,AVAILABLE,0,1.54,12.98
roux.rest,AVAILABLE,0,1.54,26.26
roux.skin,AVAILABLE,0,1.54,12.98
roux.surf,AVAILABLE,0,1.54,26.26
rove.lol,UNAVAILABLE,0,1.54,26.26
rove.space,UNAVAILABLE,0,1.96,26.26
rove.pics,AVAILABLE,0,1.54,26.26
rove.quest,UNAVAILABLE,0,1.54,12.98
rove.mom,AVAILABLE,0,1.54,26.26
rove.beauty,UNAVAILABLE,0,1.54,12.98
rove.beer,UNAVAILABLE,0,1.54,26.26
rove.best,AVAILABLE,0,1.72,15.96
rove.click,AVAILABLE,1,76.94,109.69
rove.garden,UNAVAILABLE,0,1.54,26.26
rove.hair,AVAILABLE,0,1.54,12.98
rove.monster,AVAILABLE,0,1.54,12.98
rove.rest,AVAILABLE,0,1.54,26.26
rove.skin,AVAILABLE,0,1.54,12.98
rove.surf,AVAILABLE,0,1.54,26.26
ruana.lol,AVAILABLE,0,1.54,26.26
ruana.space,UNAVAILABLE,0,1.96,26.26
ruana.pics,AVAILABLE,0,1.54,26.26
ruana.quest,AVAILABLE,0,1.54,12.98
ruana.mom,AVAILABLE,0,1.54,26.26
ruana.beauty,AVAILABLE,0,1.54,12.98
ruana.beer,AVAILABLE,0,1.54,26.26
ruana.best,AVAILABLE,0,1.72,15.96
ruana.click,AVAILABLE,1,76.94,109.69
ruana.garden,AVAILABLE,0,1.54,26.26
ruana.hair,AVAILABLE,0,1.54,12.98
ruana.monster,AVAILABLE,0,1.54,12.98
ruana.rest,AVAILABLE,0,1.54,26.26
ruana.skin,AVAILABLE,0,1.54,12.98
ruana.surf,AVAILABLE,0,1.54,26.26
rube.lol,AVAILABLE,0,1.54,26.26
rube.space,AVAILABLE,1,68.75,273.44
rube.pics,AVAILABLE,0,1.54,26.26
rube.quest,AVAILABLE,0,1.54,12.98
rube.mom,AVAILABLE,0,1.54,26.26
rube.beauty,AVAILABLE,0,1.54,12.98
rube.beer,AVAILABLE,0,1.54,26.26
rube.best,AVAILABLE,0,1.72,15.96
rube.click,AVAILABLE,1,76.94,109.69
rube.garden,AVAILABLE,0,1.54,26.26
rube.hair,AVAILABLE,0,1.54,12.98
rube.monster,AVAILABLE,0,1.54,12.98
rube.rest,AVAILABLE,0,1.54,26.26
rube.skin,AVAILABLE,0,1.54,12.98
rube.surf,AVAILABLE,0,1.54,26.26
rufous.lol,AVAILABLE,0,1.54,26.26
rufous.space,AVAILABLE,1,27.82,109.69
rufous.pics,AVAILABLE,0,1.54,26.26
rufous.quest,AVAILABLE,0,1.54,12.98
rufous.mom,AVAILABLE,0,1.54,26.26
rufous.beauty,AVAILABLE,0,1.54,12.98
rufous.beer,AVAILABLE,0,1.54,26.26
rufous.best,AVAILABLE,0,1.72,15.96
rufous.click,AVAILABLE,0,1.54,10.81
rufous.garden,AVAILABLE,0,1.54,26.26
rufous.hair,AVAILABLE,0,1.54,12.98
rufous.monster,AVAILABLE,0,1.54,12.98
rufous.rest,AVAILABLE,0,1.54,26.26
rufous.skin,AVAILABLE,0,1.54,12.98
rufous.surf,AVAILABLE,0,1.54,26.26
rump.lol,AVAILABLE,0,1.54,26.26
rump.space,AVAILABLE,1,68.75,273.44
rump.pics,UNAVAILABLE,0,1.54,26.26
rump.quest,AVAILABLE,0,1.54,12.98
rump.mom,AVAILABLE,0,1.54,26.26
rump.beauty,AVAILABLE,0,1.54,12.98
rump.beer,UNAVAILABLE,0,1.54,26.26
rump.best,AVAILABLE,0,1.72,15.96
rump.click,AVAILABLE,1,76.94,109.69
rump.garden,AVAILABLE,0,1.54,26.26
rump.hair,AVAILABLE,0,1.54,12.98
rump.monster,AVAILABLE,0,1.54,12.98
rump.rest,AVAILABLE,0,1.54,26.26
rump.skin,AVAILABLE,0,1.54,12.98
rump.surf,AVAILABLE,0,1.54,26.26
sable.lol,UNAVAILABLE,0,1.54,26.26
sable.space,AVAILABLE,1,136.98,546.35
sable.pics,AVAILABLE,0,1.54,26.26
sable.quest,AVAILABLE,0,1.54,12.98
sable.mom,AVAILABLE,0,1.54,26.26
sable.beauty,UNAVAILABLE,0,1.54,12.98
sable.beer,AVAILABLE,0,1.54,26.26
sable.best,UNAVAILABLE,0,1.72,15.96
sable.click,AVAILABLE,1,76.94,109.69
sable.garden,AVAILABLE,0,1.54,26.26
sable.hair,AVAILABLE,0,1.54,12.98
sable.monster,AVAILABLE,0,1.54,12.98
sable.rest,UNAVAILABLE,0,1.54,26.26
sable.skin,UNAVAILABLE,0,1.54,12.98
sable.surf,AVAILABLE,0,1.54,26.26
saison.lol,AVAILABLE,0,1.54,26.26
saison.space,UNAVAILABLE,0,1.96,26.26
saison.pics,AVAILABLE,0,1.54,26.26
saison.quest,AVAILABLE,0,1.54,12.98
saison.mom,AVAILABLE,0,1.54,26.26
saison.beauty,AVAILABLE,0,1.54,12.98
saison.beer,UNAVAILABLE,0,1.54,26.26
saison.best,AVAILABLE,0,1.72,15.96
saison.click,AVAILABLE,0,1.54,10.81
saison.garden,AVAILABLE,0,1.54,26.26
saison.hair,AVAILABLE,0,1.54,12.98
saison.monster,AVAILABLE,0,1.54,12.98
saison.rest,AVAILABLE,0,1.54,26.26
saison.skin,AVAILABLE,0,1.54,12.98
saison.surf,AVAILABLE,0,1.54,26.26
salut.lol,UNAVAILABLE,0,1.54,26.26
salut.space,UNAVAILABLE,1,68.75,273.44
salut.pics,AVAILABLE,0,1.54,26.26
salut.quest,AVAILABLE,0,1.54,12.98
salut.mom,AVAILABLE,0,1.54,26.26
salut.beauty,UNAVAILABLE,0,1.54,12.98
salut.beer,AVAILABLE,0,1.54,26.26
salut.best,AVAILABLE,0,1.72,15.96
salut.click,AVAILABLE,0,1.54,10.81
salut.garden,AVAILABLE,0,1.54,26.26
salut.hair,AVAILABLE,0,1.54,12.98
salut.monster,AVAILABLE,0,1.54,12.98
salut.rest,AVAILABLE,0,1.54,26.26
salut.skin,AVAILABLE,0,1.54,12.98
salut.surf,AVAILABLE,0,1.54,26.26
sambal.lol,AVAILABLE,0,1.54,26.26
sambal.space,AVAILABLE,0,1.96,26.26
sambal.pics,AVAILABLE,0,1.54,26.26
sambal.quest,AVAILABLE,0,1.54,12.98
sambal.mom,AVAILABLE,0,1.54,26.26
sambal.beauty,AVAILABLE,0,1.54,12.98
sambal.beer,AVAILABLE,0,1.54,26.26
sambal.best,AVAILABLE,0,1.72,15.96
sambal.click,AVAILABLE,0,1.54,10.81
sambal.garden,AVAILABLE,0,1.54,26.26
sambal.hair,AVAILABLE,0,1.54,12.98
sambal.monster,AVAILABLE,0,1.54,12.98
sambal.rest,AVAILABLE,0,1.54,26.26
sambal.skin,AVAILABLE,0,1.54,12.98
sambal.surf,AVAILABLE,0,1.54,26.26
satay.lol,PENDING,0,0.00,0.00
satay.space,AVAILABLE,1,27.82,109.69
satay.pics,PENDING,0,0.00,0.00
satay.quest,AVAILABLE,0,1.54,12.98
satay.mom,PENDING,0,0.00,0.00
satay.beauty,AVAILABLE,0,1.54,12.98
satay.beer,PENDING,0,0.00,0.00
satay.best,UNAVAILABLE,0,1.72,15.96
satay.click,PENDING,0,0.00,0.00
satay.garden,PENDING,0,0.00,0.00
satay.hair,AVAILABLE,0,1.54,12.98
satay.monster,AVAILABLE,0,1.54,12.98
satay.rest,PENDING,0,0.00,0.00
satay.skin,AVAILABLE,0,1.54,12.98
satay.surf,PENDING,0,0.00,0.00
sate.lol,AVAILABLE,0,1.54,26.26
sate.space,UNAVAILABLE,0,1.96,26.26
sate.pics,UNAVAILABLE,0,1.54,26.26
sate.quest,AVAILABLE,0,1.54,12.98
sate.mom,AVAILABLE,0,1.54,26.26
sate.beauty,AVAILABLE,0,1.54,12.98
sate.beer,AVAILABLE,0,1.54,26.26
sate.best,AVAILABLE,0,1.72,15.96
sate.click,AVAILABLE,1,76.94,109.69
sate.garden,AVAILABLE,0,1.54,26.26
sate.hair,AVAILABLE,0,1.54,12.98
sate.monster,AVAILABLE,0,1.54,12.98
sate.rest,AVAILABLE,0,1.54,26.26
sate.skin,AVAILABLE,0,1.54,12.98
sate.surf,AVAILABLE,0,1.54,26.26
schmo.lol,AVAILABLE,0,1.54,26.26
schmo.space,AVAILABLE,1,27.82,109.69
schmo.pics,AVAILABLE,0,1.54,26.26
schmo.quest,AVAILABLE,0,1.54,12.98
schmo.mom,AVAILABLE,0,1.54,26.26
schmo.beauty,AVAILABLE,0,1.54,12.98
schmo.beer,AVAILABLE,0,1.54,26.26
schmo.best,AVAILABLE,0,1.72,15.96
schmo.click,AVAILABLE,1,76.94,109.69
schmo.garden,AVAILABLE,0,1.54,26.26
schmo.hair,AVAILABLE,0,1.54,12.98
schmo.monster,AVAILABLE,0,1.54,12.98
schmo.rest,AVAILABLE,0,1.54,26.26
schmo.skin,AVAILABLE,0,1.54,12.98
schmo.surf,AVAILABLE,0,1.54,26.26
sconce.lol,PENDING,0,0.00,0.00
sconce.space,AVAILABLE,1,68.75,273.44
sconce.pics,PENDING,0,0.00,0.00
sconce.quest,AVAILABLE,0,1.54,12.98
sconce.mom,PENDING,0,0.00,0.00
sconce.beauty,AVAILABLE,0,1.54,12.98
sconce.beer,AVAILABLE,0,1.54,26.26
sconce.best,AVAILABLE,0,1.72,15.96
sconce.click,PENDING,0,0.00,0.00
sconce.garden,AVAILABLE,0,1.54,26.26
sconce.hair,AVAILABLE,0,1.54,12.98
sconce.monster,AVAILABLE,0,1.54,12.98
sconce.rest,PENDING,0,0.00,0.00
sconce.skin,AVAILABLE,0,1.54,12.98
sconce.surf,AVAILABLE,0,1.54,26.26
scour.lol,AVAILABLE,0,1.54,26.26
scour.space,AVAILABLE,0,1.96,26.26
scour.pics,AVAILABLE,0,1.54,26.26
scour.quest,UNAVAILABLE,0,1.54,12.98
scour.mom,AVAILABLE,0,1.54,26.26
scour.beauty,AVAILABLE,0,1.54,12.98
scour.beer,AVAILABLE,0,1.54,26.26
scour.best,AVAILABLE,0,1.72,15.96
scour.click,AVAILABLE,1,76.94,109.69
scour.garden,AVAILABLE,0,1.54,26.26
scour.hair,AVAILABLE,0,1.54,12.98
scour.monster,AVAILABLE,0,1.54,12.98
scour.rest,AVAILABLE,0,1.54,26.26
scour.skin,AVAILABLE,0,1.54,12.98
scour.surf,AVAILABLE,0,1.54,26.26
scuff.lol,AVAILABLE,0,1.54,26.26
scuff.space,AVAILABLE,1,27.82,109.69
scuff.pics,AVAILABLE,0,1.54,26.26
scuff.quest,AVAILABLE,0,1.54,12.98
scuff.mom,AVAILABLE,0,1.54,26.26
scuff.beauty,AVAILABLE,0,1.54,12.98
scuff.beer,AVAILABLE,0,1.54,26.26
scuff.best,AVAILABLE,0,1.72,15.96
scuff.click,AVAILABLE,1,76.94,109.69
scuff.garden,AVAILABLE,0,1.54,26.26
scuff.hair,AVAILABLE,0,1.54,12.98
scuff.monster,AVAILABLE,0,1.54,12.98
scuff.rest,AVAILABLE,0,1.54,26.26
scuff.skin,AVAILABLE,0,1.54,12.98
scuff.surf,AVAILABLE,0,1.54,26.26
scurry.lol,UNAVAILABLE,0,1.54,26.26
scurry.space,UNAVAILABLE,0,1.96,26.26
scurry.pics,AVAILABLE,0,1.54,26.26
scurry.quest,AVAILABLE,0,1.54,12.98
scurry.mom,AVAILABLE,0,1.54,26.26
scurry.beauty,AVAILABLE,0,1.54,12.98
scurry.beer,AVAILABLE,0,1.54,26.26
scurry.best,AVAILABLE,0,1.72,15.96
scurry.click,AVAILABLE,1,76.94,109.69
scurry.garden,AVAILABLE,0,1.54,26.26
scurry.hair,AVAILABLE,0,1.54,12.98
scurry.monster,AVAILABLE,0,1.54,12.98
scurry.rest,AVAILABLE,0,1.54,26.26
scurry.skin,AVAILABLE,0,1.54,12.98
scurry.surf,AVAILABLE,0,1.54,26.26
seethe.lol,UNAVAILABLE,0,1.54,26.26
seethe.space,UNAVAILABLE,1,27.82,109.69
seethe.pics,UNAVAILABLE,0,1.54,26.26
seethe.quest,AVAILABLE,0,1.54,12.98
seethe.mom,AVAILABLE,0,1.54,26.26
seethe.beauty,AVAILABLE,0,1.54,12.98
seethe.beer,AVAILABLE,0,1.54,26.26
seethe.best,AVAILABLE,0,1.72,15.96
seethe.click,AVAILABLE,0,1.54,10.81
seethe.garden,AVAILABLE,0,1.54,26.26
seethe.hair,AVAILABLE,0,1.54,12.98
seethe.monster,AVAILABLE,0,1.54,12.98
seethe.rest,UNAVAILABLE,0,1.54,26.26
seethe.skin,AVAILABLE,0,1.54,12.98
seethe.surf,AVAILABLE,0,1.54,26.26
segue.lol,AVAILABLE,0,1.54,26.26
segue.space,UNAVAILABLE,0,1.96,26.26
segue.pics,AVAILABLE,0,1.54,26.26
segue.quest,AVAILABLE,0,1.54,12.98
segue.mom,AVAILABLE,0,1.54,26.26
segue.beauty,AVAILABLE,0,1.54,12.98
segue.beer,AVAILABLE,0,1.54,26.26
segue.best,AVAILABLE,0,1.72,15.96
segue.click,UNAVAILABLE,0,1.54,10.81
segue.garden,AVAILABLE,0,1.54,26.26
segue.hair,AVAILABLE,0,1.54,12.98
segue.monster,AVAILABLE,0,1.54,12.98
segue.rest,AVAILABLE,0,1.54,26.26
segue.skin,AVAILABLE,0,1.54,12.98
segue.surf,AVAILABLE,0,1.54,26.26
selah.lol,AVAILABLE,0,1.54,26.26
selah.space,AVAILABLE,1,136.98,546.35
selah.pics,AVAILABLE,0,1.54,26.26
selah.quest,UNAVAILABLE,0,1.54,12.98
selah.mom,AVAILABLE,0,1.54,26.26
selah.beauty,UNAVAILABLE,0,1.54,12.98
selah.beer,AVAILABLE,0,1.54,26.26
selah.best,AVAILABLE,0,1.72,15.96
selah.click,AVAILABLE,1,76.94,109.69
selah.garden,AVAILABLE,0,1.54,26.26
selah.hair,AVAILABLE,0,1.54,12.98
selah.monster,AVAILABLE,0,1.54,12.98
selah.rest,AVAILABLE,0,1.54,26.26
selah.skin,AVAILABLE,0,1.54,12.98
selah.surf,AVAILABLE,0,1.54,26.26
sepia.lol,UNAVAILABLE,0,1.54,26.26
sepia.space,UNAVAILABLE,0,1.96,26.26
sepia.pics,UNAVAILABLE,0,1.54,26.26
sepia.quest,AVAILABLE,0,1.54,12.98
sepia.mom,AVAILABLE,0,1.54,26.26
sepia.beauty,AVAILABLE,0,1.54,12.98
sepia.beer,AVAILABLE,0,1.54,26.26
sepia.best,UNAVAILABLE,0,1.72,15.96
sepia.click,AVAILABLE,1,76.94,109.69
sepia.garden,AVAILABLE,0,1.54,26.26
sepia.hair,AVAILABLE,0,1.54,12.98
sepia.monster,AVAILABLE,0,1.54,12.98
sepia.rest,UNAVAILABLE,0,1.54,26.26
sepia.skin,AVAILABLE,0,1.54,12.98
sepia.surf,AVAILABLE,0,1.54,26.26
serai.lol,AVAILABLE,0,1.54,26.26
serai.space,AVAILABLE,1,68.75,273.44
serai.pics,AVAILABLE,0,1.54,26.26
serai.quest,AVAILABLE,0,1.54,12.98
serai.mom,AVAILABLE,0,1.54,26.26
serai.beauty,AVAILABLE,0,1.54,12.98
serai.beer,AVAILABLE,0,1.54,26.26
serai.best,AVAILABLE,0,1.72,15.96
serai.click,AVAILABLE,1,76.94,109.69
serai.garden,AVAILABLE,0,1.54,26.26
serai.hair,AVAILABLE,0,1.54,12.98
serai.monster,AVAILABLE,0,1.54,12.98
serai.rest,AVAILABLE,0,1.54,26.26
serai.skin,AVAILABLE,0,1.54,12.98
serai.surf,AVAILABLE,0,1.54,26.26
shabby.lol,AVAILABLE,0,1.54,26.26
shabby.space,AVAILABLE,1,68.75,273.44
shabby.pics,AVAILABLE,0,1.54,26.26
shabby.quest,AVAILABLE,0,1.54,12.98
shabby.mom,AVAILABLE,0,1.54,26.26
shabby.beauty,AVAILABLE,0,1.54,12.98
shabby.beer,AVAILABLE,0,1.54,26.26
shabby.best,AVAILABLE,0,1.72,15.96
shabby.click,AVAILABLE,0,1.54,10.81
shabby.garden,AVAILABLE,0,1.54,26.26
shabby.hair,AVAILABLE,0,1.54,12.98
shabby.monster,AVAILABLE,0,1.54,12.98
shabby.rest,AVAILABLE,0,1.54,26.26
shabby.skin,UNAVAILABLE,0,1.54,12.98
shabby.surf,AVAILABLE,0,1.54,26.26
sheen.lol,UNAVAILABLE,0,1.54,26.26
sheen.space,AVAILABLE,1,68.75,273.44
sheen.pics,AVAILABLE,0,1.54,26.26
sheen.quest,AVAILABLE,0,1.54,12.98
sheen.mom,AVAILABLE,0,1.54,26.26
sheen.beauty,UNAVAILABLE,0,1.54,12.98
sheen.beer,AVAILABLE,0,1.54,26.26
sheen.best,AVAILABLE,0,1.72,15.96
sheen.click,AVAILABLE,1,76.94,109.69
sheen.garden,AVAILABLE,0,1.54,26.26
sheen.hair,AVAILABLE,0,1.54,12.98
sheen.monster,AVAILABLE,0,1.54,12.98
sheen.rest,AVAILABLE,0,1.54,26.26
sheen.skin,AVAILABLE,0,1.54,12.98
sheen.surf,AVAILABLE,0,1.54,26.26
shim.lol,AVAILABLE,0,1.54,26.26
shim.space,AVAILABLE,1,68.75,273.44
shim.pics,AVAILABLE,0,1.54,26.26
shim.quest,AVAILABLE,0,1.54,12.98
shim.mom,AVAILABLE,0,1.54,26.26
shim.beauty,AVAILABLE,0,1.54,12.98
shim.beer,AVAILABLE,0,1.54,26.26
shim.best,AVAILABLE,0,1.72,15.96
shim.click,AVAILABLE,1,76.94,109.69
shim.garden,AVAILABLE,0,1.54,26.26
shim.hair,AVAILABLE,0,1.54,12.98
shim.monster,AVAILABLE,0,1.54,12.98
shim.rest,AVAILABLE,0,1.54,26.26
shim.skin,AVAILABLE,0,1.54,12.98
shim.surf,AVAILABLE,0,1.54,26.26
shindy.lol,AVAILABLE,0,1.54,26.26
shindy.space,AVAILABLE,1,27.82,109.69
shindy.pics,AVAILABLE,0,1.54,26.26
shindy.quest,AVAILABLE,0,1.54,12.98
shindy.mom,AVAILABLE,0,1.54,26.26
shindy.beauty,AVAILABLE,0,1.54,12.98
shindy.beer,AVAILABLE,0,1.54,26.26
shindy.best,AVAILABLE,0,1.72,15.96
shindy.click,AVAILABLE,0,1.54,10.81
shindy.garden,AVAILABLE,0,1.54,26.26
shindy.hair,AVAILABLE,0,1.54,12.98
shindy.monster,AVAILABLE,0,1.54,12.98
shindy.rest,AVAILABLE,0,1.54,26.26
shindy.skin,AVAILABLE,0,1.54,12.98
shindy.surf,AVAILABLE,0,1.54,26.26
shoyu.lol,AVAILABLE,0,1.54,26.26
shoyu.space,UNAVAILABLE,0,1.96,26.26
shoyu.pics,AVAILABLE,0,1.54,26.26
shoyu.quest,AVAILABLE,0,1.54,12.98
shoyu.mom,AVAILABLE,0,1.54,26.26
shoyu.beauty,AVAILABLE,0,1.54,12.98
shoyu.beer,AVAILABLE,0,1.54,26.26
shoyu.best,AVAILABLE,0,1.72,15.96
shoyu.click,AVAILABLE,1,76.94,109.69
shoyu.garden,AVAILABLE,0,1.54,26.26
shoyu.hair,AVAILABLE,0,1.54,12.98
shoyu.monster,AVAILABLE,0,1.54,12.98
shoyu.rest,AVAILABLE,0,1.54,26.26
shoyu.skin,AVAILABLE,0,1.54,12.98
shoyu.surf,AVAILABLE,0,1.54,26.26
shrub.lol,UNAVAILABLE,0,1.54,26.26
shrub.space,UNAVAILABLE,0,1.96,26.26
shrub.pics,AVAILABLE,0,1.54,26.26
shrub.quest,AVAILABLE,0,1.54,12.98
shrub.mom,AVAILABLE,0,1.54,26.26
shrub.beauty,AVAILABLE,0,1.54,12.98
shrub.beer,AVAILABLE,0,1.54,26.26
shrub.best,AVAILABLE,0,1.72,15.96
shrub.click,AVAILABLE,1,76.94,109.69
shrub.garden,AVAILABLE,1,87.86,27.82
shrub.hair,AVAILABLE,0,1.54,12.98
shrub.monster,AVAILABLE,0,1.54,12.98
shrub.rest,AVAILABLE,0,1.54,26.26
shrub.skin,AVAILABLE,0,1.54,12.98
shrub.surf,AVAILABLE,0,1.54,26.26
sidle.lol,AVAILABLE,0,1.54,26.26
sidle.space,AVAILABLE,1,68.75,273.44
sidle.pics,AVAILABLE,0,1.54,26.26
sidle.quest,AVAILABLE,0,1.54,12.98
sidle.mom,AVAILABLE,0,1.54,26.26
sidle.beauty,AVAILABLE,0,1.54,12.98
sidle.beer,AVAILABLE,0,1.54,26.26
sidle.best,AVAILABLE,0,1.72,15.96
sidle.click,AVAILABLE,1,76.94,109.69
sidle.garden,AVAILABLE,0,1.54,26.26
sidle.hair,AVAILABLE,0,1.54,12.98
sidle.monster,AVAILABLE,0,1.54,12.98
sidle.rest,UNAVAILABLE,0,1.54,26.26
sidle.skin,AVAILABLE,0,1.54,12.98
sidle.surf,AVAILABLE,0,1.54,26.26
singe.lol,AVAILABLE,0,1.54,26.26
singe.space,AVAILABLE,1,68.75,273.44
singe.pics,AVAILABLE,0,1.54,26.26
singe.quest,AVAILABLE,0,1.54,12.98
singe.mom,AVAILABLE,0,1.54,26.26
singe.beauty,AVAILABLE,0,1.54,12.98
singe.beer,AVAILABLE,0,1.54,26.26
singe.best,AVAILABLE,0,1.72,15.96
singe.click,AVAILABLE,1,76.94,109.69
singe.garden,AVAILABLE,0,1.54,26.26
singe.hair,AVAILABLE,0,1.54,12.98
singe.monster,AVAILABLE,0,1.54,12.98
singe.rest,AVAILABLE,0,1.54,26.26
singe.skin,AVAILABLE,0,1.54,12.98
singe.surf,AVAILABLE,0,1.54,26.26
siroc.lol,AVAILABLE,0,1.54,26.26
siroc.space,AVAILABLE,0,1.96,26.26
siroc.pics,AVAILABLE,0,1.54,26.26
siroc.quest,AVAILABLE,0,1.54,12.98
siroc.mom,AVAILABLE,0,1.54,26.26
siroc.beauty,AVAILABLE,0,1.54,12.98
siroc.beer,AVAILABLE,0,1.54,26.26
siroc.best,AVAILABLE,0,1.72,15.96
siroc.click,AVAILABLE,1,76.94,109.69
siroc.garden,AVAILABLE,0,1.54,26.26
siroc.hair,AVAILABLE,0,1.54,12.98
siroc.monster,AVAILABLE,0,1.54,12.98
siroc.rest,AVAILABLE,0,1.54,26.26
siroc.skin,AVAILABLE,0,1.54,12.98
siroc.surf,AVAILABLE,0,1.54,26.26
skim.lol,UNAVAILABLE,0,1.54,26.26
skim.space,AVAILABLE,1,68.75,273.44
skim.pics,AVAILABLE,0,1.54,26.26
skim.quest,AVAILABLE,0,1.54,12.98
skim.mom,AVAILABLE,0,1.54,26.26
skim.beauty,AVAILABLE,0,1.54,12.98
skim.beer,AVAILABLE,0,1.54,26.26
skim.best,AVAILABLE,0,1.72,15.96
skim.click,AVAILABLE,1,191.57,273.44
skim.garden,AVAILABLE,0,1.54,26.26
skim.hair,AVAILABLE,0,1.54,12.98
skim.monster,AVAILABLE,0,1.54,12.98
skim.rest,AVAILABLE,0,1.54,26.26
skim.skin,UNAVAILABLE,0,1.54,12.98
skim.surf,AVAILABLE,1,44.19,27.82
skol.lol,AVAILABLE,0,1.54,26.26
skol.space,AVAILABLE,0,1.96,26.26
skol.pics,AVAILABLE,0,1.54,26.26
skol.quest,AVAILABLE,0,1.54,12.98
skol.mom,AVAILABLE,0,1.54,26.26
skol.beauty,AVAILABLE,0,1.54,12.98
skol.beer,UNAVAILABLE,0,1.54,26.26
skol.best,AVAILABLE,0,1.72,15.96
skol.click,AVAILABLE,1,382.61,546.35
skol.garden,AVAILABLE,0,1.54,26.26
skol.hair,AVAILABLE,0,1.54,12.98
skol.monster,AVAILABLE,0,1.54,12.98
skol.rest,AVAILABLE,0,1.54,26.26
skol.skin,AVAILABLE,0,1.54,12.98
skol.surf,AVAILABLE,0,1.54,26.26
skosh.lol,AVAILABLE,0,1.54,26.26
skosh.space,AVAILABLE,0,1.96,26.26
skosh.pics,AVAILABLE,0,1.54,26.26
skosh.quest,AVAILABLE,0,1.54,12.98
skosh.mom,AVAILABLE,0,1.54,26.26
skosh.beauty,AVAILABLE,0,1.54,12.98
skosh.beer,AVAILABLE,0,1.54,26.26
skosh.best,AVAILABLE,0,1.72,15.96
skosh.click,AVAILABLE,0,1.54,10.81
skosh.garden,AVAILABLE,0,1.54,26.26
skosh.hair,AVAILABLE,0,1.54,12.98
skosh.monster,AVAILABLE,0,1.54,12.98
skosh.rest,AVAILABLE,0,1.54,26.26
skosh.skin,AVAILABLE,0,1.54,12.98
skosh.surf,AVAILABLE,0,1.54,26.26
skulk.lol,AVAILABLE,0,1.54,26.26
skulk.space,UNAVAILABLE,0,1.96,26.26
skulk.pics,AVAILABLE,0,1.54,26.26
skulk.quest,AVAILABLE,0,1.54,12.98
skulk.mom,AVAILABLE,0,1.54,26.26
skulk.beauty,AVAILABLE,0,1.54,12.98
skulk.beer,AVAILABLE,0,1.54,26.26
skulk.best,AVAILABLE,0,1.72,15.96
skulk.click,AVAILABLE,1,76.94,109.69
skulk.garden,AVAILABLE,0,1.54,26.26
skulk.hair,AVAILABLE,0,1.54,12.98
skulk.monster,AVAILABLE,0,1.54,12.98
skulk.rest,AVAILABLE,0,1.54,26.26
skulk.skin,AVAILABLE,0,1.54,12.98
skulk.surf,AVAILABLE,0,1.54,26.26
slink.lol,UNAVAILABLE,0,1.54,26.26
slink.space,UNAVAILABLE,0,1.96,26.26
slink.pics,AVAILABLE,0,1.54,26.26
slink.quest,AVAILABLE,0,1.54,12.98
slink.mom,AVAILABLE,0,1.54,26.26
slink.beauty,AVAILABLE,0,1.54,12.98
slink.beer,AVAILABLE,0,1.54,26.26
slink.best,AVAILABLE,0,1.72,15.96
slink.click,AVAILABLE,1,76.94,109.69
slink.garden,AVAILABLE,0,1.54,26.26
slink.hair,AVAILABLE,0,1.54,12.98
slink.monster,AVAILABLE,0,1.54,12.98
slink.rest,AVAILABLE,0,1.54,26.26
slink.skin,AVAILABLE,0,1.54,12.98
slink.surf,AVAILABLE,0,1.54,26.26
slog.lol,UNAVAILABLE,0,1.54,26.26
slog.space,UNAVAILABLE,0,1.96,26.26
slog.pics,AVAILABLE,0,1.54,26.26
slog.quest,AVAILABLE,0,1.54,12.98
slog.mom,AVAILABLE,0,1.54,26.26
slog.beauty,AVAILABLE,0,1.54,12.98
slog.beer,AVAILABLE,1,44.19,27.82
slog.best,AVAILABLE,0,1.72,15.96
slog.click,AVAILABLE,1,76.94,109.69
slog.garden,AVAILABLE,0,1.54,26.26
slog.hair,AVAILABLE,0,1.54,12.98
slog.monster,AVAILABLE,0,1.54,12.98
slog.rest,AVAILABLE,0,1.54,26.26
slog.skin,AVAILABLE,0,1.54,12.98
slog.surf,AVAILABLE,0,1.54,26.26
sluice.lol,AVAILABLE,0,1.54,26.26
sluice.space,UNAVAILABLE,0,1.96,26.26
sluice.pics,AVAILABLE,0,1.54,26.26
sluice.quest,UNAVAILABLE,0,1.54,12.98
sluice.mom,AVAILABLE,0,1.54,26.26
sluice.beauty,AVAILABLE,0,1.54,12.98
sluice.beer,AVAILABLE,0,1.54,26.26
sluice.best,AVAILABLE,0,1.72,15.96
sluice.click,AVAILABLE,0,1.54,10.81
sluice.garden,AVAILABLE,0,1.54,26.26
sluice.hair,AVAILABLE,0,1.54,12.98
sluice.monster,AVAILABLE,0,1.54,12.98
sluice.rest,AVAILABLE,0,1.54,26.26
sluice.skin,AVAILABLE,0,1.54,12.98
sluice.surf,AVAILABLE,0,1.54,26.26
smirk.lol,UNAVAILABLE,0,1.54,26.26
smirk.space,AVAILABLE,1,27.82,109.69
smirk.pics,AVAILABLE,0,1.54,26.26
smirk.quest,AVAILABLE,0,1.54,12.98
smirk.mom,AVAILABLE,0,1.54,26.26
smirk.beauty,AVAILABLE,0,1.54,12.98
smirk.beer,AVAILABLE,0,1.54,26.26
smirk.best,AVAILABLE,0,1.72,15.96
smirk.click,AVAILABLE,1,76.94,109.69
smirk.garden,AVAILABLE,0,1.54,26.26
smirk.hair,AVAILABLE,0,1.54,12.98
smirk.monster,AVAILABLE,0,1.54,12.98
smirk.rest,AVAILABLE,0,1.54,26.26
smirk.skin,AVAILABLE,0,1.54,12.98
smirk.surf,AVAILABLE,0,1.54,26.26
smite.lol,UNAVAILABLE,0,1.54,26.26
smite.space,AVAILABLE,1,68.75,273.44
smite.pics,AVAILABLE,0,1.54,26.26
smite.quest,AVAILABLE,0,1.54,12.98
smite.mom,AVAILABLE,0,1.54,26.26
smite.beauty,AVAILABLE,0,1.54,12.98
smite.beer,AVAILABLE,0,1.54,26.26
smite.best,AVAILABLE,0,1.72,15.96
smite.click,AVAILABLE,1,76.94,109.69
smite.garden,AVAILABLE,0,1.54,26.26
smite.hair,AVAILABLE,0,1.54,12.98
smite.monster,AVAILABLE,0,1.54,12.98
smite.rest,AVAILABLE,0,1.54,26.26
smite.skin,AVAILABLE,0,1.54,12.98
smite.surf,AVAILABLE,0,1.54,26.26
snag.lol,UNAVAILABLE,0,1.54,26.26
snag.space,UNAVAILABLE,0,1.96,26.26
snag.pics,AVAILABLE,0,1.54,26.26
snag.quest,AVAILABLE,0,1.54,12.98
snag.mom,AVAILABLE,0,1.54,26.26
snag.beauty,UNAVAILABLE,0,1.54,12.98
snag.beer,AVAILABLE,0,1.54,26.26
snag.best,AVAILABLE,0,1.72,15.96
snag.click,AVAILABLE,1,76.94,109.69
snag.garden,AVAILABLE,0,1.54,26.26
snag.hair,AVAILABLE,0,1.54,12.98
snag.monster,AVAILABLE,0,1.54,12.98
snag.rest,AVAILABLE,0,1.54,26.26
snag.skin,AVAILABLE,0,1.54,12.98
snag.surf,AVAILABLE,0,1.54,26.26
snazzy.lol,UNAVAILABLE,0,1.54,26.26
snazzy.space,UNAVAILABLE,0,1.96,26.26
snazzy.pics,AVAILABLE,0,1.54,26.26
snazzy.quest,AVAILABLE,0,1.54,12.98
snazzy.mom,AVAILABLE,0,1.54,26.26
snazzy.beauty,AVAILABLE,0,1.54,12.98
snazzy.beer,AVAILABLE,0,1.54,26.26
snazzy.best,AVAILABLE,0,1.72,15.96
snazzy.click,UNAVAILABLE,0,1.54,10.81
snazzy.garden,AVAILABLE,0,1.54,26.26
snazzy.hair,AVAILABLE,0,1.54,12.98
snazzy.monster,UNAVAILABLE,0,1.54,12.98
snazzy.rest,AVAILABLE,0,1.54,26.26
snazzy.skin,AVAILABLE,0,1.54,12.98
snazzy.surf,AVAILABLE,0,1.54,26.26
snip.lol,UNAVAILABLE,0,1.54,26.26
snip.space,UNAVAILABLE,0,1.96,26.26
snip.pics,UNAVAILABLE,0,1.54,26.26
snip.quest,AVAILABLE,0,1.54,12.98
snip.mom,AVAILABLE,0,1.54,26.26
snip.beauty,AVAILABLE,0,1.54,12.98
snip.beer,AVAILABLE,0,1.54,26.26
snip.best,AVAILABLE,0,1.72,15.96
snip.click,AVAILABLE,1,76.94,109.69
snip.garden,AVAILABLE,0,1.54,26.26
snip.hair,AVAILABLE,0,1.54,12.98
snip.monster,AVAILABLE,0,1.54,12.98
snip.rest,AVAILABLE,0,1.54,26.26
snip.skin,AVAILABLE,0,1.54,12.98
snip.surf,AVAILABLE,0,1.54,26.26
snit.lol,UNAVAILABLE,0,1.54,26.26
snit.space,AVAILABLE,1,27.82,109.69
snit.pics,AVAILABLE,0,1.54,26.26
snit.quest,AVAILABLE,0,1.54,12.98
snit.mom,AVAILABLE,0,1.54,26.26
snit.beauty,AVAILABLE,0,1.54,12.98
snit.beer,AVAILABLE,0,1.54,26.26
snit.best,AVAILABLE,0,1.72,15.96
snit.click,AVAILABLE,1,76.94,109.69
snit.garden,AVAILABLE,0,1.54,26.26
snit.hair,AVAILABLE,0,1.54,12.98
snit.monster,AVAILABLE,0,1.54,12.98
snit.rest,AVAILABLE,0,1.54,26.26
snit.skin,AVAILABLE,0,1.54,12.98
snit.surf,AVAILABLE,0,1.54,26.26
snog.lol,PENDING,0,0.00,0.00
snog.space,AVAILABLE,1,136.98,546.35
snog.pics,PENDING,0,0.00,0.00
snog.quest,AVAILABLE,0,1.54,12.98
snog.mom,PENDING,0,0.00,0.00
snog.beauty,AVAILABLE,0,1.54,12.98
snog.beer,AVAILABLE,0,1.54,26.26
snog.best,AVAILABLE,0,1.72,15.96
snog.click,PENDING,0,0.00,0.00
snog.garden,AVAILABLE,0,1.54,26.26
snog.hair,AVAILABLE,0,1.54,12.98
snog.monster,AVAILABLE,0,1.54,12.98
snog.rest,PENDING,0,0.00,0.00
snog.skin,AVAILABLE,0,1.54,12.98
snog.surf,AVAILABLE,0,1.54,26.26
snoot.lol,UNAVAILABLE,0,1.54,26.26
snoot.space,UNAVAILABLE,0,1.96,26.26
snoot.pics,UNAVAILABLE,0,1.54,26.26
snoot.quest,UNAVAILABLE,0,1.54,12.98
snoot.mom,AVAILABLE,0,1.54,26.26
snoot.beauty,AVAILABLE,0,1.54,12.98
snoot.beer,AVAILABLE,0,1.54,26.26
snoot.best,AVAILABLE,0,1.72,15.96
snoot.click,AVAILABLE,1,76.94,109.69
snoot.garden,AVAILABLE,0,1.54,26.26
snoot.hair,AVAILABLE,0,1.54,12.98
snoot.monster,AVAILABLE,0,1.54,12.98
snoot.rest,AVAILABLE,0,1.54,26.26
snoot.skin,AVAILABLE,0,1.54,12.98
snoot.surf,AVAILABLE,0,1.54,26.26
snork.lol,AVAILABLE,0,1.54,26.26
snork.space,AVAILABLE,0,1.96,26.26
snork.pics,AVAILABLE,0,1.54,26.26
snork.quest,AVAILABLE,0,1.54,12.98
snork.mom,AVAILABLE,0,1.54,26.26
snork.beauty,AVAILABLE,0,1.54,12.98
snork.beer,AVAILABLE,0,1.54,26.26
snork.best,AVAILABLE,0,1.72,15.96
snork.click,AVAILABLE,1,76.94,109.69
snork.garden,AVAILABLE,0,1.54,26.26
snork.hair,AVAILABLE,0,1.54,12.98
snork.monster,AVAILABLE,0,1.54,12.98
snork.rest,AVAILABLE,0,1.54,26.26
snork.skin,AVAILABLE,0,1.54,12.98
snork.surf,AVAILABLE,0,1.54,26.26
snub.lol,UNAVAILABLE,0,1.54,26.26
snub.space,AVAILABLE,1,27.82,109.69
snub.pics,AVAILABLE,0,1.54,26.26
snub.quest,AVAILABLE,0,1.54,12.98
snub.mom,AVAILABLE,0,1.54,26.26
snub.beauty,AVAILABLE,0,1.54,12.98
snub.beer,AVAILABLE,0,1.54,26.26
snub.best,AVAILABLE,0,1.72,15.96
snub.click,AVAILABLE,1,76.94,109.69
snub.garden,AVAILABLE,0,1.54,26.26
snub.hair,AVAILABLE,0,1.54,12.98
snub.monster,AVAILABLE,0,1.54,12.98
snub.rest,AVAILABLE,0,1.54,26.26
snub.skin,AVAILABLE,0,1.54,12.98
snub.surf,AVAILABLE,0,1.54,26.26
soffit.lol,AVAILABLE,0,1.54,26.26
soffit.space,AVAILABLE,1,27.82,109.69
soffit.pics,AVAILABLE,0,1.54,26.26
soffit.quest,AVAILABLE,0,1.54,12.98
soffit.mom,AVAILABLE,0,1.54,26.26
soffit.beauty,AVAILABLE,0,1.54,12.98
soffit.beer,AVAILABLE,0,1.54,26.26
soffit.best,AVAILABLE,0,1.72,15.96
soffit.click,AVAILABLE,0,1.54,10.81
soffit.garden,AVAILABLE,0,1.54,26.26
soffit.hair,AVAILABLE,0,1.54,12.98
soffit.monster,AVAILABLE,0,1.54,12.98
soffit.rest,AVAILABLE,0,1.54,26.26
soffit.skin,AVAILABLE,0,1.54,12.98
soffit.surf,AVAILABLE,0,1.54,26.26
solei.lol,AVAILABLE,0,1.54,26.26
solei.space,PENDING,0,0.00,0.00
solei.pics,AVAILABLE,0,1.54,26.26
solei.quest,PENDING,0,0.00,0.00
solei.mom,AVAILABLE,0,1.54,26.26
solei.beauty,PENDING,0,0.00,0.00
solei.beer,PENDING,0,0.00,0.00
solei.best,PENDING,0,0.00,0.00
solei.click,AVAILABLE,0,1.54,10.81
solei.garden,PENDING,0,0.00,0.00
solei.hair,PENDING,0,0.00,0.00
solei.monster,PENDING,0,0.00,0.00
solei.rest,AVAILABLE,0,1.54,26.26
solei.skin,PENDING,0,0.00,0.00
solei.surf,PENDING,0,0.00,0.00
spar.lol,AVAILABLE,0,1.54,26.26
spar.space,AVAILABLE,1,136.98,546.35
spar.pics,AVAILABLE,0,1.54,26.26
spar.quest,AVAILABLE,0,1.54,12.98
spar.mom,AVAILABLE,0,1.54,26.26
spar.beauty,AVAILABLE,0,1.54,12.98
spar.beer,UNAVAILABLE,0,1.54,26.26
spar.best,AVAILABLE,0,1.72,15.96
spar.click,UNAVAILABLE,0,1.54,10.81
spar.garden,UNAVAILABLE,0,1.54,26.26
spar.hair,AVAILABLE,0,1.54,12.98
spar.monster,AVAILABLE,0,1.54,12.98
spar.rest,UNAVAILABLE,0,1.54,26.26
spar.skin,AVAILABLE,0,1.54,12.98
spar.surf,UNAVAILABLE,0,1.54,26.26
spiffy.lol,AVAILABLE,0,1.54,26.26
spiffy.space,UNAVAILABLE,0,1.96,26.26
spiffy.pics,AVAILABLE,0,1.54,26.26
spiffy.quest,AVAILABLE,0,1.54,12.98
spiffy.mom,AVAILABLE,0,1.54,26.26
spiffy.beauty,AVAILABLE,0,1.54,12.98
spiffy.beer,AVAILABLE,0,1.54,26.26
spiffy.best,AVAILABLE,0,1.72,15.96
spiffy.click,UNAVAILABLE,0,1.54,10.81
spiffy.garden,AVAILABLE,0,1.54,26.26
spiffy.hair,AVAILABLE,0,1.54,12.98
spiffy.monster,AVAILABLE,0,1.54,12.98
spiffy.rest,AVAILABLE,0,1.54,26.26
spiffy.skin,AVAILABLE,0,1.54,12.98
spiffy.surf,AVAILABLE,0,1.54,26.26
splat.lol,UNAVAILABLE,0,1.54,26.26
splat.space,UNAVAILABLE,0,1.96,26.26
splat.pics,AVAILABLE,0,1.54,26.26
splat.quest,UNAVAILABLE,0,1.54,12.98
splat.mom,AVAILABLE,0,1.54,26.26
splat.beauty,AVAILABLE,0,1.54,12.98
splat.beer,AVAILABLE,0,1.54,26.26
splat.best,AVAILABLE,0,1.72,15.96
splat.click,AVAILABLE,1,76.94,109.69
splat.garden,UNAVAILABLE,0,1.54,26.26
splat.hair,AVAILABLE,0,1.54,12.98
splat.monster,UNAVAILABLE,0,1.54,12.98
splat.rest,AVAILABLE,0,1.54,26.26
splat.skin,AVAILABLE,0,1.54,12.98
splat.surf,AVAILABLE,0,1.54,26.26
spleen.lol,AVAILABLE,0,1.54,26.26
spleen.space,AVAILABLE,1,136.98,546.35
spleen.pics,AVAILABLE,0,1.54,26.26
spleen.quest,UNAVAILABLE,0,1.54,12.98
spleen.mom,AVAILABLE,0,1.54,26.26
spleen.beauty,AVAILABLE,0,1.54,12.98
spleen.beer,PENDING,0,0.00,0.00
spleen.best,AVAILABLE,0,1.72,15.96
spleen.click,AVAILABLE,0,1.54,10.81
spleen.garden,PENDING,0,0.00,0.00
spleen.hair,AVAILABLE,0,1.54,12.98
spleen.monster,AVAILABLE,0,1.54,12.98
spleen.rest,AVAILABLE,0,1.54,26.26
spleen.skin,AVAILABLE,0,1.54,12.98
spleen.surf,PENDING,0,0.00,0.00
splosh.lol,PENDING,0,0.00,0.00
splosh.space,AVAILABLE,1,27.82,109.69
splosh.pics,PENDING,0,0.00,0.00
splosh.quest,PENDING,0,0.00,0.00
splosh.mom,PENDING,0,0.00,0.00
splosh.beauty,PENDING,0,0.00,0.00
splosh.beer,AVAILABLE,0,1.54,26.26
splosh.best,PENDING,0,0.00,0.00
splosh.click,PENDING,0,0.00,0.00
splosh.garden,AVAILABLE,0,1.54,26.26
splosh.hair,PENDING,0,0.00,0.00
splosh.monster,PENDING,0,0.00,0.00
splosh.rest,PENDING,0,0.00,0.00
splosh.skin,PENDING,0,0.00,0.00
splosh.surf,AVAILABLE,0,1.54,26.26
sprout.lol,UNAVAILABLE,0,1.54,26.26
sprout.space,UNAVAILABLE,1,273.44,1092.18
sprout.pics,AVAILABLE,0,1.54,26.26
sprout.quest,UNAVAILABLE,0,1.54,12.98
sprout.mom,UNAVAILABLE,0,1.54,26.26
sprout.beauty,AVAILABLE,0,1.54,12.98
sprout.beer,AVAILABLE,0,1.54,26.26
sprout.best,AVAILABLE,0,1.72,15.96
sprout.click,AVAILABLE,1,76.94,109.69
sprout.garden,UNAVAILABLE,1,87.86,27.82
sprout.hair,UNAVAILABLE,0,1.54,12.98
sprout.monster,UNAVAILABLE,0,1.54,12.98
sprout.rest,UNAVAILABLE,0,1.54,26.26
sprout.skin,AVAILABLE,0,1.54,12.98
sprout.surf,AVAILABLE,0,1.54,26.26
spunky.lol,UNAVAILABLE,0,1.54,26.26
spunky.space,AVAILABLE,1,136.98,546.35
spunky.pics,AVAILABLE,0,1.54,26.26
spunky.quest,AVAILABLE,0,1.54,12.98
spunky.mom,AVAILABLE,0,1.54,26.26
spunky.beauty,AVAILABLE,0,1.54,12.98
spunky.beer,AVAILABLE,0,1.54,26.26
spunky.best,AVAILABLE,0,1.72,15.96
spunky.click,AVAILABLE,0,1.54,10.81
spunky.garden,AVAILABLE,0,1.54,26.26
spunky.hair,AVAILABLE,0,1.54,12.98
spunky.monster,AVAILABLE,0,1.54,12.98
spunky.rest,AVAILABLE,0,1.54,26.26
spunky.skin,UNAVAILABLE,0,1.54,12.98
spunky.surf,AVAILABLE,0,1.54,26.26
stein.lol,UNAVAILABLE,0,1.54,26.26
stein.space,AVAILABLE,1,273.44,1092.18
stein.pics,UNAVAILABLE,0,1.54,26.26
stein.quest,AVAILABLE,1,710.10,13.74
stein.mom,AVAILABLE,1,710.10,710.10
stein.beauty,AVAILABLE,1,710.10,710.10
stein.beer,UNAVAILABLE,0,1.54,26.26
stein.best,AVAILABLE,0,1.72,15.96
stein.click,UNAVAILABLE,0,1.54,10.81
stein.garden,AVAILABLE,1,87.86,27.82
stein.hair,AVAILABLE,1,710.10,710.10
stein.monster,AVAILABLE,0,1.54,12.98
stein.rest,AVAILABLE,0,1.54,26.26
stein.skin,AVAILABLE,1,710.10,710.10
stein.surf,AVAILABLE,0,1.54,26.26
stingo.lol,AVAILABLE,0,1.54,26.26
stingo.space,AVAILABLE,0,1.96,26.26
stingo.pics,AVAILABLE,0,1.54,26.26
stingo.quest,AVAILABLE,0,1.54,12.98
stingo.mom,AVAILABLE,0,1.54,26.26
stingo.beauty,AVAILABLE,0,1.54,12.98
stingo.beer,AVAILABLE,0,1.54,26.26
stingo.best,AVAILABLE,0,1.72,15.96
stingo.click,AVAILABLE,0,1.54,10.81
stingo.garden,AVAILABLE,0,1.54,26.26
stingo.hair,AVAILABLE,0,1.54,12.98
stingo.monster,AVAILABLE,0,1.54,12.98
stingo.rest,AVAILABLE,0,1.54,26.26
stingo.skin,AVAILABLE,0,1.54,12.98
stingo.surf,AVAILABLE,0,1.54,26.26
suede.lol,UNAVAILABLE,0,1.54,26.26
suede.space,AVAILABLE,1,68.75,273.44
suede.pics,AVAILABLE,0,1.54,26.26
suede.quest,AVAILABLE,0,1.54,12.98
suede.mom,AVAILABLE,0,1.54,26.26
suede.beauty,UNAVAILABLE,0,1.54,12.98
suede.beer,UNAVAILABLE,0,1.54,26.26
suede.best,AVAILABLE,0,1.72,15.96
suede.click,AVAILABLE,1,76.94,109.69
suede.garden,UNAVAILABLE,0,1.54,26.26
suede.hair,AVAILABLE,0,1.54,12.98
suede.monster,AVAILABLE,0,1.54,12.98
suede.rest,AVAILABLE,0,1.54,26.26
suede.skin,UNAVAILABLE,0,1.54,12.98
suede.surf,UNAVAILABLE,0,1.54,26.26
sugo.lol,UNAVAILABLE,0,1.54,26.26
sugo.space,UNAVAILABLE,0,1.96,26.26
sugo.pics,AVAILABLE,0,1.54,26.26
sugo.quest,AVAILABLE,0,1.54,12.98
sugo.mom,AVAILABLE,0,1.54,26.26
sugo.beauty,AVAILABLE,0,1.54,12.98
sugo.beer,AVAILABLE,0,1.54,26.26
sugo.best,AVAILABLE,0,1.72,15.96
sugo.click,AVAILABLE,0,1.54,10.81
sugo.garden,AVAILABLE,0,1.54,26.26
sugo.hair,AVAILABLE,0,1.54,12.98
sugo.monster,AVAILABLE,0,1.54,12.98
sugo.rest,AVAILABLE,0,1.54,26.26
sugo.skin,AVAILABLE,0,1.54,12.98
sugo.surf,AVAILABLE,0,1.54,26.26
sulk.lol,UNAVAILABLE,0,1.54,26.26
sulk.space,AVAILABLE,1,68.75,273.44
sulk.pics,AVAILABLE,0,1.54,26.26
sulk.quest,AVAILABLE,0,1.54,12.98
sulk.mom,AVAILABLE,0,1.54,26.26
sulk.beauty,AVAILABLE,0,1.54,12.98
sulk.beer,AVAILABLE,0,1.54,26.26
sulk.best,AVAILABLE,0,1.72,15.96
sulk.click,AVAILABLE,1,76.94,109.69
sulk.garden,AVAILABLE,0,1.54,26.26
sulk.hair,AVAILABLE,0,1.54,12.98
sulk.monster,AVAILABLE,0,1.54,12.98
sulk.rest,AVAILABLE,0,1.54,26.26
sulk.skin,AVAILABLE,0,1.54,12.98
sulk.surf,AVAILABLE,0,1.54,26.26
surah.lol,AVAILABLE,0,1.54,26.26
surah.space,UNAVAILABLE,0,1.96,26.26
surah.pics,AVAILABLE,0,1.54,26.26
surah.quest,AVAILABLE,0,1.54,12.98
surah.mom,AVAILABLE,0,1.54,26.26
surah.beauty,AVAILABLE,0,1.54,12.98
surah.beer,AVAILABLE,0,1.54,26.26
surah.best,AVAILABLE,0,1.72,15.96
surah.click,AVAILABLE,1,76.94,109.69
surah.garden,AVAILABLE,0,1.54,26.26
surah.hair,AVAILABLE,0,1.54,12.98
surah.monster,AVAILABLE,0,1.54,12.98
surah.rest,AVAILABLE,0,1.54,26.26
surah.skin,AVAILABLE,0,1.54,12.98
surah.surf,AVAILABLE,0,1.54,26.26
swab.lol,AVAILABLE,0,1.54,26.26
swab.space,AVAILABLE,1,68.75,273.44
swab.pics,AVAILABLE,0,1.54,26.26
swab.quest,AVAILABLE,0,1.54,12.98
swab.mom,AVAILABLE,0,1.54,26.26
swab.beauty,AVAILABLE,0,1.54,12.98
swab.beer,AVAILABLE,0,1.54,26.26
swab.best,AVAILABLE,0,1.72,15.96
swab.click,AVAILABLE,1,76.94,109.69
swab.garden,AVAILABLE,0,1.54,26.26
swab.hair,AVAILABLE,0,1.54,12.98
swab.monster,AVAILABLE,0,1.54,12.98
swab.rest,AVAILABLE,0,1.54,26.26
swab.skin,AVAILABLE,0,1.54,12.98
swab.surf,AVAILABLE,0,1.54,26.26
swage.lol,AVAILABLE,0,1.54,26.26
swage.space,AVAILABLE,0,1.96,26.26
swage.pics,AVAILABLE,0,1.54,26.26
swage.quest,AVAILABLE,0,1.54,12.98
swage.mom,AVAILABLE,0,1.54,26.26
swage.beauty,AVAILABLE,0,1.54,12.98
swage.beer,AVAILABLE,0,1.54,26.26
swage.best,AVAILABLE,0,1.72,15.96
swage.click,AVAILABLE,1,76.94,109.69
swage.garden,AVAILABLE,0,1.54,26.26
swage.hair,AVAILABLE,0,1.54,12.98
swage.monster,AVAILABLE,0,1.54,12.98
swage.rest,AVAILABLE,0,1.54,26.26
swage.skin,AVAILABLE,0,1.54,12.98
swage.surf,AVAILABLE,0,1.54,26.26
swanky.lol,AVAILABLE,0,1.54,26.26
swanky.space,AVAILABLE,0,1.96,26.26
swanky.pics,AVAILABLE,0,1.54,26.26
swanky.quest,AVAILABLE,0,1.54,12.98
swanky.mom,AVAILABLE,0,1.54,26.26
swanky.beauty,AVAILABLE,0,1.54,12.98
swanky.beer,AVAILABLE,0,1.54,26.26
swanky.best,AVAILABLE,0,1.72,15.96
swanky.click,AVAILABLE,0,1.54,10.81
swanky.garden,AVAILABLE,0,1.54,26.26
swanky.hair,AVAILABLE,0,1.54,12.98
swanky.monster,AVAILABLE,0,1.54,12.98
swanky.rest,AVAILABLE,0,1.54,26.26
swanky.skin,AVAILABLE,0,1.54,12.98
swanky.surf,AVAILABLE,0,1.54,26.26
swell.lol,UNAVAILABLE,0,1.54,26.26
swell.space,UNAVAILABLE,1,68.75,273.44
swell.pics,AVAILABLE,0,1.54,26.26
swell.quest,UNAVAILABLE,0,1.54,12.98
swell.mom,AVAILABLE,0,1.54,26.26
swell.beauty,AVAILABLE,0,1.54,12.98
swell.beer,UNAVAILABLE,0,1.54,26.26
swell.best,UNAVAILABLE,0,1.72,15.96
swell.click,AVAILABLE,1,382.61,546.35
swell.garden,AVAILABLE,1,87.86,27.82
swell.hair,AVAILABLE,0,1.54,12.98
swell.monster,AVAILABLE,0,1.54,12.98
swell.rest,AVAILABLE,0,1.54,26.26
swell.skin,AVAILABLE,0,1.54,12.98
swell.surf,UNAVAILABLE,1,87.86,87.86
swig.lol,PENDING,0,0.00,0.00
swig.space,PENDING,0,0.00,0.00
swig.pics,PENDING,0,0.00,0.00
swig.quest,PENDING,0,0.00,0.00
swig.mom,PENDING,0,0.00,0.00
swig.beauty,PENDING,0,0.00,0.00
swig.beer,PENDING,0,0.00,0.00
swig.best,PENDING,0,0.00,0.00
swig.click,PENDING,0,0.00,0.00
swig.garden,PENDING,0,0.00,0.00
swig.hair,PENDING,0,0.00,0.00
swig.monster,PENDING,0,0.00,0.00
swig.rest,PENDING,0,0.00,0.00
swig.skin,PENDING,0,0.00,0.00
swig.surf,PENDING,0,0.00,0.00
swizz.lol,PENDING,0,0.00,0.00
swizz.space,PENDING,0,0.00,0.00
swizz.pics,PENDING,0,0.00,0.00
swizz.quest,PENDING,0,0.00,0.00
swizz.mom,PENDING,0,0.00,0.00
swizz.beauty,PENDING,0,0.00,0.00
swizz.beer,PENDING,0,0.00,0.00
swizz.best,PENDING,0,0.00,0.00
swizz.click,PENDING,0,0.00,0.00
swizz.garden,PENDING,0,0.00,0.00
swizz.hair,PENDING,0,0.00,0.00
swizz.monster,PENDING,0,0.00,0.00
swizz.rest,PENDING,0,0.00,0.00
swizz.skin,PENDING,0,0.00,0.00
swizz.surf,PENDING,0,0.00,0.00
tacky.lol,PENDING,0,0.00,0.00
tacky.space,PENDING,0,0.00,0.00
tacky.pics,PENDING,0,0.00,0.00
tacky.quest,PENDING,0,0.00,0.00
tacky.mom,PENDING,0,0.00,0.00
tacky.beauty,PENDING,0,0.00,0.00
tacky.beer,PENDING,0,0.00,0.00
tacky.best,PENDING,0,0.00,0.00
tacky.click,PENDING,0,0.00,0.00
tacky.garden,PENDING,0,0.00,0.00
tacky.hair,PENDING,0,0.00,0.00
tacky.monster,PENDING,0,0.00,0.00
tacky.rest,PENDING,0,0.00,0.00
tacky.skin,PENDING,0,0.00,0.00
tacky.surf,PENDING,0,0.00,0.00
taffy.lol,PENDING,0,0.00,0.00
taffy.space,PENDING,0,0.00,0.00
taffy.pics,PENDING,0,0.00,0.00
taffy.quest,PENDING,0,0.00,0.00
taffy.mom,PENDING,0,0.00,0.00
taffy.beauty,PENDING,0,0.00,0.00
taffy.beer,PENDING,0,0.00,0.00
taffy.best,PENDING,0,0.00,0.00
taffy.click,PENDING,0,0.00,0.00
taffy.garden,PENDING,0,0.00,0.00
taffy.hair,PENDING,0,0.00,0.00
taffy.monster,PENDING,0,0.00,0.00
taffy.rest,PENDING,0,0.00,0.00
taffy.skin,PENDING,0,0.00,0.00
taffy.surf,PENDING,0,0.00,0.00
tahini.lol,PENDING,0,0.00,0.00
tahini.space,PENDING,0,0.00,0.00
tahini.pics,PENDING,0,0.00,0.00
tahini.quest,PENDING,0,0.00,0.00
tahini.mom,PENDING,0,0.00,0.00
tahini.beauty,PENDING,0,0.00,0.00
tahini.beer,PENDING,0,0.00,0.00
tahini.best,PENDING,0,0.00,0.00
tahini.click,PENDING,0,0.00,0.00
tahini.garden,PENDING,0,0.00,0.00
tahini.hair,PENDING,0,0.00,0.00
tahini.monster,PENDING,0,0.00,0.00
tahini.rest,PENDING,0,0.00,0.00
tahini.skin,PENDING,0,0.00,0.00
tahini.surf,PENDING,0,0.00,0.00
tamp.lol,AVAILABLE,0,1.54,26.26
tamp.space,PENDING,0,0.00,0.00
tamp.pics,AVAILABLE,0,1.54,26.26
tamp.quest,AVAILABLE,0,1.54,12.98
tamp.mom,AVAILABLE,0,1.54,26.26
tamp.beauty,AVAILABLE,0,1.54,12.98
tamp.beer,AVAILABLE,0,1.54,26.26
tamp.best,AVAILABLE,0,1.72,15.96
tamp.click,AVAILABLE,1,76.94,109.69
tamp.garden,AVAILABLE,0,1.54,26.26
tamp.hair,AVAILABLE,0,1.54,12.98
tamp.monster,AVAILABLE,0,1.54,12.98
tamp.rest,AVAILABLE,0,1.54,26.26
tamp.skin,AVAILABLE,0,1.54,12.98
tamp.surf,AVAILABLE,0,1.54,26.26
tangy.lol,AVAILABLE,0,1.54,26.26
tangy.space,AVAILABLE,1,27.82,109.69
tangy.pics,AVAILABLE,0,1.54,26.26
tangy.quest,AVAILABLE,0,1.54,12.98
tangy.mom,UNAVAILABLE,0,1.54,26.26
tangy.beauty,AVAILABLE,0,1.54,12.98
tangy.beer,AVAILABLE,0,1.54,26.26
tangy.best,AVAILABLE,0,1.72,15.96
tangy.click,AVAILABLE,1,76.94,109.69
tangy.garden,AVAILABLE,0,1.54,26.26
tangy.hair,AVAILABLE,0,1.54,12.98
tangy.monster,AVAILABLE,0,1.54,12.98
tangy.rest,AVAILABLE,1,69.30,98.77
tangy.skin,AVAILABLE,0,1.54,12.98
tangy.surf,AVAILABLE,0,1.54,26.26
tatty.lol,AVAILABLE,0,1.54,26.26
tatty.space,AVAILABLE,1,27.82,109.69
tatty.pics,AVAILABLE,0,1.54,26.26
tatty.quest,AVAILABLE,0,1.54,12.98
tatty.mom,AVAILABLE,0,1.54,26.26
tatty.beauty,AVAILABLE,0,1.54,12.98
tatty.beer,AVAILABLE,0,1.54,26.26
tatty.best,AVAILABLE,0,1.72,15.96
tatty.click,AVAILABLE,1,76.94,109.69
tatty.garden,AVAILABLE,0,1.54,26.26
tatty.hair,AVAILABLE,0,1.54,12.98
tatty.monster,AVAILABLE,0,1.54,12.98
tatty.rest,AVAILABLE,0,1.54,26.26
tatty.skin,AVAILABLE,0,1.54,12.98
tatty.surf,AVAILABLE,0,1.54,26.26
taupe.lol,AVAILABLE,0,1.54,26.26
taupe.space,UNAVAILABLE,0,1.96,26.26
taupe.pics,AVAILABLE,0,1.54,26.26
taupe.quest,AVAILABLE,0,1.54,12.98
taupe.mom,AVAILABLE,0,1.54,26.26
taupe.beauty,AVAILABLE,0,1.54,12.98
taupe.beer,AVAILABLE,0,1.54,26.26
taupe.best,AVAILABLE,0,1.72,15.96
taupe.click,AVAILABLE,1,76.94,109.69
taupe.garden,AVAILABLE,0,1.54,26.26
taupe.hair,AVAILABLE,0,1.54,12.98
taupe.monster,AVAILABLE,0,1.54,12.98
taupe.rest,AVAILABLE,0,1.54,26.26
taupe.skin,AVAILABLE,0,1.54,12.98
taupe.surf,AVAILABLE,0,1.54,26.26
tawdry.lol,AVAILABLE,0,1.54,26.26
tawdry.space,AVAILABLE,1,27.82,109.69
tawdry.pics,AVAILABLE,0,1.54,26.26
tawdry.quest,AVAILABLE,0,1.54,12.98
tawdry.mom,AVAILABLE,0,1.54,26.26
tawdry.beauty,AVAILABLE,0,1.54,12.98
tawdry.beer,AVAILABLE,0,1.54,26.26
tawdry.best,AVAILABLE,0,1.72,15.96
tawdry.click,AVAILABLE,0,1.54,10.81
tawdry.garden,AVAILABLE,0,1.54,26.26
tawdry.hair,AVAILABLE,0,1.54,12.98
tawdry.monster,AVAILABLE,0,1.54,12.98
tawdry.rest,AVAILABLE,0,1.54,26.26
tawdry.skin,AVAILABLE,0,1.54,12.98
tawdry.surf,AVAILABLE,0,1.54,26.26
tempeh.lol,AVAILABLE,0,1.54,26.26
tempeh.space,AVAILABLE,1,68.75,273.44
tempeh.pics,AVAILABLE,0,1.54,26.26
tempeh.quest,AVAILABLE,0,1.54,12.98
tempeh.mom,AVAILABLE,0,1.54,26.26
tempeh.beauty,AVAILABLE,0,1.54,12.98
tempeh.beer,AVAILABLE,0,1.54,26.26
tempeh.best,AVAILABLE,0,1.72,15.96
tempeh.click,AVAILABLE,0,1.54,10.81
tempeh.garden,AVAILABLE,0,1.54,26.26
tempeh.hair,AVAILABLE,0,1.54,12.98
tempeh.monster,AVAILABLE,0,1.54,12.98
tempeh.rest,AVAILABLE,0,1.54,26.26
tempeh.skin,AVAILABLE,0,1.54,12.98
tempeh.surf,AVAILABLE,0,1.54,26.26
thud.lol,UNAVAILABLE,0,1.54,26.26
thud.space,AVAILABLE,1,68.75,273.44
thud.pics,AVAILABLE,0,1.54,26.26
thud.quest,AVAILABLE,0,1.54,12.98
thud.mom,AVAILABLE,0,1.54,26.26
thud.beauty,AVAILABLE,0,1.54,12.98
thud.beer,AVAILABLE,0,1.54,26.26
thud.best,AVAILABLE,0,1.72,15.96
thud.click,AVAILABLE,1,76.94,109.69
thud.garden,AVAILABLE,0,1.54,26.26
thud.hair,AVAILABLE,0,1.54,12.98
thud.monster,AVAILABLE,0,1.54,12.98
thud.rest,AVAILABLE,0,1.54,26.26
thud.skin,AVAILABLE,0,1.54,12.98
thud.surf,AVAILABLE,0,1.54,26.26
thwack.lol,AVAILABLE,0,1.54,26.26
thwack.space,AVAILABLE,1,27.82,109.69
thwack.pics,AVAILABLE,0,1.54,26.26
thwack.quest,AVAILABLE,0,1.54,12.98
thwack.mom,AVAILABLE,0,1.54,26.26
thwack.beauty,AVAILABLE,0,1.54,12.98
thwack.beer,AVAILABLE,0,1.54,26.26
thwack.best,AVAILABLE,0,1.72,15.96
thwack.click,AVAILABLE,0,1.54,10.81
thwack.garden,AVAILABLE,0,1.54,26.26
thwack.hair,AVAILABLE,0,1.54,12.98
thwack.monster,UNAVAILABLE,0,1.54,12.98
thwack.rest,AVAILABLE,0,1.54,26.26
thwack.skin,AVAILABLE,0,1.54,12.98
thwack.surf,AVAILABLE,0,1.54,26.26
tipsy.lol,UNAVAILABLE,0,1.54,26.26
tipsy.space,AVAILABLE,1,68.75,273.44
tipsy.pics,AVAILABLE,0,1.54,26.26
tipsy.quest,AVAILABLE,0,1.54,12.98
tipsy.mom,AVAILABLE,0,1.54,26.26
tipsy.beauty,AVAILABLE,0,1.54,12.98
tipsy.beer,UNAVAILABLE,1,218.86,27.82
tipsy.best,AVAILABLE,0,1.72,15.96
tipsy.click,AVAILABLE,1,76.94,109.69
tipsy.garden,AVAILABLE,0,1.54,26.26
tipsy.hair,AVAILABLE,0,1.54,12.98
tipsy.monster,AVAILABLE,0,1.54,12.98
tipsy.rest,AVAILABLE,0,1.54,26.26
tipsy.skin,AVAILABLE,0,1.54,12.98
tipsy.surf,AVAILABLE,0,1.54,26.26
tisane.lol,AVAILABLE,0,1.54,26.26
tisane.space,AVAILABLE,1,27.82,109.69
tisane.pics,AVAILABLE,0,1.54,26.26
tisane.quest,AVAILABLE,0,1.54,12.98
tisane.mom,AVAILABLE,0,1.54,26.26
tisane.beauty,AVAILABLE,0,1.54,12.98
tisane.beer,AVAILABLE,0,1.54,26.26
tisane.best,AVAILABLE,0,1.72,15.96
tisane.click,AVAILABLE,0,1.54,10.81
tisane.garden,AVAILABLE,0,1.54,26.26
tisane.hair,AVAILABLE,0,1.54,12.98
tisane.monster,AVAILABLE,0,1.54,12.98
tisane.rest,AVAILABLE,0,1.54,26.26
tisane.skin,AVAILABLE,0,1.54,12.98
tisane.surf,AVAILABLE,0,1.54,26.26
toddy.lol,PENDING,0,0.00,0.00
toddy.space,AVAILABLE,1,68.75,273.44
toddy.pics,PENDING,0,0.00,0.00
toddy.quest,AVAILABLE,0,1.54,12.98
toddy.mom,PENDING,0,0.00,0.00
toddy.beauty,AVAILABLE,0,1.54,12.98
toddy.beer,AVAILABLE,0,1.54,26.26
toddy.best,AVAILABLE,0,1.72,15.96
toddy.click,PENDING,0,0.00,0.00
toddy.garden,AVAILABLE,0,1.54,26.26
toddy.hair,AVAILABLE,0,1.54,12.98
toddy.monster,AVAILABLE,0,1.54,12.98
toddy.rest,PENDING,0,0.00,0.00
toddy.skin,AVAILABLE,0,1.54,12.98
toddy.surf,AVAILABLE,0,1.54,26.26
toil.lol,AVAILABLE,0,1.54,26.26
toil.space,AVAILABLE,0,1.96,26.26
toil.pics,AVAILABLE,0,1.54,26.26
toil.quest,AVAILABLE,0,1.54,12.98
toil.mom,AVAILABLE,0,1.54,26.26
toil.beauty,AVAILABLE,0,1.54,12.98
toil.beer,AVAILABLE,0,1.54,26.26
toil.best,AVAILABLE,0,1.72,15.96
toil.click,AVAILABLE,1,76.94,109.69
toil.garden,AVAILABLE,0,1.54,26.26
toil.hair,AVAILABLE,0,1.54,12.98
toil.monster,AVAILABLE,0,1.54,12.98
toil.rest,AVAILABLE,0,1.54,26.26
toil.skin,AVAILABLE,0,1.54,12.98
toil.surf,AVAILABLE,0,1.54,26.26
toise.lol,AVAILABLE,0,1.54,26.26
toise.space,AVAILABLE,0,1.96,26.26
toise.pics,AVAILABLE,0,1.54,26.26
toise.quest,AVAILABLE,0,1.54,12.98
toise.mom,AVAILABLE,0,1.54,26.26
toise.beauty,AVAILABLE,0,1.54,12.98
toise.beer,AVAILABLE,0,1.54,26.26
toise.best,AVAILABLE,0,1.72,15.96
toise.click,AVAILABLE,1,76.94,109.69
toise.garden,AVAILABLE,0,1.54,26.26
toise.hair,AVAILABLE,0,1.54,12.98
toise.monster,AVAILABLE,0,1.54,12.98
toise.rest,AVAILABLE,0,1.54,26.26
toise.skin,AVAILABLE,0,1.54,12.98
toise.surf,AVAILABLE,0,1.54,26.26
topaz.lol,UNAVAILABLE,0,1.54,26.26
topaz.space,AVAILABLE,1,136.98,546.35
topaz.pics,AVAILABLE,0,1.54,26.26
topaz.quest,AVAILABLE,0,1.54,12.98
topaz.mom,AVAILABLE,0,1.54,26.26
topaz.beauty,UNAVAILABLE,0,1.54,12.98
topaz.beer,AVAILABLE,1,44.19,27.82
topaz.best,AVAILABLE,0,1.72,15.96
topaz.click,AVAILABLE,1,76.94,109.69
topaz.garden,AVAILABLE,1,873.85,27.82
topaz.hair,AVAILABLE,0,1.54,12.98
topaz.monster,AVAILABLE,0,1.54,12.98
topaz.rest,AVAILABLE,0,1.54,26.26
topaz.skin,AVAILABLE,0,1.54,12.98
topaz.surf,UNAVAILABLE,0,1.54,26.26
torte.lol,AVAILABLE,0,1.54,26.26
torte.space,AVAILABLE,1,136.98,546.35
torte.pics,AVAILABLE,0,1.54,26.26
torte.quest,AVAILABLE,0,1.54,12.98
torte.mom,AVAILABLE,0,1.54,26.26
torte.beauty,AVAILABLE,0,1.54,12.98
torte.beer,AVAILABLE,0,1.54,26.26
torte.best,AVAILABLE,0,1.72,15.96
torte.click,AVAILABLE,1,76.94,109.69
torte.garden,AVAILABLE,0,1.54,26.26
torte.hair,AVAILABLE,0,1.54,12.98
torte.monster,AVAILABLE,0,1.54,12.98
torte.rest,AVAILABLE,0,1.54,26.26
torte.skin,AVAILABLE,0,1.54,12.98
torte.surf,AVAILABLE,0,1.54,26.26
tosh.lol,AVAILABLE,0,1.54,26.26
tosh.space,AVAILABLE,1,68.75,273.44
tosh.pics,AVAILABLE,0,1.54,26.26
tosh.quest,AVAILABLE,0,1.54,12.98
tosh.mom,AVAILABLE,0,1.54,26.26
tosh.beauty,AVAILABLE,0,1.54,12.98
tosh.beer,AVAILABLE,0,1.54,26.26
tosh.best,AVAILABLE,0,1.72,15.96
tosh.click,UNAVAILABLE,0,1.54,10.81
tosh.garden,AVAILABLE,0,1.54,26.26
tosh.hair,AVAILABLE,0,1.54,12.98
tosh.monster,AVAILABLE,0,1.54,12.98
tosh.rest,AVAILABLE,0,1.54,26.26
tosh.skin,AVAILABLE,0,1.54,12.98
tosh.surf,AVAILABLE,0,1.54,26.26
trawl.lol,AVAILABLE,0,1.54,26.26
trawl.space,AVAILABLE,1,27.82,109.69
trawl.pics,AVAILABLE,0,1.54,26.26
trawl.quest,AVAILABLE,0,1.54,12.98
trawl.mom,AVAILABLE,0,1.54,26.26
trawl.beauty,AVAILABLE,0,1.54,12.98
trawl.beer,AVAILABLE,0,1.54,26.26
trawl.best,AVAILABLE,0,1.72,15.96
trawl.click,AVAILABLE,1,76.94,109.69
trawl.garden,AVAILABLE,0,1.54,26.26
trawl.hair,AVAILABLE,0,1.54,12.98
trawl.monster,AVAILABLE,0,1.54,12.98
trawl.rest,AVAILABLE,0,1.54,26.26
trawl.skin,AVAILABLE,0,1.54,12.98
trawl.surf,AVAILABLE,0,1.54,26.26
trill.lol,UNAVAILABLE,0,1.54,26.26
trill.space,AVAILABLE,1,136.98,546.35
trill.pics,AVAILABLE,0,1.54,26.26
trill.quest,AVAILABLE,0,1.54,12.98
trill.mom,AVAILABLE,0,1.54,26.26
trill.beauty,AVAILABLE,0,1.54,12.98
trill.beer,AVAILABLE,0,1.54,26.26
trill.best,AVAILABLE,0,1.72,15.96
trill.click,AVAILABLE,1,76.94,109.69
trill.garden,AVAILABLE,0,1.54,26.26
trill.hair,UNAVAILABLE,0,1.54,12.98
trill.monster,AVAILABLE,0,1.54,12.98
trill.rest,AVAILABLE,0,1.54,26.26
trill.skin,AVAILABLE,0,1.54,12.98
trill.surf,UNAVAILABLE,0,1.54,26.26
tripel.lol,AVAILABLE,0,1.54,26.26
tripel.space,AVAILABLE,0,1.96,26.26
tripel.pics,AVAILABLE,0,1.54,26.26
tripel.quest,AVAILABLE,0,1.54,12.98
tripel.mom,AVAILABLE,0,1.54,26.26
tripel.beauty,AVAILABLE,0,1.54,12.98
tripel.beer,UNAVAILABLE,0,1.54,26.26
tripel.best,AVAILABLE,0,1.72,15.96
tripel.click,AVAILABLE,0,1.54,10.81
tripel.garden,AVAILABLE,0,1.54,26.26
tripel.hair,AVAILABLE,0,1.54,12.98
tripel.monster,AVAILABLE,0,1.54,12.98
tripel.rest,AVAILABLE,0,1.54,26.26
tripel.skin,AVAILABLE,0,1.54,12.98
tripel.surf,AVAILABLE,0,1.54,26.26
trove.lol,UNAVAILABLE,0,1.54,26.26
trove.space,UNAVAILABLE,0,1.96,26.26
trove.pics,UNAVAILABLE,0,1.54,26.26
trove.quest,AVAILABLE,0,1.54,12.98
trove.mom,UNAVAILABLE,0,1.54,26.26
trove.beauty,AVAILABLE,0,1.54,12.98
trove.beer,AVAILABLE,0,1.54,26.26
trove.best,AVAILABLE,0,1.72,15.96
trove.click,AVAILABLE,1,382.61,546.35
trove.garden,UNAVAILABLE,0,1.54,26.26
trove.hair,AVAILABLE,0,1.54,12.98
trove.monster,UNAVAILABLE,0,1.54,12.98
trove.rest,AVAILABLE,0,1.54,26.26
trove.skin,AVAILABLE,0,1.54,12.98
trove.surf,AVAILABLE,0,1.54,26.26
tulle.lol,AVAILABLE,0,1.54,26.26
tulle.space,AVAILABLE,1,27.82,109.69
tulle.pics,AVAILABLE,0,1.54,26.26
tulle.quest,AVAILABLE,0,1.54,12.98
tulle.mom,AVAILABLE,0,1.54,26.26
tulle.beauty,AVAILABLE,0,1.54,12.98
tulle.beer,AVAILABLE,0,1.54,26.26
tulle.best,AVAILABLE,0,1.72,15.96
tulle.click,AVAILABLE,1,76.94,109.69
tulle.garden,AVAILABLE,0,1.54,26.26
tulle.hair,AVAILABLE,0,1.54,12.98
tulle.monster,AVAILABLE,0,1.54,12.98
tulle.rest,AVAILABLE,0,1.54,26.26
tulle.skin,AVAILABLE,0,1.54,12.98
tulle.surf,AVAILABLE,0,1.54,26.26
twang.lol,AVAILABLE,0,1.54,26.26
twang.space,AVAILABLE,1,68.75,273.44
twang.pics,AVAILABLE,0,1.54,26.26
twang.quest,AVAILABLE,0,1.54,12.98
twang.mom,AVAILABLE,0,1.54,26.26
twang.beauty,AVAILABLE,0,1.54,12.98
twang.beer,AVAILABLE,0,1.54,26.26
twang.best,AVAILABLE,0,1.72,15.96
twang.click,AVAILABLE,1,76.94,109.69
twang.garden,AVAILABLE,0,1.54,26.26
twang.hair,AVAILABLE,0,1.54,12.98
twang.monster,AVAILABLE,0,1.54,12.98
twang.rest,AVAILABLE,0,1.54,26.26
twang.skin,AVAILABLE,0,1.54,12.98
twang.surf,AVAILABLE,0,1.54,26.26
twee.lol,AVAILABLE,0,1.54,26.26
twee.space,AVAILABLE,1,136.98,546.35
twee.pics,AVAILABLE,0,1.54,26.26
twee.quest,AVAILABLE,0,1.54,12.98
twee.mom,AVAILABLE,0,1.54,26.26
twee.beauty,AVAILABLE,0,1.54,12.98
twee.beer,AVAILABLE,0,1.54,26.26
twee.best,AVAILABLE,0,1.72,15.96
twee.click,AVAILABLE,1,76.94,109.69
twee.garden,AVAILABLE,0,1.54,26.26
twee.hair,AVAILABLE,0,1.54,12.98
twee.monster,AVAILABLE,0,1.54,12.98
twee.rest,AVAILABLE,0,1.54,26.26
twee.skin,AVAILABLE,0,1.54,12.98
twee.surf,AVAILABLE,0,1.54,26.26
tweed.lol,AVAILABLE,0,1.54,26.26
tweed.space,PENDING,0,0.00,0.00
tweed.pics,AVAILABLE,0,1.54,26.26
tweed.quest,AVAILABLE,0,1.54,12.98
tweed.mom,AVAILABLE,0,1.54,26.26
tweed.beauty,AVAILABLE,0,1.54,12.98
tweed.beer,AVAILABLE,0,1.54,26.26
tweed.best,AVAILABLE,0,1.72,15.96
tweed.click,AVAILABLE,1,76.94,109.69
tweed.garden,AVAILABLE,1,87.86,27.82
tweed.hair,AVAILABLE,0,1.54,12.98
tweed.monster,AVAILABLE,0,1.54,12.98
tweed.rest,AVAILABLE,0,1.54,26.26
tweed.skin,AVAILABLE,0,1.54,12.98
tweed.surf,AVAILABLE,0,1.54,26.26
twerp.lol,UNAVAILABLE,0,1.54,26.26
twerp.space,AVAILABLE,1,27.82,109.69
twerp.pics,AVAILABLE,0,1.54,26.26
twerp.quest,AVAILABLE,0,1.54,12.98
twerp.mom,AVAILABLE,0,1.54,26.26
twerp.beauty,AVAILABLE,0,1.54,12.98
twerp.beer,AVAILABLE,0,1.54,26.26
twerp.best,AVAILABLE,0,1.72,15.96
twerp.click,AVAILABLE,1,76.94,109.69
twerp.garden,AVAILABLE,0,1.54,26.26
twerp.hair,AVAILABLE,0,1.54,12.98
twerp.monster,AVAILABLE,0,1.54,12.98
twerp.rest,AVAILABLE,0,1.54,26.26
twerp.skin,AVAILABLE,0,1.54,12.98
twerp.surf,AVAILABLE,0,1.54,26.26
twit.lol,UNAVAILABLE,0,1.54,26.26
twit.space,AVAILABLE,1,68.75,273.44
twit.pics,AVAILABLE,0,1.54,26.26
twit.quest,AVAILABLE,0,1.54,12.98
twit.mom,AVAILABLE,0,1.54,26.26
twit.beauty,AVAILABLE,0,1.54,12.98
twit.beer,AVAILABLE,0,1.54,26.26
twit.best,AVAILABLE,0,1.72,15.96
twit.click,AVAILABLE,1,76.94,109.69
twit.garden,AVAILABLE,0,1.54,26.26
twit.hair,AVAILABLE,0,1.54,12.98
twit.monster,AVAILABLE,0,1.54,12.98
twit.rest,AVAILABLE,0,1.54,26.26
twit.skin,AVAILABLE,0,1.54,12.98
twit.surf,AVAILABLE,0,1.54,26.26
umami.lol,UNAVAILABLE,0,1.54,26.26
umami.space,AVAILABLE,1,68.75,273.44
umami.pics,AVAILABLE,0,1.54,26.26
umami.quest,UNAVAILABLE,0,1.54,12.98
umami.mom,AVAILABLE,0,1.54,26.26
umami.beauty,AVAILABLE,0,1.54,12.98
umami.beer,UNAVAILABLE,0,1.54,26.26
umami.best,AVAILABLE,0,1.72,15.96
umami.click,UNAVAILABLE,0,1.54,10.81
umami.garden,UNAVAILABLE,0,1.54,26.26
umami.hair,AVAILABLE,0,1.54,12.98
umami.monster,UNAVAILABLE,0,1.54,12.98
umami.rest,UNAVAILABLE,0,1.54,26.26
umami.skin,AVAILABLE,0,1.54,12.98
umami.surf,UNAVAILABLE,0,1.54,26.26
umber.lol,AVAILABLE,0,1.54,26.26
umber.space,AVAILABLE,1,68.75,273.44
umber.pics,AVAILABLE,0,1.54,26.26
umber.quest,AVAILABLE,0,1.54,12.98
umber.mom,UNAVAILABLE,0,1.54,26.26
umber.beauty,UNAVAILABLE,0,1.54,12.98
umber.beer,AVAILABLE,0,1.54,26.26
umber.best,AVAILABLE,0,1.72,15.96
umber.click,AVAILABLE,1,76.94,109.69
umber.garden,AVAILABLE,0,1.54,26.26
umber.hair,AVAILABLE,0,1.54,12.98
umber.monster,AVAILABLE,0,1.54,12.98
umber.rest,AVAILABLE,0,1.54,26.26
umber.skin,AVAILABLE,0,1.54,12.98
umber.surf,AVAILABLE,0,1.54,26.26
uvula.lol,AVAILABLE,0,1.54,26.26
uvula.space,UNAVAILABLE,0,1.96,26.26
uvula.pics,AVAILABLE,0,1.54,26.26
uvula.quest,AVAILABLE,0,1.54,12.98
uvula.mom,AVAILABLE,0,1.54,26.26
uvula.beauty,AVAILABLE,0,1.54,12.98
uvula.beer,PENDING,0,0.00,0.00
uvula.best,AVAILABLE,0,1.72,15.96
uvula.click,AVAILABLE,1,76.94,109.69
uvula.garden,PENDING,0,0.00,0.00
uvula.hair,AVAILABLE,0,1.54,12.98
uvula.monster,AVAILABLE,0,1.54,12.98
uvula.rest,AVAILABLE,0,1.54,26.26
uvula.skin,AVAILABLE,0,1.54,12.98
uvula.surf,PENDING,0,0.00,0.00
veer.lol,UNAVAILABLE,0,1.54,26.26
veer.space,AVAILABLE,1,136.98,546.35
veer.pics,AVAILABLE,0,1.54,26.26
veer.quest,AVAILABLE,0,1.54,12.98
veer.mom,AVAILABLE,0,1.54,26.26
veer.beauty,AVAILABLE,0,1.54,12.98
veer.beer,UNAVAILABLE,1,44.19,27.82
veer.best,AVAILABLE,0,1.72,15.96
veer.click,UNAVAILABLE,0,1.54,10.81
veer.garden,AVAILABLE,0,1.54,26.26
veer.hair,AVAILABLE,0,1.54,12.98
veer.monster,AVAILABLE,0,1.54,12.98
veer.rest,UNAVAILABLE,0,1.54,26.26
veer.skin,AVAILABLE,0,1.54,12.98
veer.surf,AVAILABLE,0,1.54,26.26
velum.lol,AVAILABLE,0,1.54,26.26
velum.space,UNAVAILABLE,0,1.96,26.26
velum.pics,AVAILABLE,0,1.54,26.26
velum.quest,AVAILABLE,0,1.54,12.98
velum.mom,AVAILABLE,0,1.54,26.26
velum.beauty,UNAVAILABLE,0,1.54,12.98
velum.beer,AVAILABLE,0,1.54,26.26
velum.best,AVAILABLE,0,1.72,15.96
velum.click,AVAILABLE,1,76.94,109.69
velum.garden,AVAILABLE,0,1.54,26.26
velum.hair,AVAILABLE,0,1.54,12.98
velum.monster,AVAILABLE,0,1.54,12.98
velum.rest,AVAILABLE,0,1.54,26.26
velum.skin,UNAVAILABLE,0,1.54,12.98
velum.surf,AVAILABLE,0,1.54,26.26
viand.lol,AVAILABLE,0,1.54,26.26
viand.space,AVAILABLE,1,27.82,109.69
viand.pics,AVAILABLE,0,1.54,26.26
viand.quest,AVAILABLE,0,1.54,12.98
viand.mom,AVAILABLE,0,1.54,26.26
viand.beauty,AVAILABLE,0,1.54,12.98
viand.beer,AVAILABLE,0,1.54,26.26
viand.best,AVAILABLE,0,1.72,15.96
viand.click,AVAILABLE,1,76.94,109.69
viand.garden,AVAILABLE,0,1.54,26.26
viand.hair,AVAILABLE,0,1.54,12.98
viand.monster,AVAILABLE,0,1.54,12.98
viand.rest,AVAILABLE,0,1.54,26.26
viand.skin,AVAILABLE,0,1.54,12.98
viand.surf,AVAILABLE,0,1.54,26.26
virid.lol,AVAILABLE,0,1.54,26.26
virid.space,AVAILABLE,0,1.96,26.26
virid.pics,AVAILABLE,0,1.54,26.26
virid.quest,AVAILABLE,0,1.54,12.98
virid.mom,AVAILABLE,0,1.54,26.26
virid.beauty,AVAILABLE,0,1.54,12.98
virid.beer,AVAILABLE,0,1.54,26.26
virid.best,AVAILABLE,0,1.72,15.96
virid.click,AVAILABLE,1,76.94,109.69
virid.garden,AVAILABLE,0,1.54,26.26
virid.hair,AVAILABLE,0,1.54,12.98
virid.monster,AVAILABLE,0,1.54,12.98
virid.rest,AVAILABLE,0,1.54,26.26
virid.skin,AVAILABLE,0,1.54,12.98
virid.surf,AVAILABLE,0,1.54,26.26
wally.lol,UNAVAILABLE,0,1.54,26.26
wally.space,AVAILABLE,1,136.98,546.35
wally.pics,UNAVAILABLE,0,1.54,26.26
wally.quest,AVAILABLE,0,1.54,12.98
wally.mom,AVAILABLE,0,1.54,26.26
wally.beauty,AVAILABLE,0,1.54,12.98
wally.beer,AVAILABLE,0,1.54,26.26
wally.best,UNAVAILABLE,0,1.72,15.96
wally.click,AVAILABLE,1,382.61,546.35
wally.garden,AVAILABLE,0,1.54,26.26
wally.hair,AVAILABLE,0,1.54,12.98
wally.monster,UNAVAILABLE,0,1.54,12.98
wally.rest,AVAILABLE,0,1.54,26.26
wally.skin,AVAILABLE,0,1.54,12.98
wally.surf,AVAILABLE,0,1.54,26.26
wane.lol,AVAILABLE,0,1.54,26.26
wane.space,AVAILABLE,1,68.75,273.44
wane.pics,AVAILABLE,0,1.54,26.26
wane.quest,AVAILABLE,0,1.54,12.98
wane.mom,AVAILABLE,0,1.54,26.26
wane.beauty,AVAILABLE,0,1.54,12.98
wane.beer,AVAILABLE,1,44.19,27.82
wane.best,AVAILABLE,0,1.72,15.96
wane.click,AVAILABLE,1,76.94,109.69
wane.garden,AVAILABLE,0,1.54,26.26
wane.hair,AVAILABLE,0,1.54,12.98
wane.monster,AVAILABLE,0,1.54,12.98
wane.rest,AVAILABLE,0,1.54,26.26
wane.skin,AVAILABLE,0,1.54,12.98
wane.surf,AVAILABLE,0,1.54,26.26
weizen.lol,AVAILABLE,0,1.54,26.26
weizen.space,AVAILABLE,0,1.96,26.26
weizen.pics,AVAILABLE,0,1.54,26.26
weizen.quest,AVAILABLE,0,1.54,12.98
weizen.mom,AVAILABLE,0,1.54,26.26
weizen.beauty,AVAILABLE,0,1.54,12.98
weizen.beer,UNAVAILABLE,0,1.54,26.26
weizen.best,AVAILABLE,0,1.72,15.96
weizen.click,AVAILABLE,0,1.54,10.81
weizen.garden,AVAILABLE,0,1.54,26.26
weizen.hair,AVAILABLE,0,1.54,12.98
weizen.monster,AVAILABLE,0,1.54,12.98
weizen.rest,AVAILABLE,0,1.54,26.26
weizen.skin,AVAILABLE,0,1.54,12.98
weizen.surf,AVAILABLE,0,1.54,26.26
wend.lol,AVAILABLE,0,1.54,26.26
wend.space,AVAILABLE,1,136.98,546.35
wend.pics,AVAILABLE,0,1.54,26.26
wend.quest,AVAILABLE,0,1.54,12.98
wend.mom,UNAVAILABLE,0,1.54,26.26
wend.beauty,AVAILABLE,0,1.54,12.98
wend.beer,AVAILABLE,0,1.54,26.26
wend.best,AVAILABLE,0,1.72,15.96
wend.click,AVAILABLE,1,76.94,109.69
wend.garden,AVAILABLE,0,1.54,26.26
wend.hair,AVAILABLE,0,1.54,12.98
wend.monster,AVAILABLE,0,1.54,12.98
wend.rest,AVAILABLE,0,1.54,26.26
wend.skin,AVAILABLE,0,1.54,12.98
wend.surf,UNAVAILABLE,0,1.54,26.26
whack.lol,UNAVAILABLE,0,1.54,26.26
whack.space,AVAILABLE,1,68.75,273.44
whack.pics,AVAILABLE,0,1.54,26.26
whack.quest,AVAILABLE,0,1.54,12.98
whack.mom,AVAILABLE,0,1.54,26.26
whack.beauty,AVAILABLE,0,1.54,12.98
whack.beer,AVAILABLE,0,1.54,26.26
whack.best,AVAILABLE,0,1.72,15.96
whack.click,AVAILABLE,1,76.94,109.69
whack.garden,AVAILABLE,0,1.54,26.26
whack.hair,AVAILABLE,0,1.54,12.98
whack.monster,AVAILABLE,0,1.54,12.98
whack.rest,AVAILABLE,0,1.54,26.26
whack.skin,AVAILABLE,0,1.54,12.98
whack.surf,AVAILABLE,0,1.54,26.26
whet.lol,AVAILABLE,0,1.54,26.26
whet.space,AVAILABLE,1,27.82,109.69
whet.pics,AVAILABLE,0,1.54,26.26
whet.quest,AVAILABLE,0,1.54,12.98
whet.mom,AVAILABLE,0,1.54,26.26
whet.beauty,AVAILABLE,0,1.54,12.98
whet.beer,AVAILABLE,0,1.54,26.26
whet.best,AVAILABLE,0,1.72,15.96
whet.click,AVAILABLE,1,76.94,109.69
whet.garden,AVAILABLE,0,1.54,26.26
whet.hair,AVAILABLE,0,1.54,12.98
whet.monster,AVAILABLE,0,1.54,12.98
whet.rest,AVAILABLE,0,1.54,26.26
whet.skin,AVAILABLE,0,1.54,12.98
whet.surf,AVAILABLE,0,1.54,26.26
wilt.lol,UNAVAILABLE,0,1.54,26.26
wilt.space,AVAILABLE,1,68.75,273.44
wilt.pics,UNAVAILABLE,0,1.54,26.26
wilt.quest,AVAILABLE,0,1.54,12.98
wilt.mom,AVAILABLE,0,1.54,26.26
wilt.beauty,AVAILABLE,0,1.54,12.98
wilt.beer,AVAILABLE,0,1.54,26.26
wilt.best,AVAILABLE,0,1.72,15.96
wilt.click,AVAILABLE,1,76.94,109.69
wilt.garden,PENDING,0,0.00,0.00
wilt.hair,AVAILABLE,0,1.54,12.98
wilt.monster,AVAILABLE,0,1.54,12.98
wilt.rest,AVAILABLE,0,1.54,26.26
wilt.skin,AVAILABLE,0,1.54,12.98
wilt.surf,PENDING,0,0.00,0.00
wither.lol,UNAVAILABLE,0,1.54,26.26
wither.space,AVAILABLE,1,27.82,109.69
wither.pics,AVAILABLE,0,1.54,26.26
wither.quest,AVAILABLE,0,1.54,12.98
wither.mom,AVAILABLE,0,1.54,26.26
wither.beauty,AVAILABLE,0,1.54,12.98
wither.beer,AVAILABLE,0,1.54,26.26
wither.best,UNAVAILABLE,0,1.72,15.96
wither.click,AVAILABLE,0,1.54,10.81
wither.garden,AVAILABLE,0,1.54,26.26
wither.hair,AVAILABLE,0,1.54,12.98
wither.monster,AVAILABLE,0,1.54,12.98
wither.rest,AVAILABLE,0,1.54,26.26
wither.skin,AVAILABLE,0,1.54,12.98
wither.surf,AVAILABLE,0,1.54,26.26
wonky.lol,AVAILABLE,0,1.54,26.26
wonky.space,UNAVAILABLE,0,1.96,26.26
wonky.pics,AVAILABLE,0,1.54,26.26
wonky.quest,AVAILABLE,0,1.54,12.98
wonky.mom,AVAILABLE,0,1.54,26.26
wonky.beauty,AVAILABLE,0,1.54,12.98
wonky.beer,AVAILABLE,0,1.54,26.26
wonky.best,AVAILABLE,0,1.72,15.96
wonky.click,AVAILABLE,1,76.94,109.69
wonky.garden,AVAILABLE,0,1.54,26.26
wonky.hair,AVAILABLE,0,1.54,12.98
wonky.monster,AVAILABLE,0,1.54,12.98
wonky.rest,AVAILABLE,0,1.54,26.26
wonky.skin,AVAILABLE,0,1.54,12.98
wonky.surf,AVAILABLE,0,1.54,26.26
yokel.lol,AVAILABLE,0,1.54,26.26
yokel.space,AVAILABLE,0,1.96,26.26
yokel.pics,AVAILABLE,0,1.54,26.26
yokel.quest,AVAILABLE,0,1.54,12.98
yokel.mom,AVAILABLE,0,1.54,26.26
yokel.beauty,AVAILABLE,0,1.54,12.98
yokel.beer,AVAILABLE,0,1.54,26.26
yokel.best,AVAILABLE,0,1.72,15.96
yokel.click,AVAILABLE,1,76.94,109.69
yokel.garden,AVAILABLE,0,1.54,26.26
yokel.hair,AVAILABLE,0,1.54,12.98
yokel.monster,AVAILABLE,0,1.54,12.98
yokel.rest,AVAILABLE,0,1.54,26.26
yokel.skin,AVAILABLE,0,1.54,12.98
yokel.surf,AVAILABLE,0,1.54,26.26
yuzu.lol,UNAVAILABLE,0,1.54,26.26
yuzu.space,UNAVAILABLE,0,1.96,26.26
yuzu.pics,AVAILABLE,0,1.54,26.26
yuzu.quest,AVAILABLE,0,1.54,12.98
yuzu.mom,UNAVAILABLE,0,1.54,26.26
yuzu.beauty,AVAILABLE,0,1.54,12.98
yuzu.beer,UNAVAILABLE,0,1.54,26.26
yuzu.best,AVAILABLE,0,1.72,15.96
yuzu.click,AVAILABLE,0,1.54,10.81
yuzu.garden,AVAILABLE,1,87.86,27.82
yuzu.hair,AVAILABLE,0,1.54,12.98
yuzu.monster,AVAILABLE,0,1.54,12.98
yuzu.rest,AVAILABLE,0,1.54,26.26
yuzu.skin,AVAILABLE,0,1.54,12.98
yuzu.surf,AVAILABLE,0,1.54,26.26
zany.lol,UNAVAILABLE,0,1.54,26.26
zany.space,UNAVAILABLE,0,1.96,26.26
zany.pics,AVAILABLE,0,1.54,26.26
zany.quest,AVAILABLE,0,1.54,12.98
zany.mom,AVAILABLE,0,1.54,26.26
zany.beauty,AVAILABLE,0,1.54,12.98
zany.beer,AVAILABLE,0,1.54,26.26
zany.best,AVAILABLE,0,1.72,15.96
zany.click,AVAILABLE,1,76.94,109.69
zany.garden,AVAILABLE,0,1.54,26.26
zany.hair,UNAVAILABLE,0,1.54,12.98
zany.monster,AVAILABLE,0,1.54,12.98
zany.rest,AVAILABLE,0,1.54,26.26
zany.skin,AVAILABLE,0,1.54,12.98
zany.surf,AVAILABLE,0,1.54,26.26
