company_name,domain,funding_usd,status,sector,shutdown_date,notes
Olive AI,olive.com,$902M,shutdown,healthtech,2023-10,Healthcare AI automation; laid off 450+ then shut down; Source: curated
Convoy,convoy.com,$3.8B,shutdown,logistics,2023-10,Digital freight brokerage; shut down despite $3.8B raised; Source: curated
Veev,veev.com,$647M,bankrupt,proptech,2024-01,Prefab home builder; filed Chapter 7 bankruptcy; Source: curated
Bird,bird.co,$275M,bankrupt,logistics,2023-12,Electric scooter company; filed Chapter 11; Source: curated
IronNet Cybersecurity,ironnet.com,$100M,bankrupt,saas,2023-09,Cybersecurity firm; filed Chapter 7; Source: curated
Plastiq,plastiq.com,$226M,bankrupt,fintech,2023-05,Bill payment platform; filed Chapter 7; Source: curated
Zume,zumepizza.com,$445M,shutdown,food,2023-06,Robot pizza delivery pivoted to packaging; shut down; Source: curated
SimpleClosure,simpleclosure.com,$3M,shutdown,saas,2024-03,Startup shutdown service; itself shut down; Source: curated
Katerra,katerra.com,$2B,bankrupt,proptech,2023-06,Construction tech; filed Chapter 7 after $2B raised; Source: curated
Quibi,quibi.com,$1.75B,shutdown,media,2020-12,Short-form streaming; shut down after 6 months; Source: curated
Jawbone,jawbone.com,$930M,shutdown,healthtech,2017-07,Fitness tracker maker; liquidated assets; Source: curated
Solyndra,solyndra.com,$1.1B,bankrupt,cleantech,2011-09,Solar panel manufacturer; filed bankruptcy; Source: curated
Essential Products,essential.com,$330M,shutdown,saas,2020-02,Andy Rubin phone startup; ceased operations; Source: curated
Brandless,brandless.com,$292M,shutdown,ecommerce,2020-02,DTC generic goods; shut down operations; Source: curated
Fast,fast.co,$120M,shutdown,fintech,2022-04,One-click checkout; shut down after burning cash; Source: curated
Zanbazaar,zanbazaar.com,,inactive,consumer,,Community-curated catalogs for product recommendations; YC Summer 2006; Source: YC
Scoutzie,scoutzie.com,,inactive,b2b,,Scoutzie is a curated community for the best mobile designers. If…; YC Summer 2012; Source: YC
Envision Healthcare,envisionhealthcare.com,$781.3M,closed,hospitals,,Market: Hospitals; USA; Source: Crunchbase
Sangart,sangart.com,$315.9M,closed,biotech,,Market: Biotechnology; USA; Source: Crunchbase
JinkoSolar Holding,jinkosolar.com,$260.0M,closed,cleantech,,Market: Clean Technology; Source: Crunchbase
AltraBiofuels,altrabiofuels.com,$228.5M,closed,cleantech,,Market: Clean Technology; USA; Source: Crunchbase
SolFocus,solfocus.com,$211.4M,closed,cleantech,,Market: Clean Technology; USA; Source: Crunchbase
Range Fuels,rangefuels.com,$186.2M,closed,cleantech,,Market: Clean Technology; USA; Source: Crunchbase
Biolex Therapeutics,biolex.com,$172.3M,closed,biotech,,Market: Biotechnology; USA; Source: Crunchbase
Official Limited Virtual,officialvirtualdj.com,$170.6M,closed,music,,Market: Music; GBR; Source: Crunchbase
SulfurCell,sulfurcell.de,$158.7M,closed,cleantech,,Market: Clean Technology; DEU; Source: Crunchbase
S*Bio,sbio.com,$143.5M,closed,biotech,,Market: Biotechnology; SGP; Source: Crunchbase
CipherMax,ciphermaxinc.com,$141.5M,closed,security,,Market: Security; USA; Source: Crunchbase
NeoVista,neovistainc.com,$130.0M,closed,healthtech,,Market: Health Care; USA; Source: Crunchbase
Pocket Communications Northeast,pocket.com,$125.0M,closed,mobile,,Market: Mobile; USA; Source: Crunchbase
Ausra,ausra.com,$123.3M,closed,solar,,Market: Solar; USA; Source: Crunchbase
Aerovance,aerovance.com,$120.5M,closed,biotech,,Market: Biotechnology; USA; Source: Crunchbase
Hana Biosciences,hanabiosciences.com,$116.3M,closed,biotech,,Market: Biotechnology; USA; Source: Crunchbase
Cellerix,cellerix.com,$115.4M,closed,biotech,,Market: Biotechnology; ESP; Source: Crunchbase
AVA Solar,avasolar.com,$104.0M,closed,cleantech,,Market: Clean Technology; USA; Source: Crunchbase
Alta Wind Energy Center,altawindenergycenter.com,$102.0M,closed,cleantech,,Market: Clean Technology; USA; Source: Crunchbase
NanoInk,nanoink.net,$100.0M,closed,biotech,,Market: Biotechnology; USA; Source: Crunchbase
UK-EastLondon-Asian. Inc,uk-eastlondon-asian.co.uk,$100.0M,closed,other,,GBR; Source: Crunchbase
Dilithium Networks,onmobile.com,$99.7M,closed,mobile,,Market: Mobile; USA; Source: Crunchbase
GreenVolts,greenvolts.com,$96.8M,closed,cleantech,,Market: Clean Technology; USA; Source: Crunchbase
Think Global,think.no,$96.7M,closed,cleantech,,Market: Clean Technology; Source: Crunchbase
Telsima,telsima.com,$95.0M,closed,curated web,,Market: Curated Web; USA; Source: Crunchbase
PixelOptics,pixeloptics.com,$92.5M,closed,medical devices,,Market: Medical Devices; USA; Source: Crunchbase
Lux Biosciences,luxbio.com,$90.2M,closed,biotech,,Market: Biotechnology; USA; Source: Crunchbase
Arcadian Networks,greentechmedia.com,$90.0M,closed,cleantech,,Market: Clean Technology; USA; Source: Crunchbase
Odersun,odersun.com,$90.0M,closed,other,,Source: Crunchbase
Konarka Technologies,konarkatech.com,$88.8M,closed,cleantech,,Market: Clean Technology; USA; Source: Crunchbase
Beyond Oblivion,beyondoblivion.com,$87.0M,closed,mobile,,Market: Mobile; USA; Source: Crunchbase
OurHouse,sddt.com,$85.3M,closed,retail,,Market: Retail; Source: Crunchbase
modu,modumobile.com,$85.0M,closed,wireless,,Market: Wireless; ISR; Source: Crunchbase
agri.capital,agri-capital.de,$81.7M,closed,cleantech,,Market: Clean Technology; DEU; Source: Crunchbase
PhotoThera,photothera.com,$80.5M,closed,biotech,,Market: Biotechnology; USA; Source: Crunchbase
Azingo,celunite.net,$80.0M,closed,mobile,,Market: Mobile; USA; Source: Crunchbase
Nanoradio,nanoradio.com,$80.0M,closed,hardware,,Market: Semiconductors; SWE; Source: Crunchbase
Sequoia Communications,sequoiacommunications.com,$74.0M,closed,hardware,,Market: Semiconductors; USA; Source: Crunchbase
Cylene Pharmaceuticals,cylenepharma.com,$72.5M,closed,biotech,,Market: Biotechnology; USA; Source: Crunchbase
RadioFrame,radioframenetworks.com,$68.0M,closed,mobile,,Market: Mobile; USA; Source: Crunchbase
Link Medicine,linkmedicine.com,$64.8M,closed,healthtech,,Market: Health Care; USA; Source: Crunchbase
NextIO,nextio.com,$64.6M,closed,networking,,Market: Networking; USA; Source: Crunchbase
OneChip Photonics,onechipphotonics.com,$64.3M,closed,hardware,,Market: Semiconductors; CAN; Source: Crunchbase
C8 MediSensors,c8-inc.com,$64.0M,closed,biotech,,Market: Biotechnology; USA; Source: Crunchbase
ContextWeb,contextweb.com,$63.5M,closed,adtech,,Market: Advertising; USA; Source: Crunchbase
Satiety,satiety.com,$62.8M,closed,healthtech,,Market: Health Care; USA; Source: Crunchbase
Standard Renewable Energy,sre3.com,$61.5M,closed,hardware,,Market: Semiconductors; USA; Source: Crunchbase
NeuroVista,neurovista.com,$61.3M,closed,medical,,Market: Medical; USA; Source: Crunchbase
Phenomix,phenomixcorp.com,$61.0M,closed,biotech,,Market: Biotechnology; USA; Source: Crunchbase
Sequoia Pharmaceuticals,sequoiapharmaceuticals.com,$60.8M,closed,biotech,,Market: Biotechnology; USA; Source: Crunchbase
Digital Domain Media Group,ddmg.co,$58.5M,closed,design,,Market: Design; USA; Source: Crunchbase
NeuroTherapeutics Pharma,ntprx.com,$58.2M,closed,biotech,,Market: Biotechnology; USA; Source: Crunchbase
Internet REIT,ireit.com,$58.0M,closed,web hosting,,Market: Web Hosting; Source: Crunchbase
Hutchinson Technology,htch.com,$57.2M,closed,saas,,Market: Software; USA; Source: Crunchbase
CELLFOR,cellfor.com,$56.5M,closed,cleantech,,Market: Clean Technology; CAN; Source: Crunchbase
Shocking Technologies,shockingtechnologies.com,$55.9M,closed,hardware + software,,Market: Hardware + Software; USA; Source: Crunchbase
Wisair,wisair.com,$55.8M,closed,hardware,,Market: Semiconductors; ISR; Source: Crunchbase
MOLI,moli.com,$55.6M,closed,curated web,,Market: Curated Web; USA; Source: Crunchbase
Nordic Windpower,nordicwindpower.com,$54.0M,closed,cleantech,,Market: Clean Technology; USA; Source: Crunchbase
Your Energy,your-energy.co.uk,$53.0M,closed,cleantech,,Market: Clean Technology; GBR; Source: Crunchbase
Reef Point Systems,reefpoint.com,$52.0M,closed,security,,Market: Security; USA; Source: Crunchbase
IGA Worldwide,igaworldwide.com,$51.4M,closed,adtech,,Market: Advertising; USA; Source: Crunchbase
Genizon BioSciences,genizon.com,$51.3M,closed,biotech,,Market: Biotechnology; CAN; Source: Crunchbase
SecureAlert,remotemdx.com,$50.4M,closed,mobile,,Market: Mobile; USA; Source: Crunchbase
Blowtorch,blowtorch.com,$50.0M,closed,entertainment,,Market: Entertainment; USA; Source: Crunchbase
Applied Quantum Technologies,aqtsolar.com,$49.8M,closed,manufacturing,,Market: Manufacturing; USA; Source: Crunchbase
NovaSys,novasyshealth.com,$49.5M,closed,biotech,,Market: Biotechnology; USA; Source: Crunchbase
QSecure,qsecure.com,$49.0M,closed,security,,Market: Security; USA; Source: Crunchbase
Hammerhead Systems,stephenlaughlin.posterous.com,$48.0M,closed,web hosting,,Market: Web Hosting; USA; Source: Crunchbase
SearchMe,searchme.com,$46.9M,closed,visual search,,Market: Visual Search; USA; Source: Crunchbase
Voyage Medical,voyagemedical.com,$46.4M,closed,healthtech,,Market: Health Care; USA; Source: Crunchbase
ConSentry Networks,consentry.com,$46.4M,closed,services,,Market: Consulting; USA; Source: Crunchbase
Iunika,iunika.com,$46.0M,closed,saas,,Market: Software; Source: Crunchbase
Cytheris,cytheris.com,$45.7M,closed,biotech,,Market: Biotechnology; FRA; Source: Crunchbase
NOVASYS MEDICAL,novasysmedical.com,$45.4M,closed,healthtech,,Market: Health Care; USA; Source: Crunchbase
Goodmail Systems,goodmailsystems.com,$45.0M,closed,email marketing,,Market: Email Marketing; USA; Source: Crunchbase
Tioga Energy,tiogaenergy.com,$45.0M,closed,cleantech,,Market: Clean Technology; USA; Source: Crunchbase
Pervasis Therapeutics,pervasistx.com,$44.5M,closed,biotech,,Market: Biotechnology; USA; Source: Crunchbase
Zero9,zero9group.com,$44.2M,closed,microblogging,,Market: MicroBlogging; ITA; Source: Crunchbase
Apnex Medical,apnexmedical.com,$44.0M,closed,healthtech,,Market: Health Care; USA; Source: Crunchbase
Paracor Medical,paracormedical.com,$44.0M,closed,healthtech,,Market: Health Care; USA; Source: Crunchbase
RPO,rpo.biz,$44.0M,closed,hardware + software,,Market: Hardware + Software; USA; Source: Crunchbase
Liquid Computing,liquidcomputing.com,$44.0M,closed,public relations,,Market: Public Relations; CAN; Source: Crunchbase
Apieron,apieron.com,$43.5M,closed,biotech,,Market: Biotechnology; USA; Source: Crunchbase
OpVista,opvista.com,$43.0M,closed,saas,,Market: Software; USA; Source: Crunchbase
Danotek Motion Technologies,danotekmotion.com,$42.7M,closed,cleantech,,Market: Clean Technology; USA; Source: Crunchbase
Roxro Pharma,roxropharma.com,$42.7M,closed,biotech,,Market: Biotechnology; USA; Source: Crunchbase
Spectrawatt,spectrawatt.com,$41.4M,closed,cleantech,,Market: Clean Technology; USA; Source: Crunchbase
Color Labs Inc.,color.com,$41.0M,closed,proximity internet,,Market: Proximity Internet; USA; Source: Crunchbase
Vaprema,vaperma.com,$40.3M,closed,cleantech,,Market: Clean Technology; Source: Crunchbase
Enforta,enforta.ru,$40.0M,closed,mobile,,Market: Mobile; RUS; Source: Crunchbase
Hoyos Corporation,hoyosgroup.com,$40.0M,closed,saas,,Market: Enterprise Software; USA; Source: Crunchbase
Zango,zango.com,$40.0M,closed,gaming,,Market: Games; USA; Source: Crunchbase
Synchronica,synchronica.com,$39.7M,closed,mobile,,Market: Mobile; GBR; Source: Crunchbase
MagnaChip Semiconductor,magnachip.com,$39.5M,closed,hardware,,Market: Semiconductors; LUX; Source: Crunchbase
SemiSouth Laboratories,semisouth.com,$39.0M,closed,electronics,,Market: Electronics; USA; Source: Crunchbase
Aureon Laboratories,aureon.com,$38.3M,closed,biotech,,Market: Biotechnology; Source: Crunchbase
Alloptic,alloptic.com,$38.0M,closed,public relations,,Market: Public Relations; USA; Source: Crunchbase
G10 Entertainment,g10korea.com,$38.0M,closed,gaming,,Market: Games; Source: Crunchbase
Unigene Laboratories,unigene.com,$37.8M,closed,biotech,,Market: Biotechnology; USA; Source: Crunchbase
Embedded Internet Solutions,embisoft.com,$36.6M,closed,saas,,Market: Software; CHN; Source: Crunchbase
RipCode,ripcode.com,$36.5M,closed,saas,,Market: Software; USA; Source: Crunchbase
Aptera,forbes.com,$36.3M,closed,automotive,,Market: Automotive; USA; Source: Crunchbase
SupportSpace,supportspace.com,$36.2M,closed,collaboration,,Market: Collaboration; ISR; Source: Crunchbase
Akimbo,venturebeat.com,$36.1M,closed,personal branding,,Market: Personal Branding; USA; Source: Crunchbase
MedShape,medshapesolutions.com,$36.0M,closed,healthtech,,Market: Health Care; USA; Source: Crunchbase
MicroEmissive Displays Group,microemissive.com,$35.3M,closed,hardware,,Market: Semiconductors; GBR; Source: Crunchbase
Financial Information Network & Operations Pvt,fino.co.in,$35.0M,closed,fintech,,Market: Finance; IND; Source: Crunchbase
International Battery,internationalbattery.com,$35.0M,closed,cleantech,,Market: Clean Technology; USA; Source: Crunchbase
Mail.com Media Corporation,corp.mail.com,$35.0M,closed,email,,Market: Email; USA; Source: Crunchbase
WhenU.com,whenu.com,$35.0M,closed,saas,,Market: Software; Source: Crunchbase
OfficialVirtualDJ,officialvirtualdjmusic.co.uk,$34.8M,closed,music,,Market: Music; GBR; Source: Crunchbase
SVTC Technologies,svtc.com,$34.0M,closed,web hosting,,Market: Web Hosting; USA; Source: Crunchbase
Medley Health,medleyhealth.com,$33.0M,closed,healthtech,,Market: Health and Wellness; USA; Source: Crunchbase
CV Ingenuity,cvingenuity.com,$32.7M,closed,healthtech,,Market: Health Care; USA; Source: Crunchbase
Metallkraft AS,metallkraft.no,$32.5M,closed,cleantech,,Market: Clean Technology; NOR; Source: Crunchbase
Altheos,altheos.net,$32.5M,closed,biotech,,Market: Biotechnology; USA; Source: Crunchbase
Enigmatec,enigmatec.com,$32.5M,closed,saas,,Market: Enterprise Software; GBR; Source: Crunchbase
rPath,rpath.com,$32.5M,closed,saas,,Market: Enterprise Software; USA; Source: Crunchbase
APT Pharmaceuticals,aptbio.com,$32.0M,closed,biotech,,Market: Biotechnology; USA; Source: Crunchbase
Eons,eons.com,$32.0M,closed,social network media,,Market: Social Network Media; USA; Source: Crunchbase
Mpex Pharmaceuticals,mpexpharma.com,$32.0M,closed,biotech,,Market: Biotechnology; USA; Source: Crunchbase
Visiprise,visiprise.com,$32.0M,closed,saas,,Market: Software; USA; Source: Crunchbase
Zeugma Systems,zeugmasystems.com,$31.5M,closed,web hosting,,Market: Web Hosting; CAN; Source: Crunchbase
Global Roaming,globalroaming.us,$30.5M,closed,mobile,,Market: Mobile; USA; Source: Crunchbase
Ecast,ecastnetwork.com,$30.3M,closed,music,,Market: Music; USA; Source: Crunchbase
Cswitch,cswitch.com,$30.0M,closed,hardware,,Market: Semiconductors; USA; Source: Crunchbase
GridNetworks,gridnetworks.com,$30.0M,closed,gaming,,Market: Games; USA; Source: Crunchbase
Infineta Systems,riverbed.com,$30.0M,closed,saas,,Market: Software; USA; Source: Crunchbase
N2N Commerce,n2ncommerce.com,$30.0M,closed,ecommerce,,Market: E-Commerce; USA; Source: Crunchbase
Cozi Group,cozi.com,$29.6M,closed,online scheduling,,Market: Online Scheduling; USA; Source: Crunchbase
Plato Networks,platonetworks.com,$29.5M,closed,hardware,,Market: Semiconductors; USA; Source: Crunchbase
Jentro Technologies,jentro.com,$29.0M,closed,mobile,,Market: Mobile; DEU; Source: Crunchbase
Trinity Biosystems,trinitybiosystems.com,$28.5M,closed,biotech,,Market: Biotechnology; USA; Source: Crunchbase
ANTs Software,ants.com,$28.3M,closed,saas,,Market: Software; USA; Source: Crunchbase
ARYx Therapeutics,aryx.com,$28.3M,closed,biotech,,Market: Biotechnology; USA; Source: Crunchbase
Quartics,quartics.com,$28.1M,closed,hardware + software,,Market: Hardware + Software; USA; Source: Crunchbase
Glacier Bay,glacierbay.com,$28.0M,closed,cleantech,,Market: Clean Technology; USA; Source: Crunchbase
MyShape,myshape.com,$28.0M,closed,shopping,,Market: Shopping; USA; Source: Crunchbase
Sirna Therapeutics,sirna.com,$28.0M,closed,biotech,,Market: Biotechnology; USA; Source: Crunchbase
Alice.com,alice.com,$27.9M,closed,ecommerce,,Market: E-Commerce; USA; Source: Crunchbase
Touchstone Health,touchstoneh.com,$27.5M,closed,other,,USA; Source: Crunchbase
Aztek Networks,azteknetworks.net,$27.1M,closed,web hosting,,Market: Web Hosting; USA; Source: Crunchbase
Zeo,myzeo.com,$27.1M,closed,analytics,,Market: Analytics; USA; Source: Crunchbase
MooBella,moobella.com,$27.0M,closed,manufacturing,,Market: Manufacturing; USA; Source: Crunchbase
OnRequest Images,onrequestimages.com,$27.0M,closed,photo editing,,Market: Photo Editing; USA; Source: Crunchbase
Zilker Labs,zilkerlabs.com,$27.0M,closed,hardware,,Market: Semiconductors; USA; Source: Crunchbase
Multiply,multiply.com,$26.6M,closed,ecommerce,,Market: E-Commerce; IDN; Source: Crunchbase
Solairedirect,solairedirect.com,$26.6M,closed,cleantech,,Market: Clean Technology; FRA; Source: Crunchbase
Inimex Pharmaceuticals,inimexpharma.com,$26.5M,closed,biotech,,Market: Biotechnology; CAN; Source: Crunchbase
Oriel Therapeutics,orieltherapeutics.com,$26.5M,closed,biotech,,Market: Biotechnology; USA; Source: Crunchbase
Autonomic Networks,autonomic-networks.com,$26.0M,closed,security,,Market: Security; Source: Crunchbase
Photonic Materials,heraldscotland.com,$25.8M,closed,other,,GBR; Source: Crunchbase
Inertia Beverage Group,inertiabev.com,$25.5M,closed,saas,,Market: Software; USA; Source: Crunchbase
Zattikka,zattikka.com,$25.5M,closed,online gaming,,Market: Online Gaming; GBR; Source: Crunchbase
TrovaGene,trovagene.com,$25.4M,closed,biotech,,Market: Biotechnology; USA; Source: Crunchbase
Comat Technologies,comat.com,$25.0M,closed,other,,IND; Source: Crunchbase
NovaShunt,novashunt.ch,$25.0M,closed,healthtech,,Market: Health Care; GBR; Source: Crunchbase
Nurien Software,nurien.com,$25.0M,closed,virtual worlds,,Market: Virtual Worlds; Source: Crunchbase
PharmaNation,pharmanation.com,$25.0M,closed,curated web,,Market: Curated Web; USA; Source: Crunchbase
Ruralco Holdings,ruralco.com.au,$25.0M,closed,other,,AUS; Source: Crunchbase
RatePoint,smallbiztrends.com,$24.5M,closed,email marketing,,Market: Email Marketing; USA; Source: Crunchbase
Xytis,xytis.com,$24.5M,closed,biotech,,Market: Biotechnology; USA; Source: Crunchbase
Pathway Therapeutics,pathwaytx.com,$24.4M,closed,biotech,,Market: Biotechnology; USA; Source: Crunchbase
Anaphore,anaphoreinc.com,$24.3M,closed,biotech,,Market: Biotechnology; USA; Source: Crunchbase
AutoVirt,autovirt.com,$24.3M,closed,saas,,Market: Software; USA; Source: Crunchbase
Exit41,exit41.com,$24.2M,closed,saas,,Market: Software; USA; Source: Crunchbase
Eddingpharm (Cayman),eddingpharm.com,$24.0M,closed,biotech,,Market: Biotechnology; HKG; Source: Crunchbase
UC CEIN,cein.ucla.edu,$24.0M,closed,edtech,,Market: Education; USA; Source: Crunchbase
NeurAxon,nrxn.com,$23.5M,closed,biotech,,Market: Biotechnology; CAN; Source: Crunchbase
Command Information,commandinformation.com,$23.5M,closed,other,,USA; Source: Crunchbase
Femta Pharmaceuticals,femtapharma.com,$23.5M,closed,biotech,,Market: Biotechnology; USA; Source: Crunchbase
Syndexa Pharmaceuticals,syndexa.com,$23.5M,closed,biotech,,Market: Biotechnology; USA; Source: Crunchbase
Altair Therapeutics,altairthera.com,$23.5M,closed,biotech,,Market: Biotechnology; USA; Source: Crunchbase
Springleaf Therapeutics,springleaftx.com,$23.3M,closed,biotech,,Market: Biotechnology; USA; Source: Crunchbase
UGOBE,idahostatesman.com,$23.2M,closed,toys,,Market: Toys; USA; Source: Crunchbase
SeeSaw Networks,seesawnetworks.com,$23.1M,closed,adtech,,Market: Advertising; USA; Source: Crunchbase
eBillme,ebillme.com,$23.0M,closed,ecommerce,,Market: E-Commerce; USA; Source: Crunchbase
ZillionTV,zilliontv.tv,$22.9M,closed,gaming,,Market: Games; USA; Source: Crunchbase
Anagran,anagran.com,$22.6M,closed,web hosting,,Market: Web Hosting; USA; Source: Crunchbase
Cybernet Software Systems,services.cybernetsoft.com,$22.5M,closed,saas,,Market: Enterprise Software; USA; Source: Crunchbase
Xenome,xenome.com,$22.5M,closed,biotech,,Market: Biotechnology; NOR; Source: Crunchbase
Waterstone Pharmaceuticals,waterstonepharma.com,$22.4M,closed,biotech,,Market: Biotechnology; CHN; Source: Crunchbase
Atrica,atrica.com,$22.2M,closed,web hosting,,Market: Web Hosting; USA; Source: Crunchbase
SiCortex,sicortex.com,$22.1M,closed,other,,USA; Source: Crunchbase
CardioMind,cardiomind.com,$22.0M,closed,biotech,,Market: Biotechnology; USA; Source: Crunchbase
McKinnon & Clarke,mckinnon-clarke.com,$22.0M,closed,services,,Market: Consulting; GBR; Source: Crunchbase
Microfinance International,mfi-corp.com,$22.0M,closed,fintech,,Market: Finance; USA; Source: Crunchbase
Chronicity,chronicityinc.com,$21.6M,closed,services,,Market: Consulting; USA; Source: Crunchbase
Azaire Networks,azairenet.com,$21.0M,closed,mobile,,Market: Mobile; USA; Source: Crunchbase
nivio,nivio.com,$21.0M,closed,cloud data services,,Market: Cloud Data Services; IND; Source: Crunchbase
Talima Therapeutics,talima.com,$21.0M,closed,biotech,,Market: Biotechnology; USA; Source: Crunchbase
ZettaCore,zettacore.com,$21.0M,closed,hardware,,Market: Semiconductors; USA; Source: Crunchbase
iKoa,ikoa.com,$20.7M,closed,hardware,,Market: Semiconductors; USA; Source: Crunchbase
Inclinix,inclinix.com,$20.6M,closed,biotech,,Market: Biotechnology; USA; Source: Crunchbase
Myrio,myrio.com,$20.5M,closed,television,,Market: Television; USA; Source: Crunchbase
Lectus Therapeutics,lectustherapeutics.com,$20.3M,closed,biotech,,Market: Biotechnology; GBR; Source: Crunchbase
Aquest Systems,aquestsystems.com,$20.0M,closed,hardware,,Market: Semiconductors; USA; Source: Crunchbase
Century Hospice,centuryhospice.com,$20.0M,closed,healthtech,,Market: Health Care; USA; Source: Crunchbase
HeySpace,heyspace.com,$20.0M,closed,gaming,,Market: Games; CHN; Source: Crunchbase
HiWiFi,hiwifi.com,$20.0M,closed,hardware + software,,Market: Hardware + Software; CHN; Source: Crunchbase
Kickfire,kickfire.com,$20.0M,closed,analytics,,Market: Analytics; USA; Source: Crunchbase
Kiha Software,kiha.com,$20.0M,closed,cloud data services,,Market: Cloud Data Services; USA; Source: Crunchbase
LEAD Therapeutics,leadtherapeutics.com,$20.0M,closed,biotech,,Market: Biotechnology; USA; Source: Crunchbase
Nereus Pharmaceuticals,nereuspharm.com,$20.0M,closed,biotech,,Market: Biotechnology; USA; Source: Crunchbase
R&V,randv.com,$20.0M,closed,adtech,,Market: Advertising; CHN; Source: Crunchbase
Sleep Solutions,sleepsolutions.com,$20.0M,closed,healthtech,,Market: Health Care; USA; Source: Crunchbase
Mendocino Software,dciginc.com,$19.7M,closed,saas,,Market: Software; USA; Source: Crunchbase
Clean Runner,cleanrunner.com,$19.6M,closed,cleantech,,Market: Clean Technology; USA; Source: Crunchbase
Axial Biotech,axialbiotech.com,$19.4M,closed,biotech,,Market: Biotechnology; USA; Source: Crunchbase
U4EA Wireless,u4eawireless.net,$19.3M,closed,mobile,,Market: Mobile; USA; Source: Crunchbase
Moblyng,moblyng.com,$19.1M,closed,gaming,,Market: Games; USA; Source: Crunchbase
Viacor,viacorinc.com,$19.0M,closed,healthtech,,Market: Health Care; USA; Source: Crunchbase
Celona Technologies,celona.com,$19.0M,closed,saas,,Market: Software; GBR; Source: Crunchbase
Certeon,certeon.com,$19.0M,closed,saas,,Market: Software; USA; Source: Crunchbase
WiNetworks,winetworks.com,$19.0M,closed,mobile,,Market: Mobile; USA; Source: Crunchbase
Quick Hit,quickhit.com,$18.9M,closed,sports,,Market: Sports; USA; Source: Crunchbase
Kardia Health Systems,kardiahealth.com,$18.9M,closed,healthtech,,Market: Health Care; USA; Source: Crunchbase
Akella,en.akella.com,$18.7M,closed,saas,,Market: Software; RUS; Source: Crunchbase
Andigilog,andigilog.com,$18.0M,closed,hardware,,Market: Semiconductors; USA; Source: Crunchbase
Attune Systems,storagenewsletter.com,$18.0M,closed,hardware + software,,Market: Hardware + Software; USA; Source: Crunchbase
Empower Interactive Group,eigroup.com,$18.0M,closed,other,,Source: Crunchbase
NBO TV,nbo-tv.com,$18.0M,closed,media,,Market: News; NZL; Source: Crunchbase
TransPharma Medical,transpharma-medical.com,$18.0M,closed,biotech,,Market: Biotechnology; ISR; Source: Crunchbase
Six Degrees Games,sixdegreesgames.com,$18.0M,closed,gaming,,Market: Games; USA; Source: Crunchbase
QuikCycle,quikcycle.com,$17.8M,closed,saas,,Market: Software; USA; Source: Crunchbase
Anadys,anadyspharma.com,$17.5M,closed,biotech,,Market: Biotechnology; USA; Source: Crunchbase
Breaktime Studios,breaktimestudios.com,$17.4M,closed,mobile games,,Market: Mobile Games; USA; Source: Crunchbase
Silicon Hive,siliconhive.com,$17.0M,closed,hardware,,Market: Semiconductors; NLD; Source: Crunchbase
JackPot Rewards,jackpotrewards.com,$16.7M,closed,curated web,,Market: Curated Web; USA; Source: Crunchbase
Active Storage,getactivestorage.com,$16.4M,closed,saas,,Market: Enterprise Software; USA; Source: Crunchbase
Aquapharm Biodiscovery,aquapharm.co.uk,$16.2M,closed,biotech,,Market: Biotechnology; GBR; Source: Crunchbase
Amitive,amitive.com,$16.0M,closed,saas,,Market: Software; USA; Source: Crunchbase
Equitas Holdings,equitas.in,$16.0M,closed,fintech,,Market: Finance; IND; Source: Crunchbase
Communicado,communicado-inc.com,$15.6M,closed,saas,,Market: Software; USA; Source: Crunchbase
LucidEra,lucidera.com,$15.6M,closed,saas,,Market: Software; USA; Source: Crunchbase
Sencera,sencera.com,$15.6M,closed,cleantech,,Market: Clean Technology; USA; Source: Crunchbase
ARPU,arpuinc.com,$15.6M,closed,adtech,,Market: Advertising; USA; Source: Crunchbase
Zyraz Technology,zyraz.com,$15.4M,closed,biotech,,Market: Biotechnology; MYS; Source: Crunchbase
In2Games,in2games.uk.com,$15.3M,closed,gaming,,Market: Games; GBR; Source: Crunchbase
MyCube,mycube.com,$15.1M,closed,networking,,Market: Networking; SGP; Source: Crunchbase
Fashion Playtes,fashionplaytes.com,$15.0M,closed,ecommerce,,Market: E-Commerce; USA; Source: Crunchbase
Avantra Biosciences,avantrabio.com,$15.0M,closed,biotech,,Market: Biotechnology; USA; Source: Crunchbase
Apreso Classroom,apreso.com,$15.0M,closed,edtech,,Market: Education; USA; Source: Crunchbase
C$ cMoney,cmoney.com,$15.0M,closed,fintech,,Market: Finance; USA; Source: Crunchbase
Current Media,current.com,$15.0M,closed,web hosting,,Market: Web Hosting; USA; Source: Crunchbase
Discovery Bay Games,discoverybaygames.com,$15.0M,closed,consumer goods,,Market: Consumer Goods; USA; Source: Crunchbase
Guruji,guruji.com,$15.0M,closed,search,,Market: Search; IND; Source: Crunchbase
Healthrageous,healthrageous.com,$15.0M,closed,hardware + software,,Market: Hardware + Software; USA; Source: Crunchbase
Octavian,octavian-tech.com,$15.0M,closed,saas,,Market: Software; USA; Source: Crunchbase
Open-Plug,openplug.com,$15.0M,closed,mobile software tools,,Market: Mobile Software Tools; FRA; Source: Crunchbase
United Mobile,united-mobile.com,$15.0M,closed,mobile,,Market: Mobile; CHE; Source: Crunchbase
WiLinx,wilinx.com,$15.0M,closed,hardware,,Market: Semiconductors; USA; Source: Crunchbase
GlenRose Instruments,glenroseinstruments.com,$14.9M,closed,biotech,,Market: Biotechnology; USA; Source: Crunchbase
Farmol,farmol.it,$14.8M,closed,other,,ITA; Source: Crunchbase
Tencho Technology,tenchotech.com,$14.7M,closed,saas,,Market: Enterprise Software; CHN; Source: Crunchbase
Elastra,elastra.com,$14.6M,closed,saas,,Market: Enterprise Software; USA; Source: Crunchbase
GigaFin Networks,gigafin.com,$14.6M,closed,public relations,,Market: Public Relations; USA; Source: Crunchbase
MicroPhage,microphage.com,$14.5M,closed,biotech,,Market: Biotechnology; USA; Source: Crunchbase
Nakaya Microdevices,nakaya-md.co.jp,$14.4M,closed,hardware,,Market: Semiconductors; Source: Crunchbase
scanR,scanr.com,$14.2M,closed,mobile,,Market: Mobile; USA; Source: Crunchbase
Dyyno,dyyno.com,$14.1M,closed,ipad,,Market: iPad; USA; Source: Crunchbase
Gamma Medica-Ideas,gm-ideas.com,$14.0M,closed,healthtech,,Market: Health Care; USA; Source: Crunchbase
Nethra Imaging,nethra-imaging.com,$14.0M,closed,hardware,,Market: Semiconductors; USA; Source: Crunchbase
NEMOPTIC,nemoptic.com,$14.0M,closed,other,,FRA; Source: Crunchbase
GreenFuel,news.cnet.com,$13.9M,closed,cleantech,,Market: Clean Technology; Source: Crunchbase
3i Systems,3i-systems.com,$13.7M,closed,hardware,,Market: Semiconductors; CHN; Source: Crunchbase
Jacent Technologies,jacent.com,$13.7M,closed,saas,,Market: Software; USA; Source: Crunchbase
INNFOCUS,innfocus.com,$13.5M,closed,hardware + software,,Market: Hardware + Software; USA; Source: Crunchbase
Exabre,exabre.com,$13.5M,closed,reviews and recommendations,,Market: Reviews and Recommendations; GBR; Source: Crunchbase
Core Essence Orthopaedics,ceortho.com,$13.4M,closed,biotech,,Market: Biotechnology; USA; Source: Crunchbase
Nascentric,nascentric.com,$13.4M,closed,saas,,Market: Software; USA; Source: Crunchbase
Babelgum,babelgum.com,$13.2M,closed,mobile,,Market: Mobile; GBR; Source: Crunchbase
SIRS-Lab,sirs-lab.com,$13.2M,closed,biotech,,Market: Biotechnology; DEU; Source: Crunchbase
Advanced Power Projects,advancedpowerprojects.com,$13.0M,closed,cleantech,,Market: Clean Technology; USA; Source: Crunchbase
EmSense,emsense.com,$13.0M,closed,hardware + software,,Market: Hardware + Software; USA; Source: Crunchbase
Enure Networks,enure.com,$13.0M,closed,saas,,Market: Software; ISR; Source: Crunchbase
Escom,escomllc.com,$13.0M,closed,curated web,,Market: Curated Web; Source: Crunchbase
Starboard Storage Systems,starboardstorage.com,$13.0M,closed,storage,,Market: Storage; USA; Source: Crunchbase
Storspeed,itknowledgeexchange.techtarget.com,$13.0M,closed,saas,,Market: Software; USA; Source: Crunchbase
WinDensity,windensity.com,$13.0M,closed,cleantech,,Market: Clean Technology; USA; Source: Crunchbase
Zhanzuo,zhanzuo.com,$13.0M,closed,social,,Market: Social Media; CHN; Source: Crunchbase
Amadesa,amadesa.com,$12.8M,closed,reviews and recommendations,,Market: Reviews and Recommendations; USA; Source: Crunchbase
Sunovia,sunoviaenergy.com,$12.7M,closed,cleantech,,Market: Clean Technology; USA; Source: Crunchbase
XAware,xaware.com,$12.7M,closed,search,,Market: Search; USA; Source: Crunchbase
EQO,eqo.com,$12.5M,closed,mobile,,Market: Mobile; CAN; Source: Crunchbase
Rayspan,rayspan.com,$12.5M,closed,mobile,,Market: Mobile; USA; Source: Crunchbase
SpinX Technologies,spinx-technologies.com,$12.5M,closed,biotech,,Market: Biotechnology; CHE; Source: Crunchbase
SiXtron Advanced Materials,sixtron.com,$12.4M,closed,cleantech,,Market: Clean Technology; CAN; Source: Crunchbase
8D World,8dworld.com,$12.2M,closed,virtual worlds,,Market: Virtual Worlds; USA; Source: Crunchbase
Focus,focus.com,$12.2M,closed,fintech,,Market: Finance; USA; Source: Crunchbase
Archetype Media,archetypemedia.com,$12.1M,closed,adtech,,Market: Advertising; Source: Crunchbase
Picateers,picateers.com,$12.1M,closed,curated web,,Market: Curated Web; USA; Source: Crunchbase
Transparency Software,transparencysoftware.com,$12.1M,closed,saas,,Market: Software; USA; Source: Crunchbase
Beijing Moca World Technology,mocaworld.cn,$12.0M,closed,media,,Market: Video; CHN; Source: Crunchbase
Berggi,berggi.com,$12.0M,closed,mobile,,Market: Mobile; USA; Source: Crunchbase
BPT,bpt.co.il,$12.0M,closed,cleantech,,Market: Clean Technology; Source: Crunchbase
Buzzwire,buzzwire.com,$12.0M,closed,mobile,,Market: Mobile; USA; Source: Crunchbase
Darkstrand,darkstrand.com,$12.0M,closed,saas,,Market: Software; Source: Crunchbase
DNP Green Technology,dnpgreen.com,$12.0M,closed,cleantech,,Market: Clean Technology; USA; Source: Crunchbase
Novafora,novafora.com,$12.0M,closed,saas,,Market: Software; USA; Source: Crunchbase
Recordant,recordant.com,$12.0M,closed,saas,,Market: Software; Source: Crunchbase
Robotgalaxy,robotgalaxy.com,$12.0M,closed,gaming,,Market: Games; USA; Source: Crunchbase
Sionex,sionex.com,$12.0M,closed,hardware + software,,Market: Hardware + Software; USA; Source: Crunchbase
Therasis,therasis.com,$12.0M,closed,biotech,,Market: Biotechnology; USA; Source: Crunchbase
Videonline Communications,videonline.com,$12.0M,closed,curated web,,Market: Curated Web; USA; Source: Crunchbase
VoloMedia,volomedia.com,$12.0M,closed,adtech,,Market: Advertising; USA; Source: Crunchbase
Goojet,goojet.com,$11.9M,closed,social,,Market: Social Media; FRA; Source: Crunchbase
Cardiovascular Simulation,cvsim.com,$11.8M,closed,saas,,Market: Software; Source: Crunchbase
Cogito,cogitoinc.com,$11.7M,closed,analytics,,Market: Analytics; USA; Source: Crunchbase
Morpho Technologies,morphotech.com,$11.5M,closed,hardware,,Market: Semiconductors; USA; Source: Crunchbase
CITTIO,cittio.com,$11.5M,closed,saas,,Market: Software; USA; Source: Crunchbase
Tracked.com,tracked.com,$11.5M,closed,curated web,,Market: Curated Web; Source: Crunchbase
Correlix,correlix.com,$11.4M,closed,saas,,Market: Enterprise Software; USA; Source: Crunchbase
Swaptree Inc.,swaptree.com,$11.3M,closed,curated web,,Market: Curated Web; USA; Source: Crunchbase
OPEN Sports Network,opensports.com,$11.2M,closed,fantasy sports,,Market: Fantasy Sports; Source: Crunchbase
WangYou,wangyou.com,$11.1M,closed,gaming,,Market: Games; CHN; Source: Crunchbase
Gemvara.com,paragonlake.com,$11.1M,closed,ecommerce,,Market: E-Commerce; Source: Crunchbase
xkoto,xkoto.com,$11.0M,closed,saas,,Market: Software; USA; Source: Crunchbase
CRI Technologies,cri1.com,$11.0M,closed,services,,Market: Consulting; USA; Source: Crunchbase
Doppelganger,doppelganger.com,$11.0M,closed,gaming,,Market: Games; USA; Source: Crunchbase
Universal Ad,universal-ad.com,$11.0M,closed,retail,,Market: Retail; ISR; Source: Crunchbase
AgInfoLink,aginfolink.com,$10.9M,closed,saas,,Market: Software; USA; Source: Crunchbase
Filao,filaomobile.com,$10.9M,closed,saas,,Market: Software; FRA; Source: Crunchbase
KeyNeurotek Pharmaceuticals,keyneurotek.de,$10.9M,closed,biotech,,Market: Biotechnology; Source: Crunchbase
Soteira,soteira.com,$10.9M,closed,healthtech,,Market: Health Care; USA; Source: Crunchbase
Optify,optify.net,$10.8M,closed,saas,,Market: Software; USA; Source: Crunchbase
Headplay,headplay.com,$10.8M,closed,gaming,,Market: Games; USA; Source: Crunchbase
Storm Exchange,stormexchange.com,$10.8M,closed,saas,,Market: Enterprise Software; USA; Source: Crunchbase
SinoHub,sinohub.com,$10.7M,closed,hardware + software,,Market: Hardware + Software; CHN; Source: Crunchbase
Defywire,defywire.com,$10.6M,closed,mobile,,Market: Mobile; USA; Source: Crunchbase
Fifth Generation Systems,5g.com,$10.6M,closed,gaming,,Market: Games; USA; Source: Crunchbase
GlucoTec,glucotec.com,$10.5M,closed,saas,,Market: Software; USA; Source: Crunchbase
M3X Media,mthreex.com,$10.5M,closed,gaming,,Market: Games; USA; Source: Crunchbase
Mempile,mempile.com,$10.5M,closed,hardware + software,,Market: Hardware + Software; ISR; Source: Crunchbase
SMT Research and Development,smtmed.com,$10.5M,closed,healthtech,,Market: Health Care; ISR; Source: Crunchbase
Synerchip,synerchip.com,$10.5M,closed,hardware,,Market: Semiconductors; USA; Source: Crunchbase
Center'd,centerd.com,$10.4M,closed,curated web,,Market: Curated Web; USA; Source: Crunchbase
Snowman,snowman.in,$10.4M,closed,other,,IND; Source: Crunchbase
Teranode,teranode.com,$10.4M,closed,saas,,Market: Software; USA; Source: Crunchbase
Adaptive TCR,adapt.com,$10.3M,closed,biotech,,Market: Biotechnology; USA; Source: Crunchbase
Adzilla,adzilla.com,$10.2M,closed,adtech,,Market: Advertising; USA; Source: Crunchbase
Air Semiconductor,u-blox.com,$10.0M,closed,hardware,,Market: Semiconductors; GBR; Source: Crunchbase
BA Systems,ba-sys.com,$10.0M,closed,saas,,Market: Software; USA; Source: Crunchbase
Bihu.com,bihu.com,$10.0M,closed,adtech,,Market: Advertising; CHN; Source: Crunchbase
C2 Microsystems,c2micro.com,$10.0M,closed,hardware + software,,Market: Hardware + Software; USA; Source: Crunchbase
Cooptions Technologies,cooptionstech.com,$10.0M,closed,saas,,Market: Software; IND; Source: Crunchbase
Digit Wireless,digitwireless.com,$10.0M,closed,public relations,,Market: Public Relations; USA; Source: Crunchbase
Fortisphere,virtualization.info,$10.0M,closed,saas,,Market: Software; USA; Source: Crunchbase
Gridstone Research,gridstoneresearch.com,$10.0M,closed,fintech,,Market: Finance; USA; Source: Crunchbase
Health Informatics,hiiweb.com,$10.0M,closed,healthtech,,Market: Health and Wellness; USA; Source: Crunchbase
Impeva,impeva.com,$10.0M,closed,saas,,Market: Software; USA; Source: Crunchbase
MatchMine,matchmine.com,$10.0M,closed,reviews and recommendations,,Market: Reviews and Recommendations; USA; Source: Crunchbase
Network Game Interaction,ngiworld.com.cn,$10.0M,closed,adtech,,Market: Advertising; CHN; Source: Crunchbase
Open Range Communications,openrangecomm.com,$10.0M,closed,public relations,,Market: Public Relations; USA; Source: Crunchbase
PacketHop,direct.sri.com,$10.0M,closed,consumer electronics,,Market: Consumer Electronics; USA; Source: Crunchbase
Ryma Technology Solutions,rymatech.com,$10.0M,closed,saas,,Market: Software; CAN; Source: Crunchbase
Solar Notion,solarnotion.com,$10.0M,closed,cleantech,,Market: Clean Technology; USA; Source: Crunchbase
InterMed Discovery,intermed-discovery.com,$9.9M,closed,cleantech,,Market: Clean Technology; DEU; Source: Crunchbase
Viryd Technologies,viryd.com,$9.8M,closed,cleantech,,Market: Clean Technology; USA; Source: Crunchbase
AXSionics,axsionics.ch,$9.8M,closed,other,,GBR; Source: Crunchbase
Azelon Pharmaceuticals,azelon.com,$9.7M,closed,biotech,,Market: Biotechnology; USA; Source: Crunchbase
FameCast,famecast.com,$9.7M,closed,gaming,,Market: Games; USA; Source: Crunchbase
SmApper Technologies,smapper.com,$9.7M,closed,web hosting,,Market: Web Hosting; AUT; Source: Crunchbase
PlumTV,plumtv.com,$9.6M,closed,media,,Market: Media; USA; Source: Crunchbase
Avega Systems,avegasystems.com,$9.5M,closed,hardware + software,,Market: Hardware + Software; USA; Source: Crunchbase
BeeTV,bee.tv,$9.5M,closed,saas,,Market: Software; ITA; Source: Crunchbase
Kadoink,kadoink.com,$9.5M,closed,mobile,,Market: Mobile; USA; Source: Crunchbase
NextMedium,nextmedium.com,$9.5M,closed,adtech,,Market: Advertising; USA; Source: Crunchbase
PANTA Systems,pantasys.com,$9.5M,closed,saas,,Market: Enterprise Software; USA; Source: Crunchbase
WebGen Systems,webgensystems.com,$9.5M,closed,saas,,Market: Software; USA; Source: Crunchbase
Sutus,sutus.com,$9.5M,closed,web hosting,,Market: Web Hosting; CAN; Source: Crunchbase
mPay Gateway,mpaygateway.com,$9.2M,closed,saas,,Market: Software; USA; Source: Crunchbase
AmpliMed Corporation,amplimed.com,$9.1M,closed,biotech,,Market: Biotechnology; USA; Source: Crunchbase
SAFE ID Solutions,translate.googleusercontent.com,$9.1M,closed,security,,Market: Security; DEU; Source: Crunchbase
Semantra,semantra.com,$9.1M,closed,business intelligence,,Market: Business Intelligence; USA; Source: Crunchbase
US Dry Cleaning Services,sdrycleaning.com,$9.1M,closed,curated web,,Market: Curated Web; USA; Source: Crunchbase
Loosecubes,pandodaily.com,$9.0M,closed,curated web,,Market: Curated Web; USA; Source: Crunchbase
Auvitek International,auvitek.com,$9.0M,closed,hardware,,Market: Semiconductors; USA; Source: Crunchbase
PermissionTV,permissiontv.com,$9.0M,closed,publishing,,Market: Publishing; USA; Source: Crunchbase
Renkoo,renkoo.com,$9.0M,closed,facebook applications,,Market: Facebook Applications; USA; Source: Crunchbase
U.S. Fiduciary,usfiduciary.com,$9.0M,closed,fintech,,Market: Finance; USA; Source: Crunchbase
Vaccsys,vaccsys.com,$9.0M,closed,biotech,,Market: Biotechnology; USA; Source: Crunchbase
You Software,yousoftware.com,$9.0M,closed,saas,,Market: Software; Source: Crunchbase
VT Silicon,vtsilicon.com,$8.8M,closed,hardware,,Market: Semiconductors; USA; Source: Crunchbase
Taggle Internet Ventures Private,taggle.com,$8.8M,closed,gaming,,Market: Games; IND; Source: Crunchbase
Klir Technologies,klir.com,$8.7M,closed,saas,,Market: Software; USA; Source: Crunchbase
EUCODIS Bioscience,eucodisbioscience.com,$8.6M,closed,biotech,,Market: Biotechnology; AUT; Source: Crunchbase
Blue Lava Technologies,bluelavatech.com,$8.6M,closed,saas,,Market: Software; USA; Source: Crunchbase
Audium Semiconductor,audiumsemi.co.uk,$8.5M,closed,audio,,Market: Audio; GBR; Source: Crunchbase
CebaTech,cebatech.com,$8.5M,closed,hardware + software,,Market: Hardware + Software; USA; Source: Crunchbase
GoingOn,goingon.com,$8.5M,closed,enterprises,,Market: Enterprises; USA; Source: Crunchbase
Inaura,inaura.com,$8.5M,closed,other,,USA; Source: Crunchbase
The New Forests Company,newforestscompany.com,$8.5M,closed,cleantech,,Market: Clean Technology; GBR; Source: Crunchbase
PureVideo Networks,purevideonetworks.com,$8.4M,closed,curated web,,Market: Curated Web; USA; Source: Crunchbase
Ziptr,ziptr.com,$8.3M,closed,saas,,Market: Software; USA; Source: Crunchbase
GridIron Software,gridironsoftware.com,$8.3M,closed,saas,,Market: Software; CAN; Source: Crunchbase
Mechanology,mechanology.com,$8.3M,closed,cleantech,,Market: Clean Technology; USA; Source: Crunchbase
Futuretec,futuretec-ltd.com,$8.1M,closed,fintech,,Market: Finance; GBR; Source: Crunchbase
eTec,etecevs.com,$8.0M,closed,cleantech,,Market: Clean Technology; USA; Source: Crunchbase
JazzD Markets,jazzdphone.com,$8.0M,closed,messaging,,Market: Messaging; USA; Source: Crunchbase
Levanta,levanta.com,$8.0M,closed,saas,,Market: Software; USA; Source: Crunchbase
Nozomi Photonics,nozomiphotonics.com,$8.0M,closed,hardware + software,,Market: Hardware + Software; Source: Crunchbase
Oasys Mobile,oasysmobile.com,$8.0M,closed,mobile,,Market: Mobile; USA; Source: Crunchbase
RotoHog,rotohog.com,$8.0M,closed,sports,,Market: Sports; USA; Source: Crunchbase
Sterecycle,sterecycle.com,$8.0M,closed,cleantech,,Market: Clean Technology; GBR; Source: Crunchbase
Smartdate,smartdate.com,$7.8M,closed,match-making,,Market: Match-Making; FRA; Source: Crunchbase
PureEnergy Solutions,shoppureenergy.com,$7.7M,closed,hardware + software,,Market: Hardware + Software; USA; Source: Crunchbase
Multiwave Photonics,multiwavephotonics.com,$7.7M,closed,hardware + software,,Market: Hardware + Software; PRT; Source: Crunchbase
Siving Egil Kvaleberg,kvaleberg.com,$7.7M,closed,saas,,Market: Software; NOR; Source: Crunchbase
Aurora Feint,aurorafeint.com,$7.7M,closed,gaming,,Market: Games; USA; Source: Crunchbase
RADLIVE,radlive.com,$7.7M,closed,hardware + software,,Market: Hardware + Software; ISR; Source: Crunchbase
Kazaana,kazaana.com,$7.6M,closed,web development,,Market: Web Development; USA; Source: Crunchbase
Marketfish,marketfish.com,$7.6M,closed,adtech,,Market: Advertising; USA; Source: Crunchbase
DubMeNow,dubhub.com,$7.5M,closed,mobile,,Market: Mobile; USA; Source: Crunchbase
D2C Games,d2cgames.com,$7.5M,closed,gaming,,Market: Games; USA; Source: Crunchbase
Matisse Networks,matissenetworks.com,$7.5M,closed,web hosting,,Market: Web Hosting; USA; Source: Crunchbase
Bioenvision,bioenvision.com,$7.4M,closed,biotech,,Market: Biotechnology; USA; Source: Crunchbase
B-Side Entertainment,bside.com,$7.3M,closed,gaming,,Market: Games; USA; Source: Crunchbase
Biofisica,biofisica.com,$7.3M,closed,biotech,,Market: Biotechnology; USA; Source: Crunchbase
The Point,thepoint.com,$7.3M,closed,curated web,,Market: Curated Web; USA; Source: Crunchbase
Buck,gobuck.com,$7.2M,closed,mobile,,Market: Mobile; USA; Source: Crunchbase
Internet Pawn,internetpawn.com,$7.2M,closed,fintech,,Market: Finance; USA; Source: Crunchbase
Allied Pacific Sports Network,apsn.tv,$7.0M,closed,sports,,Market: Sports; HKG; Source: Crunchbase
Appscio,appscio.com,$7.0M,closed,saas,,Market: Software; USA; Source: Crunchbase
Barnacle,gobarnacle.com,$7.0M,closed,peer-to-peer,,Market: Peer-to-Peer; USA; Source: Crunchbase
Infobionics,infobionics.com,$7.0M,closed,social,,Market: Social Media; USA; Source: Crunchbase
Kolorific,kolorific.com,$7.0M,closed,hardware,,Market: Semiconductors; USA; Source: Crunchbase
Qwaq,qwaq.com,$7.0M,closed,saas,,Market: Enterprise Software; USA; Source: Crunchbase
SatNav Technologies,satnavtechnologies.com,$7.0M,closed,public transportation,,Market: Public Transportation; IND; Source: Crunchbase
SourceLabs,sourcelabs.com,$7.0M,closed,tech field support,,Market: Tech Field Support; USA; Source: Crunchbase
Traversa Therapeutics,traversathera.com,$7.0M,closed,biotech,,Market: Biotechnology; USA; Source: Crunchbase
turntable.fm,turntable.fm,$7.0M,closed,social,,Market: Social Media; USA; Source: Crunchbase
Wi-Chi,wi-chi.com,$7.0M,closed,hardware,,Market: Semiconductors; USA; Source: Crunchbase
Isis Biopolymer,isisbiopolymer.com,$7.0M,closed,biotech,,Market: Biotechnology; USA; Source: Crunchbase
Inspired Technologies,inspiredtechnologiesinc.com,$7.0M,closed,healthtech,,Market: Health Care; Source: Crunchbase
TransGenRx,tgrxinc.com,$6.9M,closed,biotech,,Market: Biotechnology; USA; Source: Crunchbase
WinBuyer,winbuyercorp.com,$6.9M,closed,saas,,Market: Software; GBR; Source: Crunchbase
Eurekster,eurekster.com,$6.8M,closed,social,,Market: Social Media; USA; Source: Crunchbase
Nanotecture,nanotecture.co.uk,$6.8M,closed,nanotechnology,,Market: Nanotechnology; GBR; Source: Crunchbase
Illume Software,illumesoftware.com,$6.8M,closed,saas,,Market: Software; USA; Source: Crunchbase
Infrastruct Security,infrastructsecurity.com,$6.8M,closed,security,,Market: Security; USA; Source: Crunchbase
Moonshoot,moonshoot.net,$6.8M,closed,curated web,,Market: Curated Web; USA; Source: Crunchbase
FlatBurger,flatburger.com,$6.8M,closed,saas,,Market: Software; USA; Source: Crunchbase
Vibrant Commercial Technologies,vibrantcommerce.com,$6.8M,closed,saas,,Market: Software; USA; Source: Crunchbase
Embrella Cardiovascular,embrella.net,$6.7M,closed,healthtech,,Market: Health Care; USA; Source: Crunchbase
BT Imaging,btimaging.com,$6.7M,closed,cleantech,,Market: Clean Technology; AUS; Source: Crunchbase
TimeSight Systems,timesightsystems.com,$6.5M,closed,security,,Market: Security; USA; Source: Crunchbase
Sabirmedical,sabirmedical.com,$6.5M,closed,biotech,,Market: Biotechnology; ESP; Source: Crunchbase
CS-Keys,cs-keys.com,$6.5M,closed,biotech,,Market: Biotechnology; USA; Source: Crunchbase
7 Billion People,7bpeople.com,$6.5M,closed,ecommerce,,Market: E-Commerce; USA; Source: Crunchbase
CDC Corporation,cdccorporation.net,$6.5M,closed,saas,,Market: Enterprise Software; HKG; Source: Crunchbase
Fusion Garage,engadget.com,$6.5M,closed,hardware + software,,Market: Hardware + Software; Source: Crunchbase
MovieSet,movieset.com,$6.5M,closed,curated web,,Market: Curated Web; Source: Crunchbase
NovusEdge,novusedge.com,$6.5M,closed,security,,Market: Security; USA; Source: Crunchbase
Outbox,outboxmail.com,$6.5M,closed,curated web,,Market: Curated Web; USA; Source: Crunchbase
Music Nation,musicnation.com,$6.5M,closed,music,,Market: Music; Source: Crunchbase
Vivacta,vivacta.com,$6.4M,closed,healthtech,,Market: Health Care; GBR; Source: Crunchbase
"RiverGlass, Inc.",riverglassinc.com,$6.4M,closed,saas,,Market: Software; USA; Source: Crunchbase
EpiEP,epiep.com,$6.4M,closed,biotech,,Market: Biotechnology; USA; Source: Crunchbase
Mid-America consulting Group,midamericaconsulting.com,$6.4M,closed,biotech,,Market: Biotechnology; USA; Source: Crunchbase
Vivoxid,vivoxid.com,$6.2M,closed,healthtech,,Market: Health Care; FIN; Source: Crunchbase
efectivox,efectivox.com,$6.2M,closed,other,,Source: Crunchbase
EndoSphere,endo-sphere.com,$6.1M,closed,healthtech,,Market: Health Care; USA; Source: Crunchbase
L'Usine � Design,usineadesign.com,$6.1M,closed,design,,Market: Design; FRA; Source: Crunchbase
Engana Pty,engana.com,$6.1M,closed,hardware + software,,Market: Hardware + Software; USA; Source: Crunchbase
StandardNine,standardnine.com,$6.0M,closed,edtech,,Market: Education; USA; Source: Crunchbase
Alamak Espana Trade,alamakespana.com,$6.0M,closed,other,,ESP; Source: Crunchbase
Anchor Intelligence,anchorintelligence.com,$6.0M,closed,adtech,,Market: Advertising; USA; Source: Crunchbase
bluepulse,bluepulse.com,$6.0M,closed,mobile,,Market: Mobile; USA; Source: Crunchbase
BrightView Systems,brightview-sys.com,$6.0M,closed,cleantech,,Market: Clean Technology; ISR; Source: Crunchbase
Corensic,corensic.com,$6.0M,closed,saas,,Market: Software; USA; Source: Crunchbase
DynaPump,dynapumpinc.com,$6.0M,closed,other,,USA; Source: Crunchbase
MESoft,mesoft.com,$6.0M,closed,saas,,Market: Software; USA; Source: Crunchbase
Moondo,moondo.com,$6.0M,closed,gaming,,Market: Games; Source: Crunchbase
mywaves,mywaves.com,$6.0M,closed,media,,Market: Video; USA; Source: Crunchbase
Ohai,ohai.com,$6.0M,closed,gaming,,Market: Games; Source: Crunchbase
PAX Streamline,paxstreamline.com,$6.0M,closed,cleantech,,Market: Clean Technology; USA; Source: Crunchbase
Power Analog Microelectronics,poweranalog.com,$6.0M,closed,hardware + software,,Market: Hardware + Software; USA; Source: Crunchbase
SDL Enterprise Technologies,idiominc.com,$6.0M,closed,saas,,Market: Software; USA; Source: Crunchbase
Silistix,silistix.com,$6.0M,closed,hardware,,Market: Semiconductors; GBR; Source: Crunchbase
SIPphone,sipphone.com,$6.0M,closed,saas,,Market: Software; USA; Source: Crunchbase
TARGET BRAZIL,target-brl.com,$6.0M,closed,ecommerce,,Market: E-Commerce; Source: Crunchbase
Tinselvision,paidcontent.org,$6.0M,closed,curated web,,Market: Curated Web; Source: Crunchbase
Tongxue,tongxue.com,$6.0M,closed,sns,,Market: SNS; Source: Crunchbase
Movero Technology,moverotech.com,$6.0M,closed,saas,,Market: Enterprise Software; USA; Source: Crunchbase
BVfon Telecommunication,bvfon.hu,$6.0M,closed,hardware + software,,Market: Hardware + Software; HUN; Source: Crunchbase
Starburst Coin Machines,starburstcoin.com,$6.0M,closed,gaming,,Market: Games; CAN; Source: Crunchbase
Blade Games World,jumala.com,$5.9M,closed,gaming,,Market: Games; USA; Source: Crunchbase
Pikum,pikum.com,$5.9M,closed,gambling,,Market: Gambling; GBR; Source: Crunchbase
Cloudcity,cloudcityukltd.com,$5.9M,closed,curated web,,Market: Curated Web; GBR; Source: Crunchbase
hint,hint.io,$5.9M,closed,curated web,,Market: Curated Web; USA; Source: Crunchbase
LeisureLogix,roadescapes.com,$5.9M,closed,maps,,Market: Maps; USA; Source: Crunchbase
Pittsburgh Center for Kidney Research,kidneycenter.pitt.edu,$5.8M,closed,edtech,,Market: Education; Source: Crunchbase
RocketOn,rocketon.com,$5.8M,closed,saas,,Market: Software; USA; Source: Crunchbase
iNEWiT,inewit.be,$5.8M,closed,hardware + software,,Market: Hardware + Software; BEL; Source: Crunchbase
FamilyFinds,familyfinds.com,$5.8M,closed,curated web,,Market: Curated Web; USA; Source: Crunchbase
T-Networks,tnetworksinc.com,$5.8M,closed,public relations,,Market: Public Relations; USA; Source: Crunchbase
WeShop,weshop.com,$5.8M,closed,curated web,,Market: Curated Web; Source: Crunchbase
YellowDog Media,yardsellr.com,$5.8M,closed,curated web,,Market: Curated Web; USA; Source: Crunchbase
Origen Therapeutics,origentherapeutics.com,$5.7M,closed,biotech,,Market: Biotechnology; USA; Source: Crunchbase
UpCompany,rakedin.com,$5.7M,closed,curated web,,Market: Curated Web; Source: Crunchbase
SimulScribe,simulscribe.com,$5.7M,closed,messaging,,Market: Messaging; USA; Source: Crunchbase
Corepair,corepair.com,$5.7M,closed,healthtech,,Market: Health Care; USA; Source: Crunchbase
GET Holding NV,emerce.nl,$5.7M,closed,saas,,Market: Enterprise Software; NLD; Source: Crunchbase
Numara Software France,criston.com,$5.7M,closed,saas,,Market: Software; FRA; Source: Crunchbase
coComment,cocomment.com,$5.6M,closed,blogging platforms,,Market: Blogging Platforms; CHE; Source: Crunchbase
Dr Sears Family Essentials,drsearsfamilyessentials.com,$5.6M,closed,hospitality,,Market: Hospitality; USA; Source: Crunchbase
Food Quality Sensor International,fqsinternational.com,$5.6M,closed,hardware + software,,Market: Hardware + Software; USA; Source: Crunchbase
Happyshop,happyshop.com,$5.6M,closed,online reservations,,Market: Online Reservations; CHL; Source: Crunchbase
MessageGate,messagegate.com,$5.6M,closed,messaging,,Market: Messaging; USA; Source: Crunchbase
Peek,peek.ly,$5.6M,closed,mobile,,Market: Mobile; USA; Source: Crunchbase
Oslo Software,oslo-software.com,$5.5M,closed,saas,,Market: Software; FRA; Source: Crunchbase
Elanti Systems,elantisystems.com,$5.5M,closed,saas,,Market: Software; USA; Source: Crunchbase
TalkPlus,talkplus.com,$5.5M,closed,messaging,,Market: Messaging; USA; Source: Crunchbase
Health Benefits Direct,healthbenefitsdirect.com,$5.4M,closed,fintech,,Market: Finance; USA; Source: Crunchbase
TRSB Groupe,trsb-groupe.fr,$5.3M,closed,services,,Market: Consulting; Source: Crunchbase
Power Efficiency,powerefficiencycorp.com,$5.3M,closed,cleantech,,Market: Clean Technology; USA; Source: Crunchbase
"Orasi Medical, Inc.",orasimedical.com,$5.3M,closed,healthtech,,Market: Health Care; USA; Source: Crunchbase
MediaScrape,mediascrape.com,$5.2M,closed,media,,Market: News; CAN; Source: Crunchbase
Plizy,plizy.com,$5.2M,closed,video streaming,,Market: Video Streaming; USA; Source: Crunchbase
smartfundit.com,smartfundit.com,$5.2M,closed,fintech,,Market: Finance; GBR; Source: Crunchbase
EnCoate,encoate.com,$5.1M,closed,biotech,,Market: Biotechnology; NZL; Source: Crunchbase
Sidecar.me,sidecar.me,$5.1M,closed,social network media,,Market: Social Network Media; USA; Source: Crunchbase
eDoorways International,edoorways.com,$5.1M,closed,saas,,Market: Software; USA; Source: Crunchbase
Lagotek,lagotek.com,$5.1M,closed,saas,,Market: Software; USA; Source: Crunchbase
Amtec,amtecinc.net,$5.0M,closed,services,,Market: Consulting; USA; Source: Crunchbase
Authenticlick,authenticlick.net,$5.0M,closed,analytics,,Market: Analytics; USA; Source: Crunchbase
betNOW,betnow.co.uk,$5.0M,closed,curated web,,Market: Curated Web; GBR; Source: Crunchbase
BiggerBoat,biggerboat.com,$5.0M,closed,adtech,,Market: Advertising; Source: Crunchbase
BO.LT,bo.lt,$5.0M,closed,social,,Market: Social Media; USA; Source: Crunchbase
Carbonetworks,carbonetworks.com,$5.0M,closed,cleantech,,Market: Clean Technology; USA; Source: Crunchbase
ClearMesh Networks,clearmesh.com,$5.0M,closed,public relations,,Market: Public Relations; Source: Crunchbase
DigiSat Technology,digisat.com,$5.0M,closed,gaming,,Market: Games; HKG; Source: Crunchbase
eMinor,eminorinc.com,$5.0M,closed,saas,,Market: Software; USA; Source: Crunchbase
Five minutes,fminutes.com,$5.0M,closed,gaming,,Market: Games; CHN; Source: Crunchbase
Gamerizon Studio,gamerizon.com,$5.0M,closed,gaming,,Market: Games; CAN; Source: Crunchbase
gBox,en.wikipedia.org,$5.0M,closed,gift card,,Market: Gift Card; USA; Source: Crunchbase
Hollywood Interactive Group,myhollywood.com,$5.0M,closed,curated web,,Market: Curated Web; USA; Source: Crunchbase
Hotelicopter,hotelicopter.com,$5.0M,closed,search,,Market: Search; USA; Source: Crunchbase
iZ3D,iz3d.com,$5.0M,closed,hardware + software,,Market: Hardware + Software; USA; Source: Crunchbase
LikeList,likelist.com,$5.0M,closed,coupons,,Market: Coupons; USA; Source: Crunchbase
Mercora,mercora.com,$5.0M,closed,curated web,,Market: Curated Web; USA; Source: Crunchbase
milog,milog.co.jp,$5.0M,closed,android,,Market: Android; JPN; Source: Crunchbase
MoMelan Technologies,momelan.com,$5.0M,closed,healthtech,,Market: Health Care; USA; Source: Crunchbase
OleOle,oleole.com,$5.0M,closed,world domination,,Market: World Domination; USA; Source: Crunchbase
Passbox,passbox.com,$5.0M,closed,curated web,,Market: Curated Web; USA; Source: Crunchbase
PeerMe,peerme.com,$5.0M,closed,gaming,,Market: Games; USA; Source: Crunchbase
PlaceBlogger,placeblogger.com,$5.0M,closed,curated web,,Market: Curated Web; Source: Crunchbase
SandLinks,sandlinks.com,$5.0M,closed,public relations,,Market: Public Relations; USA; Source: Crunchbase
Speedshape,speedshape.com,$5.0M,closed,adtech,,Market: Advertising; USA; Source: Crunchbase
Sychron Advanced Technologies,sychron.com,$5.0M,closed,saas,,Market: Software; USA; Source: Crunchbase
Tapioca Mobile,tapiocamobile.com,$5.0M,closed,mobile,,Market: Mobile; USA; Source: Crunchbase
Union Spring Pharmaceuticals,unionspringspharmaceuticals.com,$5.0M,closed,biotech,,Market: Biotechnology; USA; Source: Crunchbase
UTILICASE,utilicase.com,$5.0M,closed,cleantech,,Market: Clean Technology; CAN; Source: Crunchbase
WeShow,idgnow.uol.com.br,$5.0M,closed,gaming,,Market: Games; USA; Source: Crunchbase
Whole Optics,whole-optics.com,$5.0M,closed,hardware,,Market: Semiconductors; ISR; Source: Crunchbase
Wis.dm,wis.dm,$5.0M,closed,social,,Market: Social Media; USA; Source: Crunchbase
Working Equity,equityprotection.com,$5.0M,closed,other,,USA; Source: Crunchbase
nlighten Technologies,nlighten.com,$5.0M,closed,hardware + software,,Market: Hardware + Software; USA; Source: Crunchbase
FetchDog,fetchdog.com,$4.9M,closed,pets,,Market: Pets; USA; Source: Crunchbase
.Fox Networks,dotfox.com,$4.9M,closed,adtech,,Market: Advertising; ARG; Source: Crunchbase
TeleFlip,teleflip.com,$4.9M,closed,messaging,,Market: Messaging; USA; Source: Crunchbase
Aceris 3D Inspection,aceris-3d.ca,$4.9M,closed,hardware,,Market: Semiconductors; CAN; Source: Crunchbase
Anthem Healthcare Intelligence,anthemhi.com,$4.8M,closed,healthtech,,Market: Health Care; USA; Source: Crunchbase
ConnectSoft,connectsoft.net,$4.8M,closed,saas,,Market: Software; USA; Source: Crunchbase
Aldexa Therapeutics,neuronsystemsinc.com,$4.8M,closed,biotech,,Market: Biotechnology; USA; Source: Crunchbase
Digital Performance,digitalperformance.com,$4.8M,closed,automotive,,Market: Automotive; USA; Source: Crunchbase
DGP Labs,dgplabs.com,$4.8M,closed,curated web,,Market: Curated Web; USA; Source: Crunchbase
Eyetronics,eyetronics.com,$4.7M,closed,hardware + software,,Market: Hardware + Software; BEL; Source: Crunchbase
Big Live,biglive.com,$4.7M,closed,media,,Market: Video; USA; Source: Crunchbase
Trusted Opinion,trustedopinion.com,$4.7M,closed,social,,Market: Social Media; USA; Source: Crunchbase
SQFive Intelligent Oilfield Solutions,sqfive.ca,$4.7M,closed,saas,,Market: Software; CAN; Source: Crunchbase
DCWafers,dcwafers.com,$4.7M,closed,cleantech,,Market: Clean Technology; Source: Crunchbase
Moxsie,moxsie.com,$4.7M,closed,shopping,,Market: Shopping; USA; Source: Crunchbase
Cennox,cennoxplc.com,$4.7M,closed,fintech,,Market: Finance; GBR; Source: Crunchbase
Etelos,etelos.com,$4.7M,closed,web development,,Market: Web Development; USA; Source: Crunchbase
SafeTool,safetool.se,$4.7M,closed,security,,Market: Security; SWE; Source: Crunchbase
Knetwit Inc.,knetwit.com,$4.6M,closed,edtech,,Market: Education; USA; Source: Crunchbase
Apisphere,apisphere.com,$4.6M,closed,adtech,,Market: Advertising; USA; Source: Crunchbase
X2IMPACT,xplusone.net,$4.6M,closed,healthtech,,Market: Health Care; USA; Source: Crunchbase
Aponia Laboratories,aponialaboratories.com,$4.5M,closed,biotech,,Market: Biotechnology; USA; Source: Crunchbase
IEC Technology Co,iectechnology.co.th,$4.5M,closed,public relations,,Market: Public Relations; THA; Source: Crunchbase
51 Auto,51auto.cn,$4.5M,closed,automotive,,Market: Automotive; Source: Crunchbase
Catalist Homes,catalisthomes.com,$4.5M,closed,proptech,,Market: Real Estate; USA; Source: Crunchbase
CEYX,ceyx.com,$4.5M,closed,saas,,Market: Software; USA; Source: Crunchbase
DanceJam,dancejam.com,$4.5M,closed,social,,Market: Social Media; USA; Source: Crunchbase
Hukkster,hukkster.com,$4.5M,closed,curated web,,Market: Curated Web; USA; Source: Crunchbase
KnockaTV,knockatv.com,$4.5M,closed,gaming,,Market: Games; ISR; Source: Crunchbase
KODA,koda.us,$4.5M,closed,curated web,,Market: Curated Web; USA; Source: Crunchbase
LoraxAg,loraxag.com,$4.5M,closed,cleantech,,Market: Clean Technology; USA; Source: Crunchbase
Mumboe,mumboe.com,$4.5M,closed,saas,,Market: Software; USA; Source: Crunchbase
NanoPowers,nanopowers.ch,$4.5M,closed,healthtech,,Market: Health Care; CHE; Source: Crunchbase
Whitfield Solar,whitfieldsolar.com,$4.5M,closed,cleantech,,Market: Clean Technology; GBR; Source: Crunchbase
My True Fit,mytruefit.com,$4.4M,closed,ecommerce,,Market: E-Commerce; USA; Source: Crunchbase
Vizi Labs,vizilabs.com,$4.3M,closed,hardware + software,,Market: Hardware + Software; Source: Crunchbase
Respirics,respirics.com,$4.2M,closed,biotech,,Market: Biotechnology; USA; Source: Crunchbase
SIPP International Industries,sippiii.com,$4.2M,closed,hospitality,,Market: Hospitality; USA; Source: Crunchbase
That's Solar,thatssolar.com,$4.2M,closed,clean energy,,Market: Clean Energy; USA; Source: Crunchbase
Veratect,veratect.com,$4.2M,closed,biotech,,Market: Biotechnology; USA; Source: Crunchbase
Space Pencil,spacepencil.com,$4.2M,closed,curated web,,Market: Curated Web; USA; Source: Crunchbase
Rapid Mobile,rapid-mobile.com,$4.2M,closed,mobile,,Market: Mobile; GBR; Source: Crunchbase
AddFleet,addfleet.com,$4.2M,closed,mobile,,Market: Mobile; ESP; Source: Crunchbase
Local Marketers,localmarketers.com,$4.1M,closed,adtech,,Market: Advertising; USA; Source: Crunchbase
Nevo Energy,avepanochevalley.org,$4.1M,closed,cleantech,,Market: Clean Technology; USA; Source: Crunchbase
Stonybrook Purification,stonybrookpure.com,$4.1M,closed,cleantech,,Market: Clean Technology; Source: Crunchbase
Snipi,snipi.com,$4.1M,closed,social buying,,Market: Social Buying; USA; Source: Crunchbase
AOI Medical,aoimedical.net,$4.0M,closed,healthtech,,Market: Health Care; USA; Source: Crunchbase
Axis Semiconductor,axissemi.com,$4.0M,closed,hardware,,Market: Semiconductors; USA; Source: Crunchbase
PremiTech,premitech.com,$4.0M,closed,saas,,Market: Software; DNK; Source: Crunchbase
Athena Design Systems,athenadesign.com,$4.0M,closed,saas,,Market: Software; USA; Source: Crunchbase
Blue Vector Systems,bluevectorsystems.com,$4.0M,closed,public relations,,Market: Public Relations; USA; Source: Crunchbase
Entertainment Media Works,entmediaworks.com,$4.0M,closed,saas,,Market: Software; USA; Source: Crunchbase
Groxis,arnoldit.com,$4.0M,closed,saas,,Market: Enterprise Software; USA; Source: Crunchbase
IgnitAd,ignitad.com,$4.0M,closed,adtech,,Market: Advertising; ISR; Source: Crunchbase
itzbig,itzbig.com,$4.0M,closed,services,,Market: Consulting; USA; Source: Crunchbase
LegiTime Technologies,legitimetechnologies.com,$4.0M,closed,messaging,,Market: Messaging; USA; Source: Crunchbase
Linea,getlinea.com,$4.0M,closed,photography,,Market: Photography; USA; Source: Crunchbase
M2Z Networks,m2znetworks.com,$4.0M,closed,mobile,,Market: Mobile; USA; Source: Crunchbase
OneRoomRate.com,oneroomrate.com,$4.0M,closed,curated web,,Market: Curated Web; USA; Source: Crunchbase
Prolify,prolify.com,$4.0M,closed,messaging,,Market: Messaging; ISR; Source: Crunchbase
PublicEarth,publicearth.com,$4.0M,closed,location based services,,Market: Location Based Services; USA; Source: Crunchbase
Quanlight,quanlight.com,$4.0M,closed,hardware,,Market: Semiconductors; Source: Crunchbase
RFinity,rfinity.com,$4.0M,closed,mobile,,Market: Mobile; USA; Source: Crunchbase
SkyData Systems,skydata.com,$4.0M,closed,mobile,,Market: Mobile; USA; Source: Crunchbase
Skyway Software,skywaysoftware.com,$4.0M,closed,saas,,Market: Software; USA; Source: Crunchbase
Smalltown,smalltown.com,$4.0M,closed,adtech,,Market: Advertising; USA; Source: Crunchbase
Utterz,utterz.com,$4.0M,closed,audio,,Market: Audio; USA; Source: Crunchbase
Vector City Racers,vectorcityracers.com,$4.0M,closed,gaming,,Market: Games; Source: Crunchbase
Virtual Telephone & Telegraph,geniusroom.com,$4.0M,closed,cloud computing,,Market: Cloud Computing; USA; Source: Crunchbase
Witel,witel.com,$4.0M,closed,mobile,,Market: Mobile; Source: Crunchbase
yoonew,yoonew.com,$4.0M,closed,curated web,,Market: Curated Web; USA; Source: Crunchbase
Zlio,zlio.com,$4.0M,closed,ecommerce,,Market: E-Commerce; FRA; Source: Crunchbase
H2i Technologies,h2i-technologies.eu,$4.0M,closed,hardware + software,,Market: Hardware + Software; FRA; Source: Crunchbase
"Game Trading technologies, Inc.",gtti.com,$3.9M,closed,gaming,,Market: Games; USA; Source: Crunchbase
Shoutitout,myshoutitout.com,$3.9M,closed,microblogging,,Market: MicroBlogging; USA; Source: Crunchbase
Zubka,zubka.com,$3.9M,closed,services,,Market: Consulting; GBR; Source: Crunchbase
Virgin Play,virginplay.es,$3.9M,closed,gaming,,Market: Games; ESP; Source: Crunchbase
Celltrix,celltrix.se,$3.8M,closed,healthtech,,Market: Health Care; SWE; Source: Crunchbase
Lat49,lat49.com,$3.8M,closed,internet,,Market: Internet; CAN; Source: Crunchbase
mobileo,mobileo.de,$3.8M,closed,location based services,,Market: Location Based Services; DEU; Source: Crunchbase
DotBlu,dotblu.com,$3.8M,closed,gambling,,Market: Gambling; USA; Source: Crunchbase
Radiation Watch,radiation-watch.com,$3.8M,closed,other,,Source: Crunchbase
Adaptive Ozone Solutions,adaptiveozone.com,$3.8M,closed,cleantech,,Market: Clean Technology; USA; Source: Crunchbase
mPortico,mportico.com,$3.8M,closed,mobile,,Market: Mobile; ISR; Source: Crunchbase
One Season,oneseason.com,$3.8M,closed,all markets,,Market: All Markets; USA; Source: Crunchbase
UpMo,upmo.com,$3.7M,closed,employment,,Market: Employment; USA; Source: Crunchbase
Smart Balloon,smartballoon.com,$3.6M,closed,gaming,,Market: Games; Source: Crunchbase
Canvas Networks,canv.as,$3.6M,closed,photography,,Market: Photography; Source: Crunchbase
DrawQuest,drawquest.com,$3.6M,closed,gaming,,Market: Games; Source: Crunchbase
Dmailer,support.dmailer.com,$3.6M,closed,saas,,Market: Software; FRA; Source: Crunchbase
Minekey,minekey.com,$3.6M,closed,curated web,,Market: Curated Web; USA; Source: Crunchbase
Loud3r,loud3r.com,$3.5M,closed,curated web,,Market: Curated Web; USA; Source: Crunchbase
ThermalTherapeuticSystems,thermaltherapeutics.com,$3.5M,closed,healthtech,,Market: Health Care; USA; Source: Crunchbase
Proacta,proacta.com,$3.5M,closed,biotech,,Market: Biotechnology; USA; Source: Crunchbase
GATe Technology,gate-technology.com,$3.5M,closed,clean energy,,Market: Clean Energy; VNM; Source: Crunchbase
My Perfect Gig,home.myperfectgig.com,$3.5M,closed,services,,Market: Consulting; USA; Source: Crunchbase
Pipewise,pipewise.com,$3.5M,closed,crm,,Market: CRM; USA; Source: Crunchbase
Reffpedia,reffpedia.com,$3.5M,closed,web tools,,Market: Web Tools; Source: Crunchbase
Synovex,synovexcorp.com,$3.5M,closed,biotech,,Market: Biotechnology; USA; Source: Crunchbase
VC VISION,vcvision.net,$3.5M,closed,business services,,Market: Business Services; USA; Source: Crunchbase
Workstreamer,workstreamer.com,$3.5M,closed,saas,,Market: Enterprise Software; USA; Source: Crunchbase
Arctic Diagnostics,arcdia.fi,$3.5M,closed,healthtech,,Market: Health Care; FIN; Source: Crunchbase
Hi-Stor Technologies,histor.fr,$3.5M,closed,saas,,Market: Software; FRA; Source: Crunchbase
Silvigen,silvigen.co.uk,$3.5M,closed,cleantech,,Market: Clean Technology; GBR; Source: Crunchbase
24/7 Card,247card.com,$3.5M,closed,fintech,,Market: Finance; USA; Source: Crunchbase
Sim Ops Studios,simopsstudios.com,$3.4M,closed,curated web,,Market: Curated Web; USA; Source: Crunchbase
Mobim,mobimtech.com,$3.4M,closed,mobile,,Market: Mobile; CHN; Source: Crunchbase
Platial,platial.com,$3.4M,closed,maps,,Market: Maps; USA; Source: Crunchbase
QderoPateo Communications,qpcmobility.com,$3.4M,closed,messaging,,Market: Messaging; CHN; Source: Crunchbase
Helix Therapeutics,helixtherapeutics.com,$3.4M,closed,biotech,,Market: Biotechnology; USA; Source: Crunchbase
EvoApp,evoapp.com,$3.4M,closed,customer service,,Market: Customer Service; USA; Source: Crunchbase
IronGate,iron-gate.net,$3.3M,closed,security,,Market: Security; ESP; Source: Crunchbase
Mosaic Biosciences,mosaicbio.com,$3.3M,closed,biotech,,Market: Biotechnology; USA; Source: Crunchbase
J&J Solutions,jjsolutionsinc.com,$3.3M,closed,biotech,,Market: Biotechnology; USA; Source: Crunchbase
Beezag,beezag.com,$3.2M,closed,media,,Market: Video; USA; Source: Crunchbase
Monumental Games,monumentalgames.com,$3.2M,closed,gaming,,Market: Games; GBR; Source: Crunchbase
IT Trading,ittradingllc.com,$3.2M,closed,saas,,Market: Software; USA; Source: Crunchbase
NanoMas Technologies,nanomastech.com,$3.2M,closed,nanotechnology,,Market: Nanotechnology; USA; Source: Crunchbase
Ology Media,ology.com,$3.2M,closed,interest graph,,Market: Interest Graph; USA; Source: Crunchbase
Neopolitan Networks,neopolitan.com,$3.2M,closed,curated web,,Market: Curated Web; USA; Source: Crunchbase
ProVision Communications,provision-comm.com,$3.2M,closed,hardware + software,,Market: Hardware + Software; GBR; Source: Crunchbase
Wakonda Technologies,wakondatech.com,$3.2M,closed,cleantech,,Market: Clean Technology; USA; Source: Crunchbase
Lighter Living,lighterliving.com,$3.1M,closed,healthtech,,Market: Health and Wellness; USA; Source: Crunchbase
Nail Your Mortgage,nailyourmortgage.com,$3.1M,closed,banking,,Market: Banking; USA; Source: Crunchbase
Oncofactor Corporation,oncofactor.com,$3.1M,closed,biotech,,Market: Biotechnology; USA; Source: Crunchbase
Funium,familyvillagegame.com,$3.0M,closed,gaming,,Market: Games; USA; Source: Crunchbase
Frankis Solutions Limited,frankissolutions.com,$3.0M,closed,other,,GBR; Source: Crunchbase
Paver Downes Associates,paverdownes.co.uk,$3.0M,closed,messaging,,Market: Messaging; GBR; Source: Crunchbase
C3L3B Digital,c3l3b.com,$3.0M,closed,gaming,,Market: Games; USA; Source: Crunchbase
California Interactive Technologies,calinteractive.com,$3.0M,closed,edtech,,Market: Education; USA; Source: Crunchbase
CDI Bioscience,cdibios.com,$3.0M,closed,biotech,,Market: Biotechnology; USA; Source: Crunchbase
Conformity,conformity-inc.com,$3.0M,closed,saas,,Market: Enterprise Software; USA; Source: Crunchbase
Fundability,fundability.com,$3.0M,closed,ecommerce,,Market: E-Commerce; Source: Crunchbase
G.ho.st,g.ho.st,$3.0M,closed,cloud computing,,Market: Cloud Computing; ISR; Source: Crunchbase
Gecko Audio,geckoaudio.com,$3.0M,closed,saas,,Market: Software; USA; Source: Crunchbase
gopogo,gopogo.com,$3.0M,closed,social commerce,,Market: Social Commerce; USA; Source: Crunchbase
Hematris Wound Care,hematris.de,$3.0M,closed,biotech,,Market: Biotechnology; DEU; Source: Crunchbase
Illumix Software,illumix.com,$3.0M,closed,business intelligence,,Market: Business Intelligence; GBR; Source: Crunchbase
kidthing,kidthing.com,$3.0M,closed,kids,,Market: Kids; USA; Source: Crunchbase
Kynogon,kynogon.com,$3.0M,closed,saas,,Market: Software; FRA; Source: Crunchbase
LivingWell Health,lwhsolutions.com,$3.0M,closed,biotech,,Market: Biotechnology; USA; Source: Crunchbase
MaxxAthlete,maxxathlete.com,$3.0M,closed,curated web,,Market: Curated Web; Source: Crunchbase
MyFrontSteps,myfrontsteps.com,$3.0M,closed,curated web,,Market: Curated Web; CAN; Source: Crunchbase
Net Power Technology,netpowertech.com,$3.0M,closed,cleantech,,Market: Clean Technology; Source: Crunchbase
Phylogy,phylogy.com,$3.0M,closed,web hosting,,Market: Web Hosting; USA; Source: Crunchbase
Smallaa,smallaa.com,$3.0M,closed,social,,Market: Social Media; USA; Source: Crunchbase
Solar & Environmental Technologies,solar-etc.com,$3.0M,closed,cleantech,,Market: Clean Technology; CHN; Source: Crunchbase
TripOvation,tripovation.com,$3.0M,closed,travel,,Market: Travel; Source: Crunchbase
XenoOne,xenoone.com,$3.0M,closed,curated web,,Market: Curated Web; USA; Source: Crunchbase
XVionics,xvionics.com,$3.0M,closed,saas,,Market: Enterprise Software; USA; Source: Crunchbase
Zenda Technologies,zendatech.com,$3.0M,closed,biotech,,Market: Biotechnology; USA; Source: Crunchbase
Kinetic Global Markets,kinetictradingllc.com,$3.0M,closed,analytics,,Market: Analytics; USA; Source: Crunchbase
mmCHANNEL,mmchannel.com,$3.0M,closed,gaming,,Market: Games; ESP; Source: Crunchbase
Punch Entertainment,punch-entertainment.com,$2.9M,closed,social games,,Market: Social Games; USA; Source: Crunchbase
Adventi,adventi.com,$2.9M,closed,services,,Market: Consulting; GBR; Source: Crunchbase
Gioia Systems,gioiasystems.com,$2.9M,closed,gaming,,Market: Games; USA; Source: Crunchbase
adicate timeads,adicate.com,$2.9M,closed,adtech,,Market: Advertising; NOR; Source: Crunchbase
Revolt Technology,revolttechnology.com,$2.9M,closed,hardware + software,,Market: Hardware + Software; USA; Source: Crunchbase
PlasmaSi,plasmasi.com,$2.8M,closed,cleantech,,Market: Clean Technology; USA; Source: Crunchbase
PeerPong,peerpong.com,$2.8M,closed,social search,,Market: Social Search; USA; Source: Crunchbase
SocialMatica,socialmatica.com,$2.8M,closed,saas,,Market: Software; USA; Source: Crunchbase
Slime Sandwich,slimesandwich.com,$2.8M,closed,gaming,,Market: Games; USA; Source: Crunchbase
Samares,samares.it,$2.7M,closed,cleantech,,Market: Clean Technology; ITA; Source: Crunchbase
Blackaeon International,blackaeon.uni.me,$2.7M,closed,robotics,,Market: Robotics; USA; Source: Crunchbase
Broadchoice,broadchoice.com,$2.7M,closed,file sharing,,Market: File Sharing; USA; Source: Crunchbase
REMOTV,remotv.com,$2.7M,closed,social,,Market: Social Media; USA; Source: Crunchbase
Zuujit,zuujit.com,$2.7M,closed,ecommerce,,Market: E-Commerce; USA; Source: Crunchbase
GoIP International,goipint.com,$2.6M,closed,messaging,,Market: Messaging; DNK; Source: Crunchbase
Txt4,txt4.com,$2.6M,closed,saas,,Market: Software; GBR; Source: Crunchbase
Biophytis,biophytis.com,$2.6M,closed,biotech,,Market: Biotechnology; FRA; Source: Crunchbase
CatchTheEye,catchtheeye.no,$2.6M,closed,adtech,,Market: Advertising; NOR; Source: Crunchbase
Cerona Networks,cerona.com,$2.6M,closed,public relations,,Market: Public Relations; USA; Source: Crunchbase
Devtap,devtap.com,$2.6M,closed,search,,Market: Search; USA; Source: Crunchbase
Grouply,grouply.com,$2.6M,closed,saas,,Market: Software; USA; Source: Crunchbase
skyrockit,skyrockit.com,$2.6M,closed,mobile,,Market: Mobile; USA; Source: Crunchbase
Broadcastr,getspun.com,$2.6M,closed,parenting,,Market: Parenting; USA; Source: Crunchbase
China Wi Max,chinawi-max.com,$2.6M,closed,mobile,,Market: Mobile; USA; Source: Crunchbase
ERUCES,eruces.com,$2.6M,closed,saas,,Market: Software; USA; Source: Crunchbase
LemonQuest,lemonquest.com,$2.5M,closed,portals,,Market: Portals; ESP; Source: Crunchbase
Manhattan Pharmaceuticals,manhattanpharma.com,$2.5M,closed,biotech,,Market: Biotechnology; USA; Source: Crunchbase
Before the Call,beforethecall.com,$2.5M,closed,saas,,Market: Software; USA; Source: Crunchbase
iPractice Group,ipracticegroup.com,$2.5M,closed,biotech,,Market: Biotechnology; USA; Source: Crunchbase
SpectraFluidics,spectrafluidics.com,$2.5M,closed,hardware + software,,Market: Hardware + Software; USA; Source: Crunchbase
ADFLOW Health Networks,adflowhealth.com,$2.5M,closed,healthtech,,Market: Health and Wellness; USA; Source: Crunchbase
Digitrad Communications,callbyname.com,$2.5M,closed,databases,,Market: Databases; FRA; Source: Crunchbase
Generic Media,genericmedia.com,$2.5M,closed,saas,,Market: Software; USA; Source: Crunchbase
Grey Area,greyarealabs.com,$2.5M,closed,mobile games,,Market: Mobile Games; FIN; Source: Crunchbase
"Kibboko, Inc.",kibboko.com,$2.5M,closed,saas,,Market: Software; CAN; Source: Crunchbase
Logia Group,logiagroup.com,$2.5M,closed,mobile,,Market: Mobile; ISR; Source: Crunchbase
Netbyte Hosting,netbyteusa.com,$2.5M,closed,web hosting,,Market: Web Hosting; USA; Source: Crunchbase
People Capital,people2capital.com,$2.5M,closed,credit cards,,Market: Credit Cards; USA; Source: Crunchbase
Run2Sport,run2sport.com,$2.5M,closed,sports,,Market: Sports; Source: Crunchbase
Senergen Devices,senergendevices.com,$2.5M,closed,cleantech,,Market: Clean Technology; USA; Source: Crunchbase
SunModular,sunmodularinc.com,$2.5M,closed,cleantech,,Market: Clean Technology; Source: Crunchbase
Wizzgo,mutchs.hd.free.fr,$2.5M,closed,gaming,,Market: Games; FRA; Source: Crunchbase
MARIPOSA BIOTECHNOLOGY,mariposabiotech.com,$2.4M,closed,biotech,,Market: Biotechnology; USA; Source: Crunchbase
Novacem,novacem.com,$2.4M,closed,cleantech,,Market: Clean Technology; GBR; Source: Crunchbase
Rivet & Sway,rivetandsway.com,$2.4M,closed,ecommerce,,Market: E-Commerce; USA; Source: Crunchbase
GleeMaster,gleemaster.com,$2.3M,closed,shopping,,Market: Shopping; USA; Source: Crunchbase
Pixelpipe,pixelpipe.com,$2.3M,closed,networking,,Market: Networking; USA; Source: Crunchbase
Planet Metrics,planetmetrics.com,$2.3M,closed,cleantech,,Market: Clean Technology; USA; Source: Crunchbase
NXVISION,nxvision.com,$2.3M,closed,photography,,Market: Photography; GBR; Source: Crunchbase
Digicompanion,digicompanion.com,$2.3M,closed,saas,,Market: Software; FRA; Source: Crunchbase
NERITES,nerites.com,$2.3M,closed,biotech,,Market: Biotechnology; USA; Source: Crunchbase
Zymetis,zymetis.com,$2.3M,closed,biotech,,Market: Biotechnology; USA; Source: Crunchbase
Zorap,zorap.com,$2.3M,closed,music,,Market: Music; USA; Source: Crunchbase
College Tonight,collegetonightinc.com,$2.2M,closed,networking,,Market: Networking; USA; Source: Crunchbase
Moprise,moprise.com,$2.2M,closed,saas,,Market: Enterprise Software; USA; Source: Crunchbase
Meggatel,meggatel.com,$2.2M,closed,mobile,,Market: Mobile; USA; Source: Crunchbase
Guangzhou Broad Vision Telecom,chinabroadvision.com,$2.2M,closed,web hosting,,Market: Web Hosting; CHN; Source: Crunchbase
LiveProfile,liveprofile.com,$2.2M,closed,social,,Market: Social Media; USA; Source: Crunchbase
Paxfire,paxfire.com,$2.2M,closed,saas,,Market: Software; USA; Source: Crunchbase
Zipzoom,zipzoom.com,$2.2M,closed,ecommerce,,Market: E-Commerce; CAN; Source: Crunchbase
SageFire,sagefire.com,$2.2M,closed,saas,,Market: Software; USA; Source: Crunchbase
Vontoo,vontoo.com,$2.2M,closed,messaging,,Market: Messaging; USA; Source: Crunchbase
Gnodal,gnodal.com,$2.2M,closed,web hosting,,Market: Web Hosting; USA; Source: Crunchbase
Zoomorama,zoomorama.com,$2.2M,closed,curated web,,Market: Curated Web; FRA; Source: Crunchbase
Moverati,moverati.com,$2.1M,closed,media,,Market: Video; USA; Source: Crunchbase
TwoF,molecularstamping.com,$2.1M,closed,biotech,,Market: Biotechnology; USA; Source: Crunchbase
TGS Knee Innovations,tgskneeinnovations.com,$2.1M,closed,biotech,,Market: Biotechnology; USA; Source: Crunchbase
80/20 Solutions,8020solutions.com,$2.1M,closed,social,,Market: Social Media; CAN; Source: Crunchbase
Flud,t.co,$2.1M,closed,social,,Market: Social Media; USA; Source: Crunchbase
FlyCast,flytcast.fm,$2.1M,closed,mobile,,Market: Mobile; USA; Source: Crunchbase
LightPole,lightpole.net,$2.1M,closed,mobile,,Market: Mobile; Source: Crunchbase
Loku,loku.com,$2.1M,closed,ediscovery,,Market: Ediscovery; USA; Source: Crunchbase
TerraWi,terrawi.com,$2.1M,closed,saas,,Market: Software; USA; Source: Crunchbase
Public Media Works,publicmediaworks.com,$2.1M,closed,curated web,,Market: Curated Web; USA; Source: Crunchbase
eegoes,eegoes.com,$2.1M,closed,social network media,,Market: Social Network Media; USA; Source: Crunchbase
Acendi Interactive,acendi.com,$2.1M,closed,security,,Market: Security; USA; Source: Crunchbase
PhotoPharmics,photopharmics.com,$2.1M,closed,healthtech,,Market: Health Care; USA; Source: Crunchbase
Olive Medical Corporation,oliolivemedical.com,$2.1M,closed,manufacturing,,Market: Manufacturing; USA; Source: Crunchbase
Nanofactory Instruments,nanofactory.com,$2.1M,closed,nanotechnology,,Market: Nanotechnology; SWE; Source: Crunchbase
Kylin Therapeutics,kylintherapeutics.com,$2.1M,closed,biotech,,Market: Biotechnology; USA; Source: Crunchbase
Rockola Media Group,rockola.fm,$2.0M,closed,media,,Market: News; ESP; Source: Crunchbase
Taking Point,takingpoint.com,$2.0M,closed,dod/military,,Market: DOD/Military; USA; Source: Crunchbase
Active Optical MEMS,activeoptical.net,$2.0M,closed,other,,USA; Source: Crunchbase
AdexLink,adexlink.com,$2.0M,closed,adtech,,Market: Advertising; USA; Source: Crunchbase
Advanced Ophthalmic Pharma,aopharma.com,$2.0M,closed,biotech,,Market: Biotechnology; ISR; Source: Crunchbase
AnovaStorm,anovastorm.com,$2.0M,closed,saas,,Market: Enterprise Software; USA; Source: Crunchbase
Bettymovil,bettymovil.com,$2.0M,closed,gaming,,Market: Games; ESP; Source: Crunchbase
Cascada Mobile,cascadamobile.com,$2.0M,closed,saas,,Market: Software; CAN; Source: Crunchbase
Collactive,collactive.com,$2.0M,closed,curated web,,Market: Curated Web; USA; Source: Crunchbase
CollegeWikis,collegewikis.com,$2.0M,closed,messaging,,Market: Messaging; Source: Crunchbase
Compass Quality Insight Inc.,compassquality.com,$2.0M,closed,saas,,Market: Software; USA; Source: Crunchbase
CouchOne,couchone.com,$2.0M,closed,saas,,Market: Software; USA; Source: Crunchbase
DigiMeld,digimeld.com,$2.0M,closed,curated web,,Market: Curated Web; USA; Source: Crunchbase
ERTH Technologies,erthinc.com,$2.0M,closed,cleantech,,Market: Clean Technology; USA; Source: Crunchbase
GenieTown,genietown.com,$2.0M,closed,curated web,,Market: Curated Web; USA; Source: Crunchbase
Gingersoft Media,mginger.com,$2.0M,closed,adtech,,Market: Advertising; IND; Source: Crunchbase
Ginx,ginx.com,$2.0M,closed,curated web,,Market: Curated Web; Source: Crunchbase
Hopscotch,usehopscotch.com,$2.0M,closed,apps,,Market: Apps; USA; Source: Crunchbase
iMedix Inc.,imedix.com,$2.0M,closed,search,,Market: Search; ISR; Source: Crunchbase
InstaJob,instajob.net,$2.0M,closed,saas,,Market: Software; USA; Source: Crunchbase
Libox,libox.com,$2.0M,closed,photo sharing,,Market: Photo Sharing; ISR; Source: Crunchbase
Linkedwith,linkedwith.com,$2.0M,closed,mobile,,Market: Mobile; DEU; Source: Crunchbase
Machine Perception Technologies,mpt4u.com,$2.0M,closed,saas,,Market: Software; USA; Source: Crunchbase
Metranome,metranome.net,$2.0M,closed,mobile video,,Market: Mobile Video; CAN; Source: Crunchbase
MyScreen,myscreen.com,$2.0M,closed,adtech,,Market: Advertising; CAN; Source: Crunchbase
MyWealth,mywealth.com,$2.0M,closed,curated web,,Market: Curated Web; USA; Source: Crunchbase
Nemedia,nemedia.com,$2.0M,closed,adtech,,Market: Advertising; Source: Crunchbase
PluggedIn,pluggedin.com,$2.0M,closed,media,,Market: Video; USA; Source: Crunchbase
Pollsb,pollsb.com,$2.0M,closed,surveys,,Market: Surveys; ISR; Source: Crunchbase
Ratify,ratifyinc.com,$2.0M,closed,saas,,Market: Software; USA; Source: Crunchbase
Roc2Loc,roc2loc.com,$2.0M,closed,mobile,,Market: Mobile; USA; Source: Crunchbase
Sharetivity,sharetivity.com,$2.0M,closed,curated web,,Market: Curated Web; USA; Source: Crunchbase
Smish,smi.sh,$2.0M,closed,saas,,Market: Software; USA; Source: Crunchbase
SpongeFish,spongefish.com,$2.0M,closed,curated web,,Market: Curated Web; USA; Source: Crunchbase
Sway,swayonline.com,$2.0M,closed,social,,Market: Social Media; USA; Source: Crunchbase
Swivel,eagereyes.org,$2.0M,closed,search,,Market: Search; USA; Source: Crunchbase
TapPress,tappress.me,$2.0M,closed,internet,,Market: Internet; SOM; Source: Crunchbase
Thwapr,thwapr.com,$2.0M,closed,iphone,,Market: iPhone; USA; Source: Crunchbase
"Touchring Co., Ltd.",touchring.com,$2.0M,closed,social network media,,Market: Social Network Media; KOR; Source: Crunchbase
Travolver,travolver.com,$2.0M,closed,peer-to-peer,,Market: Peer-to-Peer; RUS; Source: Crunchbase
Trusera,trusera.com,$2.0M,closed,healthtech,,Market: Health and Wellness; USA; Source: Crunchbase
Viva Vision,vivavision.com,$2.0M,closed,hardware,,Market: Hardware; USA; Source: Crunchbase
Vysr,vysr.com,$2.0M,closed,curated web,,Market: Curated Web; USA; Source: Crunchbase
ZinkoTek,zinkotek.com,$2.0M,closed,curated web,,Market: Curated Web; USA; Source: Crunchbase
CMP Therapeutics,cmptherapeutics.com,$2.0M,closed,biotech,,Market: Biotechnology; GBR; Source: Crunchbase
IM-Sense,im-sense.com,$2.0M,closed,saas,,Market: Software; Source: Crunchbase
Revistronic,revistronic.com,$2.0M,closed,content,,Market: Content; ESP; Source: Crunchbase
ImpactMedia,impactmedia.ie,$1.9M,closed,other,,IRL; Source: Crunchbase
Angelpc Global Support,angel-pc.com,$1.9M,closed,services,,Market: Consulting; ESP; Source: Crunchbase
Natural Cleaners Colorado,naturalcleaners.us,$1.9M,closed,cleantech,,Market: Clean Technology; USA; Source: Crunchbase
Stickybits,stickybits.com,$1.9M,closed,mobile,,Market: Mobile; USA; Source: Crunchbase
Durham Graphene Science,durhamgraphene.com,$1.9M,closed,manufacturing,,Market: Manufacturing; GBR; Source: Crunchbase
LEYIO,leyio.com,$1.9M,closed,mobile,,Market: Mobile; FRA; Source: Crunchbase
Baobab Planet,baobabplanet.com,$1.9M,closed,mmo games,,Market: MMO Games; ESP; Source: Crunchbase
Mingleverse,mingleverse.com,$1.8M,closed,telephony,,Market: Telephony; CAN; Source: Crunchbase
Aria Glassworks,ariaglassworks.com,$1.8M,closed,saas,,Market: Software; USA; Source: Crunchbase
LikeIt.com,likeit.com,$1.7M,closed,social search,,Market: Social Search; Source: Crunchbase
Lexy,lexy.com,$1.7M,closed,mobile,,Market: Mobile; USA; Source: Crunchbase
Amulet Pharmaceuticals,amuletpharma.com,$1.7M,closed,biotech,,Market: Biotechnology; USA; Source: Crunchbase
Digital Union,digitalunioncorp.com,$1.7M,closed,saas,,Market: Software; USA; Source: Crunchbase
GetBack,getback.com,$1.7M,closed,curated web,,Market: Curated Web; USA; Source: Crunchbase
nprogress,nprogress.com,$1.7M,closed,mobile,,Market: Mobile; USA; Source: Crunchbase
Qoof,qoof.com,$1.7M,closed,ecommerce,,Market: E-Commerce; ISR; Source: Crunchbase
Ziva Software,zook.in,$1.7M,closed,mobile,,Market: Mobile; IND; Source: Crunchbase
Zume Life,zumelife.com,$1.7M,closed,iphone,,Market: iPhone; USA; Source: Crunchbase
MakuCell,makucellinc.com,$1.7M,closed,biotech,,Market: Biotechnology; USA; Source: Crunchbase
Nevis Networks,nevisnetworks.com,$1.6M,closed,security,,Market: Security; USA; Source: Crunchbase
ComCam,comcam.net,$1.6M,closed,other,,USA; Source: Crunchbase
HammerKit,hammerkit.com,$1.6M,closed,curated web,,Market: Curated Web; FIN; Source: Crunchbase
Brandmail Solutions,brandmailsolutions.com,$1.6M,closed,messaging,,Market: Messaging; IRL; Source: Crunchbase
Regen,regenliving.com,$1.6M,closed,cleantech,,Market: Clean Technology; USA; Source: Crunchbase
FlickIM,outfittershaven.com,$1.6M,closed,mobile,,Market: Mobile; USA; Source: Crunchbase
Progressive Book Club,progressivebookclub.com,$1.6M,closed,social,,Market: Social Media; USA; Source: Crunchbase
Toucan Global,toucanglobal.com,$1.6M,closed,mobile,,Market: Mobile; Source: Crunchbase
Authix Tecnologies,authix.com,$1.6M,closed,security,,Market: Security; Source: Crunchbase
Dezineforce,dezineforce.com,$1.6M,closed,saas,,Market: Software; Source: Crunchbase
Breeze Tech,breeze-tech.co.uk,$1.6M,closed,saas,,Market: Enterprise Software; GBR; Source: Crunchbase
PutPlace,putplace.com,$1.6M,closed,web development,,Market: Web Development; IRL; Source: Crunchbase
Roozz.com,roozz.com,$1.6M,closed,saas,,Market: SaaS; DNK; Source: Crunchbase
Ecutronic Technologies,ecutronic.com,$1.6M,closed,analytics,,Market: Analytics; ESP; Source: Crunchbase
MyCabbage,mycabbage.com,$1.6M,closed,marketplaces,,Market: Marketplaces; USA; Source: Crunchbase
retickr,retickr.com,$1.6M,closed,social,,Market: Social Media; USA; Source: Crunchbase
Curaxis Pharmaceutical,curaxispharma.com,$1.5M,closed,biotech,,Market: Biotechnology; USA; Source: Crunchbase
clipsync,clipsync.com,$1.5M,closed,curated web,,Market: Curated Web; USA; Source: Crunchbase
InPlace,inplace.tv,$1.5M,closed,adtech,,Market: Advertising; ITA; Source: Crunchbase
8hands,8hands.com,$1.5M,closed,public relations,,Market: Public Relations; ISR; Source: Crunchbase
Bababoo,bababoo.com,$1.5M,closed,iphone,,Market: iPhone; USA; Source: Crunchbase
BuildMyMove,buildmymove.com,$1.5M,closed,other,,USA; Source: Crunchbase
Burning Sky Software,burningskysoftware.com,$1.5M,closed,cloud computing,,Market: Cloud Computing; USA; Source: Crunchbase
CupomNow,cupomnow.com.br,$1.5M,closed,startups,,Market: Startups; BRA; Source: Crunchbase
DeliveryEdge,licketyship.com,$1.5M,closed,shipping,,Market: Shipping; USA; Source: Crunchbase
Epic Production Technologies,epicpt.com,$1.5M,closed,gaming,,Market: Games; USA; Source: Crunchbase
Faves,blog.faves.com,$1.5M,closed,web tools,,Market: Web Tools; USA; Source: Crunchbase
Freedom2,freedom2inc.com,$1.5M,closed,other,,USA; Source: Crunchbase
Fuego Nation,fuegonation.com,$1.5M,closed,social,,Market: Social Media; USA; Source: Crunchbase
Gamook,gamook.com,$1.5M,closed,gaming,,Market: Games; USA; Source: Crunchbase
Giveo,giveo.com,$1.5M,closed,saas,,Market: Software; USA; Source: Crunchbase
Hive Media,hivemedia.tv,$1.5M,closed,gaming,,Market: Games; Source: Crunchbase
mBeat Media,mbeat.com,$1.5M,closed,mobile,,Market: Mobile; USA; Source: Crunchbase
Meijob,english.meijob.com,$1.5M,closed,search,,Market: Search; Source: Crunchbase
Mosoro,mosoro.com,$1.5M,closed,manufacturing,,Market: Manufacturing; USA; Source: Crunchbase
Path.To,path.to,$1.5M,closed,curated web,,Market: Curated Web; USA; Source: Crunchbase
Possibility Space,possibilityspace.com,$1.5M,closed,gaming,,Market: Games; USA; Source: Crunchbase
Queplix,queplix.com,$1.5M,closed,saas,,Market: Enterprise Software; USA; Source: Crunchbase
Secondbrain,secondbrain.com,$1.5M,closed,search,,Market: Search; NOR; Source: Crunchbase
StyleTrek,styletrek.com,$1.5M,closed,ecommerce,,Market: Fashion; USA; Source: Crunchbase
Tangler,tangler.com,$1.5M,closed,forums,,Market: Forums; USA; Source: Crunchbase
The Society,thesociety.com,$1.5M,closed,hospitality,,Market: Hospitality; USA; Source: Crunchbase
Triangulate,triangulatecorp.com,$1.5M,closed,curated web,,Market: Curated Web; USA; Source: Crunchbase
Wikets,wikets.com,$1.5M,closed,ecommerce,,Market: E-Commerce; Source: Crunchbase
Woldme,woldme.com,$1.5M,closed,social network media,,Market: Social Network Media; Source: Crunchbase
Xylos Corporation,xyloscorp.com,$1.5M,closed,biotech,,Market: Biotechnology; USA; Source: Crunchbase
Zoji,zoji.com,$1.5M,closed,curated web,,Market: Curated Web; USA; Source: Crunchbase
Ztail,ztail.com,$1.5M,closed,price comparison,,Market: Price Comparison; USA; Source: Crunchbase
Globel Direct,globel.com,$1.5M,closed,public relations,,Market: Public Relations; CAN; Source: Crunchbase
Sweepery,sweepery.com,$1.5M,closed,adtech,,Market: Advertising; USA; Source: Crunchbase
Quintessence Biosciences,quintbio.com,$1.5M,closed,biotech,,Market: Biotechnology; USA; Source: Crunchbase
Bahu,bahu.com,$1.5M,closed,social,,Market: Social Media; FRA; Source: Crunchbase
Optimus3,optimus3.com,$1.5M,closed,ecommerce,,Market: E-Commerce; USA; Source: Crunchbase
Yuntaa,yuntaa.com,$1.5M,closed,web hosting,,Market: Web Hosting; BEL; Source: Crunchbase
Extreme Enterprises,eeihq.com,$1.5M,closed,saas,,Market: Enterprise Software; USA; Source: Crunchbase
Spiral Gateway,spiralgateway.com,$1.4M,closed,hardware,,Market: Semiconductors; Source: Crunchbase
Hotlist,hotlist.com,$1.4M,closed,social,,Market: Social Media; USA; Source: Crunchbase
Hubsphere,hubsphere.com,$1.4M,closed,saas,,Market: Enterprise Software; GBR; Source: Crunchbase
MuseStorm,musestorm.com,$1.4M,closed,curated web,,Market: Curated Web; USA; Source: Crunchbase
Enigma Software Productions,enigmasp.com,$1.4M,closed,gaming,,Market: Games; ESP; Source: Crunchbase
Mieple,mieple.com,$1.4M,closed,curated web,,Market: Curated Web; USA; Source: Crunchbase
AdYouNet,adyounet.com,$1.4M,closed,adtech,,Market: Advertising; USA; Source: Crunchbase
Biosyntech,biosyntech.com,$1.4M,closed,biotech,,Market: Biotechnology; CAN; Source: Crunchbase
GigaLogix,gigalogix.com,$1.4M,closed,public relations,,Market: Public Relations; USA; Source: Crunchbase
Ogorod,ogorod.com,$1.4M,closed,social,,Market: Social Media; RUS; Source: Crunchbase
Pinkdingo,pinkdingo.com,$1.4M,closed,curated web,,Market: Curated Web; USA; Source: Crunchbase
RawData,therawdata.com,$1.4M,closed,analytics,,Market: Analytics; USA; Source: Crunchbase
Grocio,grocio.com,$1.4M,closed,curated web,,Market: Curated Web; USA; Source: Crunchbase
China Yongxin Pharmaceuticals,yongxinchina.com,$1.4M,closed,biotech,,Market: Biotechnology; USA; Source: Crunchbase
US-ST Construction Material Int'l.,stmaterialconstruction.com,$1.4M,closed,manufacturing,,Market: Manufacturing; USA; Source: Crunchbase
Gurnard Perch Sophisticated Technologies,gperch.com,$1.4M,closed,curated web,,Market: Curated Web; HKG; Source: Crunchbase
Really Simple,reallysimple.to,$1.3M,closed,saas,,Market: Software; USA; Source: Crunchbase
iTaggit,itaggit.com,$1.3M,closed,curated web,,Market: Curated Web; USA; Source: Crunchbase
Lecere,lecere.com,$1.3M,closed,saas,,Market: Software; USA; Source: Crunchbase
Orthos,orthos.com,$1.3M,closed,biotech,,Market: Biotechnology; GBR; Source: Crunchbase
Scan & Target,scanandtarget.com,$1.3M,closed,saas,,Market: Software; Source: Crunchbase
Mangia,mangia.com,$1.3M,closed,mobile,,Market: Mobile; USA; Source: Crunchbase
Social Genius,audiovroom.com,$1.3M,closed,saas,,Market: Software; USA; Source: Crunchbase
GB Environmental,gb-environmental.com,$1.3M,closed,cleantech,,Market: Clean Technology; GBR; Source: Crunchbase
PRUSLAND SL,prusland.com,$1.3M,closed,social,,Market: Social Media; ESP; Source: Crunchbase
Blue Buzz Network,informifi.com,$1.3M,closed,media,,Market: News; USA; Source: Crunchbase
Sampa,sampa.com,$1.3M,closed,curated web,,Market: Curated Web; USA; Source: Crunchbase
frooly,blog.frooly.com,$1.3M,closed,social,,Market: Social Media; GBR; Source: Crunchbase
ColorModules,colormodules.com,$1.3M,closed,beauty,,Market: Beauty; USA; Source: Crunchbase
Flowgram,flowgram.com,$1.3M,closed,curated web,,Market: Curated Web; USA; Source: Crunchbase
For Your Imagination,foryourimagination.com,$1.3M,closed,internet marketing,,Market: Internet Marketing; USA; Source: Crunchbase
hopscout,hopscout.com,$1.3M,closed,ecommerce,,Market: E-Commerce; USA; Source: Crunchbase
Inhale Digital,inhaledigital.com,$1.3M,closed,facebook applications,,Market: Facebook Applications; USA; Source: Crunchbase
Marquiss Wind Power,marquisswindpower.com,$1.3M,closed,cleantech,,Market: Clean Technology; USA; Source: Crunchbase
tritrue,tritrue.com,$1.3M,closed,curated web,,Market: Curated Web; JPN; Source: Crunchbase
C3 Online Marketing,c3onlinemarketing.com,$1.3M,closed,adtech,,Market: Advertising; CAN; Source: Crunchbase
Vertical Wind Energy,vweltd.com,$1.3M,closed,cleantech,,Market: Clean Technology; GBR; Source: Crunchbase
Callio Technologies,callio.com,$1.2M,closed,security,,Market: Security; CAN; Source: Crunchbase
FX Aligned,fxaligned.com,$1.2M,closed,fintech,,Market: Finance; USA; Source: Crunchbase
International Liars Poker Association,liarspoker.com,$1.2M,closed,gaming,,Market: Games; USA; Source: Crunchbase
Pure Klimaschutz,pure-carbon.ch,$1.2M,closed,cleantech,,Market: Clean Technology; CHE; Source: Crunchbase
Screaming Sports,screamingsports.com,$1.2M,closed,networking,,Market: Networking; USA; Source: Crunchbase
Good Health Media,sideeffectsof.co,$1.2M,closed,adtech,,Market: Advertising; USA; Source: Crunchbase
Intoan Technology,intoan.com,$1.2M,closed,saas,,Market: Software; FRA; Source: Crunchbase
Lama Lab,lamalab.com,$1.2M,closed,saas,,Market: Enterprise Software; USA; Source: Crunchbase
Diabetica,diabetica.co.uk,$1.2M,closed,biotech,,Market: Biotechnology; GBR; Source: Crunchbase
Panelfly,panelfly.com,$1.2M,closed,mobile,,Market: Mobile; USA; Source: Crunchbase
Karo Internet,xchar.de,$1.2M,closed,online gaming,,Market: Online Gaming; DEU; Source: Crunchbase
Asia Bioenergy Technologies Berhad,bioenergy.com.my,$1.2M,closed,curated web,,Market: Curated Web; MYS; Source: Crunchbase
Bevy,bevyinc.com,$1.2M,closed,social,,Market: Social Media; USA; Source: Crunchbase
BuzzDash,buzzdash.com,$1.2M,closed,curated web,,Market: Curated Web; USA; Source: Crunchbase
CasaHop,casahop.com,$1.2M,closed,hospitality,,Market: Hospitality; USA; Source: Crunchbase
DataEmail Group,dataemailgroup.com,$1.2M,closed,databases,,Market: Databases; Source: Crunchbase
Deal Decor,dealdecor.com,$1.2M,closed,ecommerce,,Market: E-Commerce; USA; Source: Crunchbase
Factery,factery.net,$1.2M,closed,curated web,,Market: Curated Web; USA; Source: Crunchbase
GreenGoose!,greengoose.com,$1.2M,closed,healthtech,,Market: Health and Wellness; USA; Source: Crunchbase
Hart InterCivic,internetvoting.com,$1.2M,closed,hardware + software,,Market: Hardware + Software; USA; Source: Crunchbase
Honestly.com,honestly.com,$1.2M,closed,curated web,,Market: Curated Web; USA; Source: Crunchbase
Jodange,jodange.com,$1.2M,closed,curated web,,Market: Curated Web; USA; Source: Crunchbase
KlickSports,klicksports.com,$1.2M,closed,mobile games,,Market: Mobile Games; USA; Source: Crunchbase
LilLuxe,lilluxe.com,$1.2M,closed,flash sales,,Market: Flash Sales; USA; Source: Crunchbase
Ngt4u.inc,ngt4u.com,$1.2M,closed,tutoring,,Market: Tutoring; USA; Source: Crunchbase
PrepChamps,prepchamps.com,$1.2M,closed,networking,,Market: Networking; USA; Source: Crunchbase
Pumant,pumant.com,$1.2M,closed,facebook applications,,Market: Facebook Applications; GBR; Source: Crunchbase
Renovar,renovarinc.com,$1.2M,closed,biotech,,Market: Biotechnology; USA; Source: Crunchbase
Transactiv,transactiv.com,$1.2M,closed,adtech,,Market: Advertising; USA; Source: Crunchbase
United Travel Technologies,unitedtravel.uk.mn,$1.2M,closed,public relations,,Market: Public Relations; GBR; Source: Crunchbase
OYCO Systems,oyco.com,$1.2M,closed,curated web,,Market: Curated Web; Source: Crunchbase
GotaCopy,gotacopy.com,$1.2M,closed,saas,,Market: Enterprise Software; Source: Crunchbase
Visibiz,visibiz.com,$1.1M,closed,crm,,Market: CRM; Source: Crunchbase
NextFit,nextfit.com,$1.1M,closed,healthtech,,Market: Health and Wellness; USA; Source: Crunchbase
ContinuityX Solutions,continuityx.com,$1.1M,closed,saas,,Market: Software; USA; Source: Crunchbase
Sentry Wireless,sentrywireless.com,$1.1M,closed,mobile,,Market: Mobile; IRL; Source: Crunchbase
Ariel Way,arielway.com,$1.1M,closed,mobile,,Market: Mobile; USA; Source: Crunchbase
Car Guy Nation,carguynation.com,$1.1M,closed,ecommerce,,Market: E-Commerce; USA; Source: Crunchbase
eBIZ.mobility,onetouchpurchasing.com,$1.1M,closed,ecommerce,,Market: E-Commerce; ISR; Source: Crunchbase
Emos Futures,emos.net,$1.1M,closed,saas,,Market: Software; FRA; Source: Crunchbase
Enikos,enikos.com,$1.1M,closed,web tools,,Market: Web Tools; AUS; Source: Crunchbase
iGlue,iglue.com,$1.1M,closed,semantic search,,Market: Semantic Search; HUN; Source: Crunchbase
Ph03nix New Media,ph03nixnewmedia.com,$1.1M,closed,gaming,,Market: Games; CAN; Source: Crunchbase
Utility Scale Solar,utilityscalesolar.com,$1.1M,closed,cleantech,,Market: Clean Technology; USA; Source: Crunchbase
Zin.gl,zin.gl,$1.1M,closed,curated web,,Market: Curated Web; RUS; Source: Crunchbase
Prylos,prylos.com,$1.1M,closed,saas,,Market: Software; FRA; Source: Crunchbase
Myhomepage Ltd.,myhomepage.com,$1.1M,closed,web tools,,Market: Web Tools; GBR; Source: Crunchbase
Lexara,lexara.com,$1.1M,closed,saas,,Market: Software; GBR; Source: Crunchbase
Pole Star,polestar-corporate.com,$1.1M,closed,saas,,Market: Software; USA; Source: Crunchbase
Brozengo,brozengo.com,$1.1M,closed,coupons,,Market: Coupons; FRA; Source: Crunchbase
Ayalogic,imvox.com,$1.1M,closed,voip,,Market: VoIP; Source: Crunchbase
ScholarPRO,scholarpro.com,$1.1M,closed,search,,Market: Search; Source: Crunchbase
Beyond Encryption Technologies,beyondencryption.ie,$1.1M,closed,saas,,Market: Software; IRL; Source: Crunchbase
Illuminate Labs,illuminatelabs.com,$1.1M,closed,other,,SWE; Source: Crunchbase
Wellocities,wellocities.com,$1.1M,closed,social,,Market: Social Media; CAN; Source: Crunchbase
Media Chaperone,mediachaperone.com,$1.1M,closed,curated web,,Market: Curated Web; USA; Source: Crunchbase
Zeer,zeer.com,$1.1M,closed,hospitality,,Market: Hospitality; USA; Source: Crunchbase
Postabon,postabon.com,$1.0M,closed,saas,,Market: Software; USA; Source: Crunchbase
Digital Development Partners,digitaldevelopmentpartners.com,$1.0M,closed,saas,,Market: Software; USA; Source: Crunchbase
Wantworthy,wantworthy.com,$1.0M,closed,retail,,Market: Retail; USA; Source: Crunchbase
Agoura Technologies,agouratech.com,$1.0M,closed,nanotechnology,,Market: Nanotechnology; USA; Source: Crunchbase
Aventa Technologies,aventatech.com,$1.0M,closed,manufacturing,,Market: Manufacturing; USA; Source: Crunchbase
BlogGlue,blogglue.com,$1.0M,closed,internet marketing,,Market: Internet Marketing; Source: Crunchbase
BubbleGab,bubblegab.com,$1.0M,closed,social,,Market: Social Media; RUS; Source: Crunchbase
CakeStyle,cakestyle.com,$1.0M,closed,lifestyle,,Market: Lifestyle; USA; Source: Crunchbase
Cinetraffic,cinetraffic.tv,$1.0M,closed,search,,Market: Search; FRA; Source: Crunchbase
City Voice,cityvoice.com,$1.0M,closed,search,,Market: Search; USA; Source: Crunchbase
Code71,code71.com,$1.0M,closed,web development,,Market: Web Development; USA; Source: Crunchbase
Comeks,comeks.com,$1.0M,closed,entertainment,,Market: Entertainment; FIN; Source: Crunchbase
Credit Coach,creditcoach.net,$1.0M,closed,saas,,Market: Software; USA; Source: Crunchbase
Crowd Technologies,stockmoose.com,$1.0M,closed,social,,Market: Social Media; USA; Source: Crunchbase
EBOOKAPLACE,ebookaplace.com,$1.0M,closed,ecommerce,,Market: E-Commerce; Source: Crunchbase
EggCartel,eggcartel.com,$1.0M,closed,ecommerce,,Market: E-Commerce; Source: Crunchbase
EnterMedia,entermedia.ru,$1.0M,closed,gaming,,Market: Games; RUS; Source: Crunchbase
Fashism,fashism.com,$1.0M,closed,ecommerce,,Market: Fashion; USA; Source: Crunchbase
Friends Around,friendsaround.com,$1.0M,closed,mobile social,,Market: Mobile Social; Source: Crunchbase
Fyreball,fyreball.com,$1.0M,closed,messaging,,Market: Messaging; USA; Source: Crunchbase
Gamestaq,gamestaq.com,$1.0M,closed,video games,,Market: Video Games; USA; Source: Crunchbase
Gamzee,gamzee.com,$1.0M,closed,gaming,,Market: Games; USA; Source: Crunchbase
Get.com,get.com,$1.0M,closed,social,,Market: Social Media; USA; Source: Crunchbase
Gigalocal,gigalocal.de,$1.0M,closed,ecommerce,,Market: E-Commerce; DEU; Source: Crunchbase
GlobalCrypto,globalcrypto.com,$1.0M,closed,security,,Market: Security; USA; Source: Crunchbase
Glycominds,glycominds.com,$1.0M,closed,biotech,,Market: Biotechnology; ISR; Source: Crunchbase
GPal,gpal.net,$1.0M,closed,ecommerce,,Market: E-Commerce; Source: Crunchbase
Helicomm,helicomm.com,$1.0M,closed,web hosting,,Market: Web Hosting; USA; Source: Crunchbase
High Density Networks,hdn.net,$1.0M,closed,web hosting,,Market: Web Hosting; USA; Source: Crunchbase
Hotswap,hotswap.com,$1.0M,closed,ecommerce,,Market: E-Commerce; USA; Source: Crunchbase
iSites,isites.us,$1.0M,closed,hardware + software,,Market: Hardware + Software; Source: Crunchbase
JOYRIDE Auto Community,joyride.com,$1.0M,closed,social commerce,,Market: Social Commerce; USA; Source: Crunchbase
kwiry,kwiry.com,$1.0M,closed,sms,,Market: SMS; USA; Source: Crunchbase
MagMe,magme.com,$1.0M,closed,adtech,,Market: Advertising; CAN; Source: Crunchbase
Make It Work,ericgreenspan.com,$1.0M,closed,hardware,,Market: Hardware; USA; Source: Crunchbase
MarketPage,getmarketpage.com,$1.0M,closed,marketplaces,,Market: Marketplaces; USA; Source: Crunchbase
MindFuse,mindfusegames.com,$1.0M,closed,gaming,,Market: Games; Source: Crunchbase
Minggl,minggl.com,$1.0M,closed,social,,Market: Social Media; USA; Source: Crunchbase
Needium,needium.com,$1.0M,closed,social,,Market: Social Media; CAN; Source: Crunchbase
OfficeDrop,officedrop.com,$1.0M,closed,document management,,Market: Document Management; USA; Source: Crunchbase
Opicos,opicos.com,$1.0M,closed,social,,Market: Social Media; ARG; Source: Crunchbase
PhoneTell,phonetell.com,$1.0M,closed,mobile,,Market: Mobile; USA; Source: Crunchbase
PingCo.com,pingco.com,$1.0M,closed,saas,,Market: Software; CHN; Source: Crunchbase
Plethora Technology,enterpriseinaflash.com,$1.0M,closed,saas,,Market: Software; USA; Source: Crunchbase
Prescreen,prescreen.com,$1.0M,closed,gaming,,Market: Games; USA; Source: Crunchbase
Rebel Monkey,rebelmonkey.com,$1.0M,closed,gaming,,Market: Games; USA; Source: Crunchbase
SeeToo,seetoo.com,$1.0M,closed,chat,,Market: Chat; USA; Source: Crunchbase
SensorWave,sensorwave.com,$1.0M,closed,public relations,,Market: Public Relations; USA; Source: Crunchbase
SocialDial,socialdial.com,$1.0M,closed,messaging,,Market: Messaging; USA; Source: Crunchbase
Solasta,solastacorp.com,$1.0M,closed,cleantech,,Market: Clean Technology; USA; Source: Crunchbase
Starport Systems,starportsys.com,$1.0M,closed,hardware,,Market: Semiconductors; USA; Source: Crunchbase
Storage Genetics,storagegen.com,$1.0M,closed,other,,USA; Source: Crunchbase
TakeCare,take-care.me,$1.0M,closed,other,,Source: Crunchbase
Tinypay.me,tinypay.me,$1.0M,closed,marketplaces,,Market: Marketplaces; NLD; Source: Crunchbase
Tipjoy,tipjoy.com,$1.0M,closed,charity,,Market: Charity; USA; Source: Crunchbase
Top100.cn,top100.cn,$1.0M,closed,music,,Market: Music; Source: Crunchbase
trend.ly,trend.ly,$1.0M,closed,curated web,,Market: Curated Web; Source: Crunchbase
VAWT Manufacturing,vawtmfg.com,$1.0M,closed,manufacturing,,Market: Manufacturing; USA; Source: Crunchbase
Vidable,vidable.com,$1.0M,closed,adtech,,Market: Advertising; USA; Source: Crunchbase
Virtual Web,govirtualweb.com,$1.0M,closed,adtech,,Market: Advertising; ISR; Source: Crunchbase
"VOIS, Inc.",vois.com,$1.0M,closed,social,,Market: Social Media; USA; Source: Crunchbase
Wirama,wirama.com,$1.0M,closed,hardware + software,,Market: Hardware + Software; USA; Source: Crunchbase
YESTODATE.COM,yestodate.com,$1.0M,closed,curated web,,Market: Curated Web; USA; Source: Crunchbase
Zefanclub,zefanclub.com,$1.0M,closed,social,,Market: Social Media; FRA; Source: Crunchbase
Zila Networks,zilanetworks.com,$1.0M,closed,mobile,,Market: Mobile; USA; Source: Crunchbase
kinkon,kinkon.de,$996K,closed,curated web,,Market: Curated Web; DEU; Source: Crunchbase
What They Like,whattheylike.com,$990K,closed,curated web,,Market: Curated Web; USA; Source: Crunchbase
SpeakSoft,speaksoft.net,$989K,closed,public relations,,Market: Public Relations; USA; Source: Crunchbase
Done.,done.com,$985K,closed,curated web,,Market: Curated Web; USA; Source: Crunchbase
Secure Fortress,securefortress.com,$982K,closed,security,,Market: Security; USA; Source: Crunchbase
Advebs,advebs.com,$980K,closed,internet marketing,,Market: Internet Marketing; USA; Source: Crunchbase
FireStar Software,firestarsoftware.com,$980K,closed,saas,,Market: Enterprise Software; USA; Source: Crunchbase
Maui Imaging,mauiimaging.com,$980K,closed,biotech,,Market: Biotechnology; USA; Source: Crunchbase
Rock City Apps,schedj.com,$975K,closed,social,,Market: Social Media; USA; Source: Crunchbase
Cyto Wave Technologies,cytowavetech.com,$965K,closed,biotech,,Market: Biotechnology; USA; Source: Crunchbase
Edserv Softsystems,edserv.in,$964K,closed,edtech,,Market: Education; IND; Source: Crunchbase
Nano ePrint,nanoeprint.com,$963K,closed,hardware + software,,Market: Hardware + Software; GBR; Source: Crunchbase
Xikota Devices,starrf.com,$960K,closed,hardware,,Market: Semiconductors; USA; Source: Crunchbase
DormNoise,dormnoise.com,$950K,closed,curated web,,Market: Curated Web; USA; Source: Crunchbase
Jogli,jogli.com,$950K,closed,music,,Market: Music; ISR; Source: Crunchbase
Q.branch,q-branch.com,$950K,closed,services,,Market: Consulting; USA; Source: Crunchbase
United Dogs and Cats,ekspress.ee,$941K,closed,pets,,Market: Pets; EST; Source: Crunchbase
Chameleon BioSurfaces,chameleonbio.com,$938K,closed,healthtech,,Market: Health Care; GBR; Source: Crunchbase
Quotify Technology,quotify.com,$935K,closed,saas,,Market: Enterprise Software; USA; Source: Crunchbase
Unsocial,unsocial.mobi,$935K,closed,social network media,,Market: Social Network Media; USA; Source: Crunchbase
Morgan Everett,morganeverett.com,$930K,closed,cleantech,,Market: Clean Technology; GBR; Source: Crunchbase
Belsito Media,belsitomedia.com,$928K,closed,public relations,,Market: Public Relations; ITA; Source: Crunchbase
SDH Group,sdhgroup.net,$915K,closed,other,,USA; Source: Crunchbase
Honeycomb Security Solutions,honeycombsolutions.co.uk,$911K,closed,security,,Market: Security; GBR; Source: Crunchbase
JeNaCell,jenacell.com,$908K,closed,nanotechnology,,Market: Nanotechnology; DEU; Source: Crunchbase
Ziliko,ziliko.com,$907K,closed,ecommerce,,Market: E-Commerce; CAN; Source: Crunchbase
DwellGreen,dwellgreenfranchise.com,$905K,closed,cleantech,,Market: Clean Technology; USA; Source: Crunchbase
BABYBOOM.ru,babyboom.ru,$900K,closed,ecommerce,,Market: E-Commerce; RUS; Source: Crunchbase
HeadCase Humanufacturing,headcaselabs.com,$900K,closed,saas,,Market: Software; USA; Source: Crunchbase
Join The Company,jointhecompany.com,$900K,closed,curated web,,Market: Curated Web; USA; Source: Crunchbase
Tripl,tripl.com,$900K,closed,location based services,,Market: Location Based Services; USA; Source: Crunchbase
Qpyn,qpyn.com,$891K,closed,mobile,,Market: Mobile; GBR; Source: Crunchbase
Healogica,healogica.com,$890K,closed,clinical trials,,Market: Clinical Trials; USA; Source: Crunchbase
Turf Geography Club,turfgeographyclub.com,$890K,closed,mobile,,Market: Mobile; USA; Source: Crunchbase
Hello Chair,hellochair.com,$890K,closed,mobile,,Market: Mobile; USA; Source: Crunchbase
Lumatix,lumatix-technology.de,$889K,closed,saas,,Market: Software; DEU; Source: Crunchbase
cacaoTV,cacaotv.com,$886K,closed,internet,,Market: Internet; FRA; Source: Crunchbase
Sicubo,docugest.es,$885K,closed,saas,,Market: Software; ESP; Source: Crunchbase
CrowdPC,crowdpc.com,$880K,closed,networking,,Market: Networking; USA; Source: Crunchbase
AutoRef.com,autoref.com,$875K,closed,curated web,,Market: Curated Web; USA; Source: Crunchbase
KuponGid,kupongid.ru,$867K,closed,coupons,,Market: Coupons; RUS; Source: Crunchbase
The Football Social Club,thefootballsocialclub.com,$861K,closed,social network media,,Market: Social Network Media; FRA; Source: Crunchbase
MyPronostic,mypronostic.com,$852K,closed,gaming,,Market: Games; FRA; Source: Crunchbase
CleveX,clevex.com,$850K,closed,healthtech,,Market: Health and Wellness; USA; Source: Crunchbase
BrightQube,stockphototalk.com,$850K,closed,web development,,Market: Web Development; USA; Source: Crunchbase
Unbooked Ltd,unbooked.com,$850K,closed,enterprises,,Market: Enterprises; USA; Source: Crunchbase
VIAP,viap.tv,$850K,closed,saas,,Market: Software; Source: Crunchbase
Alaris,alaris-us.com,$845K,closed,hardware + software,,Market: Hardware + Software; USA; Source: Crunchbase
CliqSearch,cliqsearch.com,$840K,closed,search,,Market: Search; USA; Source: Crunchbase
Minerva Worldwide,minervaworldwide.com,$840K,closed,saas,,Market: Software; USA; Source: Crunchbase
Zinc software,zensensor.com,$833K,closed,curated web,,Market: Curated Web; FRA; Source: Crunchbase
Polytouch Medical,polytouch-med.com,$830K,closed,healthtech,,Market: Health Care; ISR; Source: Crunchbase
Ocelus,ocelus.net,$813K,closed,biotech,,Market: Biotechnology; GBR; Source: Crunchbase
Poptank Studios,poptank.com,$810K,closed,gaming,,Market: Games; USA; Source: Crunchbase
Xanic,xanic.co.uk,$808K,closed,hardware,,Market: Semiconductors; GBR; Source: Crunchbase
studentSN,studentsn.com,$802K,closed,social network media,,Market: Social Network Media; DEU; Source: Crunchbase
Apprema,apprema.com,$800K,closed,ecommerce,,Market: E-Commerce; USA; Source: Crunchbase
Getfugu,getfugu.com,$800K,closed,mobile,,Market: Mobile; USA; Source: Crunchbase
navigaya,navigaya.com,$800K,closed,media,,Market: Media; Source: Crunchbase
Omnidrive,omnidrive.com,$800K,closed,web hosting,,Market: Web Hosting; USA; Source: Crunchbase
PagoPago,pago.me,$800K,closed,lead generation,,Market: Lead Generation; BRA; Source: Crunchbase
Rewind Me,rewind.me,$800K,closed,mobile,,Market: Mobile; USA; Source: Crunchbase
Solus Biosystems,solusbiosystems.com,$800K,closed,biotech,,Market: Biotechnology; USA; Source: Crunchbase
SPOC Medical,spocmedical.com,$800K,closed,medical devices,,Market: Medical Devices; USA; Source: Crunchbase
Surfwax Media,surfwaxmedia.com,$800K,closed,adtech,,Market: Advertising; USA; Source: Crunchbase
Twonq,twonq.com,$800K,closed,curated web,,Market: Curated Web; USA; Source: Crunchbase
Zykis,zykis.com,$800K,closed,automotive,,Market: Automotive; USA; Source: Crunchbase
Covelus,covelus.com,$789K,closed,saas,,Market: Software; GBR; Source: Crunchbase
Protective Systems,protectivesystems.com,$789K,closed,security,,Market: Security; USA; Source: Crunchbase
Khipu Systems,khipusystems.com,$786K,closed,saas,,Market: Software; NZL; Source: Crunchbase
fluIT Biosystems,fluit-biosystems.de,$767K,closed,curated web,,Market: Curated Web; DEU; Source: Crunchbase
I Am Smart Technology,iamsmarttechnology.com,$752K,closed,hardware + software,,Market: Hardware + Software; USA; Source: Crunchbase
Avieon,avieon.com,$750K,closed,television,,Market: Television; USA; Source: Crunchbase
Aviga Systems,avigasystems.com,$750K,closed,saas,,Market: Enterprise Software; USA; Source: Crunchbase
BetUknow,betuknow.com,$750K,closed,public relations,,Market: Public Relations; ISR; Source: Crunchbase
BuzzDoes,buzzdoes.com,$750K,closed,adtech,,Market: Advertising; ISR; Source: Crunchbase
City Grade,citygrades.com,$750K,closed,curated web,,Market: Curated Web; Source: Crunchbase
ClipClock,clipclock.com,$750K,closed,media,,Market: Video; RUS; Source: Crunchbase
Flatora,flatora.ru,$750K,closed,ecommerce,,Market: E-Commerce; RUS; Source: Crunchbase
hubbuzz.com,hubbuzz.com,$750K,closed,curated web,,Market: Curated Web; USA; Source: Crunchbase
i2we,i2we.com,$750K,closed,social,,Market: Social Media; USA; Source: Crunchbase
MyLifeBrand,mylifebrand.com,$750K,closed,social,,Market: Social Media; Source: Crunchbase
Plura Processing,pluraprocessing.com,$750K,closed,cloud computing,,Market: Cloud Computing; USA; Source: Crunchbase
StreetSpark,streetspark.com,$750K,closed,location based services,,Market: Location Based Services; GBR; Source: Crunchbase
Virgance,virgance.com,$750K,closed,apps,,Market: Apps; USA; Source: Crunchbase
LocoX.com,locox.com,$750K,closed,other,,USA; Source: Crunchbase
soup.me,soup.me,$749K,closed,curated web,,Market: Curated Web; AUT; Source: Crunchbase
Litebi,litebi.com,$749K,closed,saas,,Market: SaaS; ESP; Source: Crunchbase
TouristR,touristr.com,$736K,closed,travel,,Market: Travel; Source: Crunchbase
Jini,jini.co,$735K,closed,sensors,,Market: Sensors; BEL; Source: Crunchbase
SoWeTrip,sowetrip.com,$735K,closed,travel,,Market: Travel; FRA; Source: Crunchbase
Clearway Technology Partners,clearwaypartners.com,$730K,closed,saas,,Market: Software; USA; Source: Crunchbase
UeeeU.com,ueeeu.com,$727K,closed,ecommerce,,Market: E-Commerce; SGP; Source: Crunchbase
Planspot,planspot.com,$721K,closed,adtech,,Market: Advertising; NLD; Source: Crunchbase
RODECO ICT Services,google4restaurants.eu,$720K,closed,hospitality,,Market: Hospitality; NLD; Source: Crunchbase
trustedsafe,trustedsafe.de,$714K,closed,security,,Market: Security; DEU; Source: Crunchbase
fav.or.it,fav.or.it,$712K,closed,blogging platforms,,Market: Blogging Platforms; GBR; Source: Crunchbase
Gifts that Give,giftsthatgive.com,$705K,closed,nonprofits,,Market: Nonprofits; USA; Source: Crunchbase
BuySimple,buysimple.com,$700K,closed,ecommerce,,Market: E-Commerce; USA; Source: Crunchbase
Flareo,flareo.com,$700K,closed,search,,Market: Search; USA; Source: Crunchbase
OpenChime,openchime.com,$700K,closed,local search,,Market: Local Search; USA; Source: Crunchbase
Yamisee,yamisee.com,$700K,closed,edtech,,Market: Education; USA; Source: Crunchbase
Horse Creek Entertainment,hometvint.com,$698K,closed,ecommerce,,Market: E-Commerce; SWE; Source: Crunchbase
CM Sistemi,gruppocm.it,$696K,closed,other,,ITA; Source: Crunchbase
Club Santa Monica,clubsantamonica.com,$693K,closed,ecommerce,,Market: E-Commerce; ESP; Source: Crunchbase
QualiLife,qualilife.com,$692K,closed,saas,,Market: Software; Source: Crunchbase
Define My Style,definemystyle.com,$690K,closed,ecommerce,,Market: Fashion; USA; Source: Crunchbase
Deskwanted,deskwanted.com,$681K,closed,search,,Market: Search; DEU; Source: Crunchbase
ResQU,hepkie.com,$679K,closed,saas,,Market: Software; SWE; Source: Crunchbase
Lottay,lottay.com,$675K,closed,gift card,,Market: Gift Card; Source: Crunchbase
TBi Connect,tbiconnect.co.uk,$671K,closed,saas,,Market: Software; GBR; Source: Crunchbase
GeMeTec Metrology,gemetec.com,$670K,closed,hardware,,Market: Semiconductors; DEU; Source: Crunchbase
HeadMix,headmix.com,$660K,closed,saas,,Market: Software; USA; Source: Crunchbase
PayOrPass,invite.clutchretail.com,$660K,closed,ecommerce,,Market: E-Commerce; USA; Source: Crunchbase
Interactive Mobile Advertising,imatmobile.com,$650K,closed,adtech,,Market: Advertising; USA; Source: Crunchbase
77 Pieces,77-pieces.com,$650K,closed,curated web,,Market: Curated Web; NZL; Source: Crunchbase
AlphaNation,alphanation.com,$650K,closed,fintech,,Market: Finance; USA; Source: Crunchbase
eblizz,eblizz.com,$650K,closed,social media marketing,,Market: Social Media Marketing; USA; Source: Crunchbase
Generous Deals,generousdeals.com,$650K,closed,ecommerce,,Market: E-Commerce; USA; Source: Crunchbase
Goozzy,goozzy.com,$650K,closed,facebook applications,,Market: Facebook Applications; USA; Source: Crunchbase
RANK PRODUCTIONS,2crank.com,$650K,closed,career management,,Market: Career Management; MYS; Source: Crunchbase
Ripple Commerce,ripplecommerce.com,$650K,closed,ecommerce,,Market: E-Commerce; USA; Source: Crunchbase
ShieldEffect,shieldeffect.com,$650K,closed,security,,Market: Security; Source: Crunchbase
"Sidustar International, Inc.",sidustar.com,$650K,closed,saas,,Market: Enterprise Software; USA; Source: Crunchbase
SnapLayout,bestfacebookstatus.net,$650K,closed,social,,Market: Social Media; USA; Source: Crunchbase
walkby,walkby.com,$650K,closed,ecommerce,,Market: E-Commerce; USA; Source: Crunchbase
MediProPharma,medipropharma.com,$645K,closed,biotech,,Market: Biotechnology; USA; Source: Crunchbase
Mitochon Systems,mitochonsystems.com,$640K,closed,biotech,,Market: Biotechnology; USA; Source: Crunchbase
SkillsTrak,skillstrak.com,$640K,closed,saas,,Market: Software; GBR; Source: Crunchbase
Infima Technologies,infima-compression.com,$630K,closed,web hosting,,Market: Web Hosting; ISR; Source: Crunchbase
Copperfasten,copperfasten.com,$627K,closed,security,,Market: Security; IRL; Source: Crunchbase
Doocuments,doocuments.com,$622K,closed,document management,,Market: Document Management; ESP; Source: Crunchbase
Arithmatica,arithmatica.com,$622K,closed,saas,,Market: Software; USA; Source: Crunchbase
WISETIVI,wisetivi.com,$620K,closed,hardware + software,,Market: Hardware + Software; Source: Crunchbase
Atzip,atyq.info,$614K,closed,curated web,,Market: Curated Web; Source: Crunchbase
Flash Ventures,flashventures.com,$611K,closed,manufacturing,,Market: Manufacturing; USA; Source: Crunchbase
Wifi Online,wifionline.es,$603K,closed,mobile,,Market: Mobile; Source: Crunchbase
Admazely,admaze.ly,$600K,closed,ecommerce,,Market: E-Commerce; DNK; Source: Crunchbase
CmyCasa,cmycasa.com,$600K,closed,saas,,Market: Software; USA; Source: Crunchbase
Editlite,yourview.tv,$600K,closed,saas,,Market: Software; GBR; Source: Crunchbase
Hug Energy,hugenergy.com,$600K,closed,curated web,,Market: Curated Web; USA; Source: Crunchbase
Journeys,codename-journeys.com,$600K,closed,curated web,,Market: Curated Web; ISR; Source: Crunchbase
Mine,getmine.com,$600K,closed,mobile,,Market: Mobile; USA; Source: Crunchbase
Nomadica Brainstorming,nomadicabrainstorming.como,$600K,closed,saas,,Market: Software; ESP; Source: Crunchbase
Nugg-it,launch.nugg-it.com,$600K,closed,manufacturing,,Market: Manufacturing; USA; Source: Crunchbase
PawSpot,bizjournals.com,$600K,closed,pets,,Market: Pets; USA; Source: Crunchbase
RoboDynamics,robodynamics.com,$600K,closed,hardware + software,,Market: Hardware + Software; USA; Source: Crunchbase
spotdock,spotdock.com,$600K,closed,curated web,,Market: Curated Web; USA; Source: Crunchbase
TekTrak,tektrak.com,$600K,closed,mobile,,Market: Mobile; USA; Source: Crunchbase
vChatter,vchatter.com,$600K,closed,facebook applications,,Market: Facebook Applications; USA; Source: Crunchbase
Vicino,vicino.com,$600K,closed,social,,Market: Social Media; USA; Source: Crunchbase
Yebol,yebol.com,$600K,closed,search,,Market: Search; CHN; Source: Crunchbase
eVoter,evoter.com,$600K,closed,politics,,Market: Politics; USA; Source: Crunchbase
Application Developments plc,altech-uk.com,$596K,closed,saas,,Market: Software; Source: Crunchbase
Amaru,amaruinc.com,$592K,closed,saas,,Market: Software; SGP; Source: Crunchbase
VIDA Software,vida-software.com,$592K,closed,saas,,Market: Software; ESP; Source: Crunchbase
Edinburgh Robotics,edinburghrobotics.com,$587K,closed,hardware + software,,Market: Hardware + Software; GBR; Source: Crunchbase
Zoodak,zoodak.com,$580K,closed,fintech,,Market: Finance; USA; Source: Crunchbase
TranSiC,transic.com,$565K,closed,cleantech,,Market: Clean Technology; SWE; Source: Crunchbase
Dinamundo,dinamundo.com,$552K,closed,mobile,,Market: Mobile; USA; Source: Crunchbase
DocOnYou,doconyou.com,$550K,closed,social network media,,Market: Social Network Media; ESP; Source: Crunchbase
Bunndle,bunndle.com,$550K,closed,adtech,,Market: Advertising; USA; Source: Crunchbase
Harbinger Medical,harbingermedical.com,$550K,closed,healthtech,,Market: Health Care; USA; Source: Crunchbase
Instapagar,instapagar.br,$550K,closed,fintech,,Market: Finance; BRA; Source: Crunchbase
mTraks,mtraks.com,$550K,closed,music,,Market: Music; USA; Source: Crunchbase
Path101,path101.com,$550K,closed,career management,,Market: Career Management; USA; Source: Crunchbase
SaySwap,sayswap.com,$550K,closed,ecommerce,,Market: E-Commerce; USA; Source: Crunchbase
Squrl,squrl.com,$550K,closed,search,,Market: Search; USA; Source: Crunchbase
OKDJ.fm,okdj.fm,$550K,closed,gaming,,Market: Games; USA; Source: Crunchbase
Staaff,staaff.fr,$547K,closed,curated web,,Market: Curated Web; Source: Crunchbase
NewsBasis,newsbasis.com,$545K,closed,public relations,,Market: Public Relations; USA; Source: Crunchbase
Engagio,engag.io,$540K,closed,curated web,,Market: Curated Web; CAN; Source: Crunchbase
Postdeck,postdeck.com,$540K,closed,media,,Market: News; USA; Source: Crunchbase
Ayeah Games,ayeahgames.com,$530K,closed,gaming,,Market: Games; USA; Source: Crunchbase
LeanStream Media,leanstreammedia.com,$530K,closed,saas,,Market: Software; USA; Source: Crunchbase
Playcez,playcez.com,$530K,closed,mobile,,Market: Mobile; IND; Source: Crunchbase
HotClickVideo,hotclicktv.com,$525K,closed,saas,,Market: Software; USA; Source: Crunchbase
Muziwave.com,muziwave.com,$525K,closed,music,,Market: Music; USA; Source: Crunchbase
Med ePad,med-epad.com,$518K,closed,mobile,,Market: Mobile; Source: Crunchbase
BigString,bigstring.com,$518K,closed,security,,Market: Security; USA; Source: Crunchbase
Urtak,blog.urtak.com,$512K,closed,curated web,,Market: Curated Web; USA; Source: Crunchbase
3D FUTURE VISION II,3dfuturevision.com,$503K,closed,gaming,,Market: Games; USA; Source: Crunchbase
3ClickEMR Corporation,3clickemr.com,$500K,closed,electronic health records,,Market: Electronic Health Records; USA; Source: Crunchbase
Aarden Pharmaceuticals,aardenpharma.com,$500K,closed,biotech,,Market: Biotechnology; USA; Source: Crunchbase
Advanced Marketing & Media Group,theammgroup.com,$500K,closed,adtech,,Market: Advertising; USA; Source: Crunchbase
Behind the Burner,behindtheburner.com,$500K,closed,wine and spirits,,Market: Wine And Spirits; USA; Source: Crunchbase
Billfish Software,billfishsoftware.com,$500K,closed,business development,,Market: Business Development; USA; Source: Crunchbase
BlossomandTwigs.com,blossomandtwigs.com,$500K,closed,flowers,,Market: Flowers; GBR; Source: Crunchbase
Centrl,centrl.com,$500K,closed,mobile,,Market: Mobile; USA; Source: Crunchbase
Chasing Savings,chasingsavings.com,$500K,closed,coupons,,Market: Coupons; USA; Source: Crunchbase
Conexus-IT,conexus-it.com,$500K,closed,private social networking,,Market: Private Social Networking; USA; Source: Crunchbase
DailyTicket,dailyticket.com,$500K,closed,adtech,,Market: Advertising; Source: Crunchbase
DirectAdoptions.com,directadoptions.com,$500K,closed,social network media,,Market: Social Network Media; USA; Source: Crunchbase
Ecogii Energy Labs,ecoplenty.com,$500K,closed,smart grid,,Market: Smart Grid; Source: Crunchbase
Elton Digital,eltondigital.com,$500K,closed,internet marketing,,Market: Internet Marketing; USA; Source: Crunchbase
FanFound,fanfound.com,$500K,closed,music,,Market: Music; USA; Source: Crunchbase
Fashion Evolution Holdings,fashionevolution.co.za,$500K,closed,ecommerce,,Market: Fashion; ZAF; Source: Crunchbase
Footbalistic,footbalistic.com,$500K,closed,sports,,Market: Sports; USA; Source: Crunchbase
Fresh Dish,freshdish.com,$500K,closed,hospitality,,Market: Hospitality; USA; Source: Crunchbase
Gaiacom Wireless Networks,gaiacomwn.com,$500K,closed,mobile,,Market: Mobile; IRL; Source: Crunchbase
Guerillapps,guerillapps.com,$500K,closed,gaming,,Market: Games; USA; Source: Crunchbase
HealthyTweet,healthytweet.com,$500K,closed,healthtech,,Market: Health Care; Source: Crunchbase
Help Me Rent Magazine,helpmerentmagazine.com,$500K,closed,online rental,,Market: Online Rental; USA; Source: Crunchbase
hyaqu,hyaqu.com,$500K,closed,ecommerce,,Market: E-Commerce; USA; Source: Crunchbase
Incentivyze,incentivyze.co,$500K,closed,saas,,Market: Enterprise Software; USA; Source: Crunchbase
interspireSubmit,interspiresubmit.com,$500K,closed,seo,,Market: SEO; Source: Crunchbase
iSyndica,isyndica.com,$500K,closed,saas,,Market: Enterprise Software; USA; Source: Crunchbase
JinggaMall.com,jinggamall.com,$500K,closed,ecommerce,,Market: E-Commerce; IDN; Source: Crunchbase
Jotky,jotky.com,$500K,closed,media,,Market: Media; IDN; Source: Crunchbase
Keisense,keisense.com,$500K,closed,hardware + software,,Market: Hardware + Software; GBR; Source: Crunchbase
Labmeeting,labmeeting.com,$500K,closed,life sciences,,Market: Life Sciences; USA; Source: Crunchbase
LookStat,lookstat.com,$500K,closed,ecommerce,,Market: E-Commerce; USA; Source: Crunchbase
LooseHead Software,looseheadsoft.com,$500K,closed,mobile,,Market: Mobile; USA; Source: Crunchbase
Luristic,luristic.com,$500K,closed,information services,,Market: Information Services; USA; Source: Crunchbase
Maozhao,maozhao.com,$500K,closed,curated web,,Market: Curated Web; CHN; Source: Crunchbase
OdinOtvet,odinotvet.ru,$500K,closed,networking,,Market: Networking; Source: Crunchbase
Orbit Media,launchorbit.com,$500K,closed,saas,,Market: Software; USA; Source: Crunchbase
People Operating Technology,peopleoperatingtechnology.com,$500K,closed,saas,,Market: Software; Source: Crunchbase
PinkelStar,pinkelstar.com,$500K,closed,android,,Market: Android; NLD; Source: Crunchbase
PressConnect,pressconnect.org,$500K,closed,media,,Market: News; IND; Source: Crunchbase
Qitio,qitio.com,$500K,closed,hardware + software,,Market: Hardware + Software; POL; Source: Crunchbase
RightPath Payments,rppay.com,$500K,closed,saas,,Market: Software; USA; Source: Crunchbase
Second Half Playbook,secondhalfplaybook.com,$500K,closed,internet,,Market: Internet; USA; Source: Crunchbase
SocialBuy,socialbuy.com,$500K,closed,group buying,,Market: Group Buying; USA; Source: Crunchbase
STEERads,steerads.com,$500K,closed,adtech,,Market: Advertising; Source: Crunchbase
Subtextual,subtextual.com,$500K,closed,messaging,,Market: Messaging; USA; Source: Crunchbase
SubtleData,subtledata.com,$500K,closed,mobile,,Market: Mobile; USA; Source: Crunchbase
Tastemaker Labs,beta.tastemakerlabs.com,$500K,closed,ecommerce,,Market: E-Commerce; USA; Source: Crunchbase
Three Screen Games,threescreengames.com,$500K,closed,fantasy sports,,Market: Fantasy Sports; USA; Source: Crunchbase
TripFab,tripfab.com,$500K,closed,travel,,Market: Travel; Source: Crunchbase
Twitpay,twitpay.com,$500K,closed,ecommerce,,Market: E-Commerce; USA; Source: Crunchbase
Twones,twones.com,$500K,closed,music,,Market: Music; NLD; Source: Crunchbase
United Keys,unitedkeys.com,$500K,closed,other,,USA; Source: Crunchbase
UniversityLyfe,ulyfe.com,$500K,closed,web hosting,,Market: Web Hosting; USA; Source: Crunchbase
Weatherista,weatherista.com,$500K,closed,media,,Market: News; USA; Source: Crunchbase
"Xiamen Honwan Imp. & Exp. Co.,Ltd",honwan.com,$500K,closed,other,,Source: Crunchbase
YouCastr,youcastr.com,$500K,closed,gaming,,Market: Games; USA; Source: Crunchbase
Zenring,zenring.com,$500K,closed,mobile,,Market: Mobile; USA; Source: Crunchbase
Upstart Industries (Vantage),upstartindustries.com,$498K,closed,saas,,Market: Software; CAN; Source: Crunchbase
Presence Networks,presence-networks.net,$492K,closed,saas,,Market: Software; GBR; Source: Crunchbase
Hipui,hipui.com,$487K,closed,location based services,,Market: Location Based Services; Source: Crunchbase
Momo Networks,imomou.com,$480K,closed,networking,,Market: Networking; USA; Source: Crunchbase
Floop,floop.com,$475K,closed,social,,Market: Social Media; USA; Source: Crunchbase
amprice,amprice.de,$468K,closed,curated web,,Market: Curated Web; DEU; Source: Crunchbase
GFS IT,gamingdelivernetwork.com,$466K,closed,gaming,,Market: Games; CAN; Source: Crunchbase
Glomera,glomera.com,$465K,closed,saas,,Market: Software; ITA; Source: Crunchbase
AccelGolf,accelgolf.com,$457K,closed,fintech,,Market: Finance; USA; Source: Crunchbase
Infoflow,infoflow.co.uk,$457K,closed,saas,,Market: Software; GBR; Source: Crunchbase
Cerelink,cerelink.com,$456K,closed,web hosting,,Market: Web Hosting; USA; Source: Crunchbase
EventVue,eventvue.com,$455K,closed,curated web,,Market: Curated Web; USA; Source: Crunchbase
Waddapp.com,waddapp.com,$453K,closed,social,,Market: Social Media; NLD; Source: Crunchbase
Bundle It,bundleit.com,$450K,closed,curated web,,Market: Curated Web; USA; Source: Crunchbase
BUYSTAND,buystand.com,$450K,closed,marketplaces,,Market: Marketplaces; USA; Source: Crunchbase
Dibsie,dibsie.com,$450K,closed,ecommerce,,Market: E-Commerce; USA; Source: Crunchbase
EZ2CAD,easy2cad.com,$450K,closed,saas,,Market: Enterprise Software; ISR; Source: Crunchbase
PLUQ,pluq.com,$450K,closed,curated web,,Market: Curated Web; Source: Crunchbase
Spotplex,spotplex.com,$450K,closed,curated web,,Market: Curated Web; USA; Source: Crunchbase
Emergent One,emergentone.com,$448K,closed,paas,,Market: PaaS; Source: Crunchbase
Teikhos Tech,teikhos-tech.com,$446K,closed,saas,,Market: Software; ESP; Source: Crunchbase
WebEvents,webeventseurope.com,$446K,closed,adtech,,Market: Advertising; GBR; Source: Crunchbase
Alo Networks,alonetworks.com,$445K,closed,mobile,,Market: Mobile; USA; Source: Crunchbase
GeekStatus,geekstatus.com,$436K,closed,curated web,,Market: Curated Web; USA; Source: Crunchbase
LFS (Local Food Systems Inc),lfs.ag,$435K,closed,saas,,Market: Enterprise Software; Source: Crunchbase
Yasmo,yasmolive.com,$435K,closed,social,,Market: Social Media; USA; Source: Crunchbase
Cluepedia,cluepedia.com,$430K,closed,saas,,Market: Software; USA; Source: Crunchbase
Time Bomb Deals,timebombdeals.com,$425K,closed,adtech,,Market: Advertising; USA; Source: Crunchbase
Your Survival,yoursurvival.com,$425K,closed,curated web,,Market: Curated Web; USA; Source: Crunchbase
RobotDough Software,robotdough.com,$415K,closed,saas,,Market: Software; USA; Source: Crunchbase
Orange Line Media,orangelinemedia.com,$415K,closed,curated web,,Market: Curated Web; Source: Crunchbase
Ship & Duck,licensingmarketplace.com,$410K,closed,brand marketing,,Market: Brand Marketing; GBR; Source: Crunchbase
Fringe Corp,fringecorp.com,$410K,closed,mobile,,Market: Mobile; USA; Source: Crunchbase
KoalaDeal,koaladeal.com,$410K,closed,personalization,,Market: Personalization; USA; Source: Crunchbase
Buyers Edge,buyersedgeuk.com,$410K,closed,proptech,,Market: Real Estate; GBR; Source: Crunchbase
Alandia Communication Systems,alandiacs.com,$408K,closed,saas,,Market: Software; SWE; Source: Crunchbase
Publisha,publisha.com,$406K,closed,iphone,,Market: iPhone; GBR; Source: Crunchbase
Lost Property Heaven,lostpropertyheaven.com,$406K,closed,curated web,,Market: Curated Web; GBR; Source: Crunchbase
pr2go.com,pr2go.com,$404K,closed,public relations,,Market: Public Relations; Source: Crunchbase
Picostorm Code Labs,picostormlabs.com,$401K,closed,curated web,,Market: Curated Web; CAN; Source: Crunchbase
Run The Campaign,hirereach.net,$401K,closed,curated web,,Market: Curated Web; USA; Source: Crunchbase
AMOtech,amotech.co,$400K,closed,mobile,,Market: Mobile; ISR; Source: Crunchbase
AndroJek,androjek.com,$400K,closed,biotech,,Market: Biotechnology; USA; Source: Crunchbase
Atlas Guides,atlasguides.com,$400K,closed,other,,USA; Source: Crunchbase
Browsercast.com,browsercast.com,$400K,closed,search,,Market: Search; USA; Source: Crunchbase
ENT Surgical,ent-surgical.com,$400K,closed,medical devices,,Market: Medical Devices; Source: Crunchbase
Fitfu,fitfu.com,$400K,closed,iphone,,Market: iPhone; GBR; Source: Crunchbase
HealthRally,healthrally.com,$400K,closed,social,,Market: Social Media; USA; Source: Crunchbase
Idooble,idooble.com,$400K,closed,search,,Market: Search; USA; Source: Crunchbase
Mix & Meet,mixandmeet.com,$400K,closed,social,,Market: Social Media; USA; Source: Crunchbase
MyVerse,myverse.com,$400K,closed,fintech,,Market: Finance; USA; Source: Crunchbase
Newton Peripherals,newtonperipherals.com,$400K,closed,mobile software tools,,Market: Mobile Software Tools; USA; Source: Crunchbase
Plix,plix.co,$400K,closed,gaming,,Market: Games; Source: Crunchbase
Urgent Group,urgentgroup.com,$400K,closed,fintech,,Market: Finance; USA; Source: Crunchbase
WoofRadar,woofradar.com,$400K,closed,pets,,Market: Pets; USA; Source: Crunchbase
dianboom,dianboom.com,$390K,closed,3d,,Market: 3D; CHN; Source: Crunchbase
NextDigest,nextdigest.com,$390K,closed,adtech,,Market: Advertising; Source: Crunchbase
AltaVitas,altavitas.com,$388K,closed,healthtech,,Market: Health and Wellness; USA; Source: Crunchbase
Bookioo,bookioo.com,$388K,closed,social,,Market: Social Media; ESP; Source: Crunchbase
Netragon,netragon.com,$381K,closed,saas,,Market: Software; DEU; Source: Crunchbase
iexerci.se,iexerci.se,$380K,closed,fitness,,Market: Fitness; GBR; Source: Crunchbase
N-Sided,n-sided.com,$378K,closed,saas,,Market: Software; USA; Source: Crunchbase
Algorego,smartimagesolutions.com,$376K,closed,saas,,Market: Software; LVA; Source: Crunchbase
My Best Interest,ratesurfer.com,$375K,closed,saas,,Market: Software; USA; Source: Crunchbase
SeatNinja,seatninja.com,$375K,closed,mobile,,Market: Mobile; USA; Source: Crunchbase
SunnyBump,sunnybump.com,$375K,closed,babies,,Market: Babies; USA; Source: Crunchbase
bright box,brightbox.ru,$370K,closed,mobile,,Market: Mobile; RUS; Source: Crunchbase
Prosperity Financial Services Pte Ltd,prosperitypersonal.com,$370K,closed,fintech,,Market: Finance; SGP; Source: Crunchbase
Danger Room Gaming,rapidfiretrivia.com,$355K,closed,social games,,Market: Social Games; USA; Source: Crunchbase
BookTour,booktour.com,$350K,closed,databases,,Market: Databases; USA; Source: Crunchbase
ComCrowd,comcrowd.com,$350K,closed,saas,,Market: Software; AUS; Source: Crunchbase
Dabble,dabble.com,$350K,closed,gaming,,Market: Games; USA; Source: Crunchbase
Dreamscape Blue,dreamscapeblue.com,$350K,closed,healthtech,,Market: Health Care; USA; Source: Crunchbase
Evision Systems,evision.co.il,$350K,closed,other,,ISR; Source: Crunchbase
Fonmatch,fonmatch.com,$350K,closed,chat,,Market: Chat; USA; Source: Crunchbase
"MoveableCode, Inc.",moveablecode.com,$350K,closed,android,,Market: Android; USA; Source: Crunchbase
MysteryD,mysteryd.com,$350K,closed,television,,Market: Television; CRI; Source: Crunchbase
Pacinian,pacinian.com,$350K,closed,hardware + software,,Market: Hardware + Software; USA; Source: Crunchbase
Positron Dynamics,positrondynamics.com,$350K,closed,manufacturing,,Market: Manufacturing; Source: Crunchbase
Resonant Vibes,resonantvibes.com,$350K,closed,curated web,,Market: Curated Web; USA; Source: Crunchbase
Swarmforce,swarmforce.com,$350K,closed,social,,Market: Social Media; USA; Source: Crunchbase
TipCity,tipcity.com,$350K,closed,android,,Market: Android; USA; Source: Crunchbase
Upclique,upclique.com,$350K,closed,edtech,,Market: Education; Source: Crunchbase
BizGreet,bizgreet.com,$345K,closed,media,,Market: Video; USA; Source: Crunchbase
Asterisk,goastersik.com,$340K,closed,adtech,,Market: Advertising; USA; Source: Crunchbase
HAM-IT,ham-it.com,$340K,closed,adtech,,Market: Advertising; USA; Source: Crunchbase
Investopresto,investopresto.com,$340K,closed,fintech,,Market: Finance; Source: Crunchbase
Vocab,vocab.se,$331K,closed,saas,,Market: Software; SWE; Source: Crunchbase
Yatown,yatown.com,$330K,closed,social,,Market: Social Media; USA; Source: Crunchbase
Edenbee.com,edenbee.com,$329K,closed,web development,,Market: Web Development; IRL; Source: Crunchbase
logolineup,logolineup.com,$325K,closed,ecommerce,,Market: E-Commerce; Source: Crunchbase
Pearescope,pearescope.com,$325K,closed,networking,,Market: Networking; USA; Source: Crunchbase
Solmentum,solmentum.com,$325K,closed,cleantech,,Market: Clean Technology; USA; Source: Crunchbase
Stiki Digital,stiki.com,$325K,closed,curated web,,Market: Curated Web; USA; Source: Crunchbase
UPSIDO.com,upsido.com,$320K,closed,stock exchanges,,Market: Stock Exchanges; DNK; Source: Crunchbase
Programeter,programeter.com,$315K,closed,saas,,Market: Software; EST; Source: Crunchbase
Eckard Recovery Services,eckardrecovery.com,$310K,closed,healthtech,,Market: Health Care; USA; Source: Crunchbase
Searcheeze,searcheeze.com,$305K,closed,curated web,,Market: Curated Web; USA; Source: Crunchbase
HobbyTalk,hobbytalkcorp.com,$301K,closed,peer-to-peer,,Market: Peer-to-Peer; GBR; Source: Crunchbase
Adhere2Care,adhere2care.com,$300K,closed,healthtech,,Market: Health and Wellness; USA; Source: Crunchbase
AtBizz,atbizz.com,$300K,closed,content,,Market: Content; Source: Crunchbase
atHomestars,athomestars.com,$300K,closed,adtech,,Market: Advertising; USA; Source: Crunchbase
Aurality,aurality.net,$300K,closed,music,,Market: Music; USA; Source: Crunchbase
Azuna,azuna.net,$300K,closed,media,,Market: News; USA; Source: Crunchbase
DealitLive.com,dealitlive.com,$300K,closed,online shopping,,Market: Online Shopping; USA; Source: Crunchbase
Diversion,diversion.la,$300K,closed,social games,,Market: Social Games; USA; Source: Crunchbase
DriftToIt,drifttoit.com,$300K,closed,internet,,Market: Internet; USA; Source: Crunchbase
Emergent Views,emergentviews.com,$300K,closed,hardware + software,,Market: Hardware + Software; USA; Source: Crunchbase
flaveit,flaveit.com,$300K,closed,networking,,Market: Networking; Source: Crunchbase
George Mobile,getgeorgemobile.com,$300K,closed,android,,Market: Android; CAN; Source: Crunchbase
Gimao Networks,gimao.com,$300K,closed,curated web,,Market: Curated Web; ISR; Source: Crunchbase
IIIMOBI,iiimobi.com,$300K,closed,adtech,,Market: Advertising; CHN; Source: Crunchbase
IntroBridge,introbridge.com,$300K,closed,mobile,,Market: Mobile; GBR; Source: Crunchbase
Mingleplay,mingleplay.com,$300K,closed,virtual currency,,Market: Virtual Currency; USA; Source: Crunchbase
NEBOTRADE,nebotrade.hu,$300K,closed,biotech,,Market: Biotechnology; BEL; Source: Crunchbase
PriceAdvice,priceadvice.com,$300K,closed,curated web,,Market: Curated Web; USA; Source: Crunchbase
QMCODES,qmcodes.com,$300K,closed,mobile,,Market: Mobile; AUS; Source: Crunchbase
QponDirect,qpondirect.com,$300K,closed,curated web,,Market: Curated Web; USA; Source: Crunchbase
SCHEDit,sched.it,$300K,closed,social,,Market: Social Media; Source: Crunchbase
Silver Lining Limited,slapcenter.com,$300K,closed,saas,,Market: Software; USA; Source: Crunchbase
Spendji,spendji.com,$300K,closed,events,,Market: Events; USA; Source: Crunchbase
"Sweatdrops, LLC",sweatdrops.com,$300K,closed,healthtech,,Market: Health and Wellness; USA; Source: Crunchbase
Tandem Transit,transittandem.com,$300K,closed,public relations,,Market: Public Relations; USA; Source: Crunchbase
TasteSpace,tastespace.com,$300K,closed,search,,Market: Search; USA; Source: Crunchbase
Telecoast Communications,telecoast.com,$300K,closed,web hosting,,Market: Web Hosting; USA; Source: Crunchbase
Training Intelligence,trainingintelligence.com,$300K,closed,curated web,,Market: Curated Web; USA; Source: Crunchbase
Vibrow,vibrow.com,$300K,closed,browser extensions,,Market: Browser Extensions; RUS; Source: Crunchbase
whereIstand.com,whereistand.com,$300K,closed,opinions,,Market: Opinions; USA; Source: Crunchbase
mymission2,mymission2.com,$292K,closed,social,,Market: Social Media; GBR; Source: Crunchbase
Salespush.com,salespush.com,$290K,closed,saas,,Market: SaaS; GBR; Source: Crunchbase
Daily Sales Exchange,thedse.com,$284K,closed,ecommerce,,Market: E-Commerce; USA; Source: Crunchbase
TagLabs,taglabsinc.com,$281K,closed,saas,,Market: Software; USA; Source: Crunchbase
Zebtab,zebtab.com,$280K,closed,media,,Market: Video; GBR; Source: Crunchbase
Quantus Holdings,quantuscs.com,$278K,closed,saas,,Market: Software; USA; Source: Crunchbase
EmergentDetection,emergentdetection.com,$278K,closed,personal health,,Market: Personal Health; Source: Crunchbase
Keldeal,keldeal.com,$277K,closed,twitter applications,,Market: Twitter Applications; FRA; Source: Crunchbase
Clarimedix,clarimedix.com,$275K,closed,biotech,,Market: Biotechnology; USA; Source: Crunchbase
Fast Society,fastsociety.com,$275K,closed,messaging,,Market: Messaging; USA; Source: Crunchbase
Kurani Interactive,kurani.com,$275K,closed,saas,,Market: Software; USA; Source: Crunchbase
RefferedAgent.com,refferedagent.com,$275K,closed,proptech,,Market: Real Estate; USA; Source: Crunchbase
Twigmore,twigmore.com,$275K,closed,facebook applications,,Market: Facebook Applications; USA; Source: Crunchbase
3Touch,3touch.com,$272K,closed,saas,,Market: Software; IRL; Source: Crunchbase
IDYIA Innovations,idyia.com,$268K,closed,web hosting,,Market: Web Hosting; CAN; Source: Crunchbase
Search to Phone,searchtophone.com,$265K,closed,fintech,,Market: Finance; USA; Source: Crunchbase
Eclector,eclector.com,$264K,closed,adtech,,Market: Advertising; GBR; Source: Crunchbase
Tunepresto,tunepresto.com,$263K,closed,music,,Market: Music; IRL; Source: Crunchbase
Quosis,quosis.com,$260K,closed,saas,,Market: Software; FIN; Source: Crunchbase
Pro 3 Games,pro3games.com,$260K,closed,social,,Market: Social Media; AUT; Source: Crunchbase
ePrivateHire,eprivatehire.com,$258K,closed,web development,,Market: Web Development; Source: Crunchbase
Keepio,keepio.com,$255K,closed,twitter applications,,Market: Twitter Applications; USA; Source: Crunchbase
Posterbee,posterbee.com,$254K,closed,saas,,Market: Enterprise Software; Source: Crunchbase
Cruise Compare,cruisecompare.co.uk,$253K,closed,travel,,Market: Travel; GBR; Source: Crunchbase
Hotalot,hotalot.com,$252K,closed,media,,Market: News; SVN; Source: Crunchbase
ALPHAThrottle.com,alphathrottle.co.cc,$250K,closed,media,,Market: News; Source: Crunchbase
American Hometec,americanhometec.com,$250K,closed,cleantech,,Market: Clean Technology; USA; Source: Crunchbase
Animated Speech,animatedspeech.com,$250K,closed,saas,,Market: Software; USA; Source: Crunchbase
Bid Nerd,bidnerd.com,$250K,closed,curated web,,Market: Curated Web; USA; Source: Crunchbase
Bizily,bizily.com,$250K,closed,social,,Market: Social Media; USA; Source: Crunchbase
Calendargod,calendargod.com,$250K,closed,curated web,,Market: Curated Web; GBR; Source: Crunchbase
CityCiv,cityciv.com,$250K,closed,adtech,,Market: Advertising; USA; Source: Crunchbase
CleanTie,cleantie.com,$250K,closed,curated web,,Market: Curated Web; Source: Crunchbase
Content Circles,contentcircles.com,$250K,closed,saas,,Market: SaaS; USA; Source: Crunchbase
Dormzy,dormzy.com,$250K,closed,ecommerce,,Market: E-Commerce; USA; Source: Crunchbase
DotGT,dotgt.com,$250K,closed,electronics,,Market: Electronics; USA; Source: Crunchbase
dxcare.com,dxcare.com,$250K,closed,healthtech,,Market: Health Care; USA; Source: Crunchbase
Folkstr,folkstr.com,$250K,closed,social,,Market: Social Media; Source: Crunchbase
Fonemesh,fonemesh.com,$250K,closed,mobile,,Market: Mobile; USA; Source: Crunchbase
Gucash,gucash.com,$250K,closed,payments,,Market: Payments; ARG; Source: Crunchbase
HellHouse Media,hellhousemedia.com,$250K,closed,distribution,,Market: Distribution; USA; Source: Crunchbase
HelpHive,helphive.com,$250K,closed,local,,Market: Local; USA; Source: Crunchbase
Matchpin,matchpin.com,$250K,closed,local,,Market: Local; Source: Crunchbase
Melody Management,melodymanagement.com,$250K,closed,music,,Market: Music; Source: Crunchbase
Operative Mind,operativemind.com,$250K,closed,internet,,Market: Internet; Source: Crunchbase
OptixConnect,optixconnect.com,$250K,closed,social,,Market: Social Media; Source: Crunchbase
Personal On Demand,personalondemand.com,$250K,closed,curated web,,Market: Curated Web; Source: Crunchbase
Petizens.com,petizens.com,$250K,closed,social,,Market: Social Media; Source: Crunchbase
PlanHQ,planhq.com,$250K,closed,saas,,Market: Software; NZL; Source: Crunchbase
Practical EHR Solutions,thepehr.com,$250K,closed,biotech,,Market: Biotechnology; USA; Source: Crunchbase
Pushkart,pushkart.com,$250K,closed,curated web,,Market: Curated Web; USA; Source: Crunchbase
Quewey,quewey.com,$250K,closed,professional networking,,Market: Professional Networking; USA; Source: Crunchbase
Redeemr,redeemr.com,$250K,closed,social,,Market: Social Media; USA; Source: Crunchbase
Rush Points,rushpoints.com,$250K,closed,gaming,,Market: Games; Source: Crunchbase
sarvaMAIL,sarvamail.com,$250K,closed,email,,Market: Email; USA; Source: Crunchbase
SceneChat,scenechat.com,$250K,closed,adtech,,Market: Advertising; Source: Crunchbase
Silico Corp,machineasous-revues.com,$250K,closed,services,,Market: Consulting; USA; Source: Crunchbase
SixIntel,sixintel.com,$250K,closed,saas,,Market: Software; USA; Source: Crunchbase
Spotster,spotster.com,$250K,closed,events,,Market: Events; USA; Source: Crunchbase
Status Overload,statusoverload.com,$250K,closed,facebook applications,,Market: Facebook Applications; Source: Crunchbase
Storage By The Box,storagebythebox.com,$250K,closed,curated web,,Market: Curated Web; USA; Source: Crunchbase
Tasqe,tasqe.com,$250K,closed,other,,USA; Source: Crunchbase
Toygaroo.com,toygaroo.com,$250K,closed,toys,,Market: Toys; USA; Source: Crunchbase
turboBOTZ,turbobotz.com,$250K,closed,gaming,,Market: Games; USA; Source: Crunchbase
TVDeck,tvdeck.com,$250K,closed,curated web,,Market: Curated Web; Source: Crunchbase
Unity 4 Humanity,unity4humanity.com,$250K,closed,services,,Market: Consulting; USA; Source: Crunchbase
Zentact,zentact.com,$250K,closed,networking,,Market: Networking; USA; Source: Crunchbase
SmartDocs (Teknowmics),teknowmics.com,$249K,closed,saas,,Market: Software; JPN; Source: Crunchbase
ByteActive,byteactive.com,$244K,closed,saas,,Market: Enterprise Software; SWE; Source: Crunchbase
Fenix Biotech,genetrix.es,$243K,closed,technology,,Market: Technology; ESP; Source: Crunchbase
openPeople,openpeople.us,$243K,closed,social,,Market: Social Media; DEU; Source: Crunchbase
Tumbie,tumbie.com,$239K,closed,public relations,,Market: Public Relations; DEU; Source: Crunchbase
Tempolib,tempolib.com,$236K,closed,mobile,,Market: Mobile; FRA; Source: Crunchbase
Visualnest,trysubstance.com,$235K,closed,saas,,Market: Enterprise Software; DEU; Source: Crunchbase
liveMag.ro,livemag.ro,$233K,closed,shopping,,Market: Shopping; ROM; Source: Crunchbase
Bensata,helpinventit.com,$225K,closed,social,,Market: Social Media; USA; Source: Crunchbase
Club Scene Network,clubscenenetwork.com,$225K,closed,nightlife,,Market: Nightlife; Source: Crunchbase
Collexpo,collexpo.com,$225K,closed,leisure,,Market: Leisure; USA; Source: Crunchbase
Kirkland North,playturf.net,$225K,closed,gaming,,Market: Games; Source: Crunchbase
ScribeStorm,scribestorm.com,$225K,closed,music,,Market: Music; USA; Source: Crunchbase
Animatu Multimedia,animatu.net,$213K,closed,gaming,,Market: Games; ESP; Source: Crunchbase
Tipstar,tipstar.co.uk,$212K,closed,ecommerce,,Market: E-Commerce; GBR; Source: Crunchbase
Just around Us,justaroundus.com,$210K,closed,music,,Market: Music; FRA; Source: Crunchbase
PromiseUP,promiseup.do,$210K,closed,mobile,,Market: Mobile; RUS; Source: Crunchbase
Striped Sail,stripedsail.com,$210K,closed,hardware + software,,Market: Hardware + Software; USA; Source: Crunchbase
StyleQ,styleq.com,$210K,closed,adtech,,Market: Advertising; USA; Source: Crunchbase
Escapism Media,escapism-media.com,$209K,closed,hospitality,,Market: Hospitality; GBR; Source: Crunchbase
"ITOG, Inc.",itog.com,$205K,closed,opinions,,Market: Opinions; USA; Source: Crunchbase
FOODSCROOGE,foodscrooge.com,$201K,closed,ecommerce,,Market: E-Commerce; CAN; Source: Crunchbase
Accrue Search Concepts dba Boounce,boounce.com,$200K,closed,vertical search,,Market: Vertical Search; Source: Crunchbase
Anonymous You,ay.com,$200K,closed,opinions,,Market: Opinions; USA; Source: Crunchbase
ASC Information Technology,ascit.org,$200K,closed,saas,,Market: Software; USA; Source: Crunchbase
Athigo,athigo.com,$200K,closed,mobile,,Market: Mobile; USA; Source: Crunchbase
Confabb,confabb.com,$200K,closed,social,,Market: Social Media; USA; Source: Crunchbase
Cuturia,cuturia.com,$200K,closed,mobile,,Market: Mobile; USA; Source: Crunchbase
eeden,eeden.org,$200K,closed,social,,Market: Social Media; Source: Crunchbase
Eliason Media,eliasonmedia.com,$200K,closed,twitter applications,,Market: Twitter Applications; USA; Source: Crunchbase
EverConnect,everconnect.me,$200K,closed,messaging,,Market: Messaging; JPN; Source: Crunchbase
Fashionspace,fashionspace.com,$200K,closed,marketplaces,,Market: Marketplaces; GBR; Source: Crunchbase
Frequent Browser,frequentbrowser.com,$200K,closed,sales and marketing,,Market: Sales and Marketing; USA; Source: Crunchbase
GlobalPrint Systems,globalprintsystems.net,$200K,closed,hardware + software,,Market: Hardware + Software; USA; Source: Crunchbase
GlocalReach,glocalreach.com,$200K,closed,messaging,,Market: Messaging; GBR; Source: Crunchbase
HashTip,hashtip.com,$200K,closed,social,,Market: Social Media; USA; Source: Crunchbase
I Just Shared,ijustshared.com,$200K,closed,social,,Market: Social Media; USA; Source: Crunchbase
Invicta Networks,invictanetworks.com,$200K,closed,public relations,,Market: Public Relations; USA; Source: Crunchbase
iSquare,isquareinc.com,$200K,closed,saas,,Market: Software; USA; Source: Crunchbase
Jobulous,jobulous.com,$200K,closed,employment,,Market: Employment; USA; Source: Crunchbase
Naubo,naubo.com,$200K,closed,media,,Market: News; USA; Source: Crunchbase
Netcipia,netcipia.com,$200K,closed,web development,,Market: Web Development; USA; Source: Crunchbase
PayParade Pictures,payparade.com,$200K,closed,gaming,,Market: Games; USA; Source: Crunchbase
Plastiques Wolinak,wolinakplastics.ca,$200K,closed,other,,Source: Crunchbase
Q Medical Centers,qmedicalcenters.com,$200K,closed,healthtech,,Market: Health and Wellness; USA; Source: Crunchbase
Qifang,qifang.cn,$200K,closed,fintech,,Market: Finance; CHN; Source: Crunchbase
Scion Cardio Vascular,scioncv.com,$200K,closed,healthtech,,Market: Health and Wellness; USA; Source: Crunchbase
Skedo,skedo.com.br,$200K,closed,sales and marketing,,Market: Sales and Marketing; BRA; Source: Crunchbase
Sonar.me,sonar.me,$200K,closed,networking,,Market: Networking; USA; Source: Crunchbase
Tablo,teachontablo.com,$200K,closed,open source,,Market: Open Source; Source: Crunchbase
Tidalwave Trader,tidalwavetrader.com,$200K,closed,stock exchanges,,Market: Stock Exchanges; USA; Source: Crunchbase
Werkadoo,werkadoo.com,$200K,closed,recruiting,,Market: Recruiting; USA; Source: Crunchbase
Kaos Solutions,kaos-solutions.co.uk,$199K,closed,saas,,Market: Software; GBR; Source: Crunchbase
yoone,yoone.de,$198K,closed,gaming,,Market: Games; DEU; Source: Crunchbase
OptiSynx,optisynx.com,$196K,closed,hardware + software,,Market: Hardware + Software; Source: Crunchbase
Stroodle,stroodle.it,$195K,closed,mobile,,Market: Mobile; ITA; Source: Crunchbase
fflap,fflap.com,$195K,closed,social media marketing,,Market: Social Media Marketing; GBR; Source: Crunchbase
Ombu,ombu.me,$185K,closed,mobile,,Market: Mobile; USA; Source: Crunchbase
CityOdds,cityodds.com,$183K,closed,fintech,,Market: Financial Services; GBR; Source: Crunchbase
IPLSHOP Brasil,iplshop.net,$180K,closed,mobile,,Market: Mobile; BRA; Source: Crunchbase
ThirstyVIP,thirstyvip.com,$180K,closed,location based services,,Market: Location Based Services; Source: Crunchbase
Refund Exchange,refundexchange.co.uk,$177K,closed,security,,Market: Security; GBR; Source: Crunchbase
Pricebets,pricebets.com,$176K,closed,sports,,Market: Sports; ESP; Source: Crunchbase
Spurfly,spurfly.com,$176K,closed,curated web,,Market: Curated Web; USA; Source: Crunchbase
CostumeWorks,costumeworks.com,$175K,closed,ecommerce,,Market: E-Commerce; USA; Source: Crunchbase
IWT,iwasthereproof.com,$175K,closed,photography,,Market: Photography; USA; Source: Crunchbase
LetMeHearYa,letmehearya.com,$175K,closed,media,,Market: News; USA; Source: Crunchbase
Certain Communications,certaincorp.com,$170K,closed,mobile,,Market: Mobile; USA; Source: Crunchbase
Cyren Call Communications,cyrencall.com,$170K,closed,services,,Market: Consulting; USA; Source: Crunchbase
Walldress,walldress.com,$170K,closed,shopping,,Market: Shopping; FRA; Source: Crunchbase
Kuponjo,gruenderszene.de,$168K,closed,mobile,,Market: Mobile; DEU; Source: Crunchbase
ExTractApps,xaaps.com,$168K,closed,saas,,Market: Software; USA; Source: Crunchbase
ChorPpay,chorepay.com,$165K,closed,saas,,Market: Software; USA; Source: Crunchbase
Equipio.com,equipio.com,$161K,closed,ecommerce,,Market: E-Commerce; Source: Crunchbase
Ante Up,getanteup.com,$160K,closed,android,,Market: Android; CHL; Source: Crunchbase
TouristWay,touristway.com,$160K,closed,saas,,Market: Software; AUT; Source: Crunchbase
Gullivearth,gullivearth.com,$159K,closed,social network media,,Market: Social Network Media; FRA; Source: Crunchbase
IRL Connect,irlconnect.com,$157K,closed,social network media,,Market: Social Network Media; NLD; Source: Crunchbase
Balaya,balaya.com,$155K,closed,public relations,,Market: Public Relations; Source: Crunchbase
HelpMeRent.com,helpmerent.com,$154K,closed,home & garden,,Market: Home & Garden; USA; Source: Crunchbase
Accelerated Orthopedic Technologies,acceleratedorthopedics.com,$150K,closed,healthtech,,Market: Health Care; USA; Source: Crunchbase
CarHound,carhound.com,$150K,closed,auctions,,Market: Auctions; USA; Source: Crunchbase
Cognovant,cognovant.com,$150K,closed,healthtech,,Market: Health and Wellness; USA; Source: Crunchbase
CreationFlow,creationflow.com,$150K,closed,media,,Market: Video; ARG; Source: Crunchbase
Dazzling Beauty Group,thebeautycrush.com,$150K,closed,ecommerce,,Market: E-Commerce; USA; Source: Crunchbase
Dick or Bro,dickorbro.com,$150K,closed,celebrity,,Market: Celebrity; Source: Crunchbase
Dpivision,data.companieshouse.gov.uk,$150K,closed,web design,,Market: Web Design; GBR; Source: Crunchbase
Exuru!,exuru.com,$150K,closed,ecommerce,,Market: E-Commerce; GBR; Source: Crunchbase
Flipzu,flipzu.com,$150K,closed,gaming,,Market: Games; Source: Crunchbase
GoNogging,gonogging.com,$150K,closed,ecommerce,,Market: E-Commerce; Source: Crunchbase
GoYoDeo,goyodeo.com,$150K,closed,media,,Market: Video; USA; Source: Crunchbase
Klatcher,klatcher.com,$150K,closed,curated web,,Market: Curated Web; USA; Source: Crunchbase
Maps InDeed,mapsindeed.com,$150K,closed,public transportation,,Market: Public Transportation; USA; Source: Crunchbase
Meaningo,meaningo.com,$150K,closed,search,,Market: Search; ISR; Source: Crunchbase
MeetMe,meetme.me,$150K,closed,travel,,Market: Travel; USA; Source: Crunchbase
Orgger,orgger.com,$150K,closed,curated web,,Market: Curated Web; Source: Crunchbase
Plehn Analytics,plehnanalytics.com,$150K,closed,analytics,,Market: Analytics; Source: Crunchbase
Pushing Green,pushinggreen.com,$150K,closed,fintech,,Market: Finance; USA; Source: Crunchbase
RoomiePics,roomiepics.com,$150K,closed,gaming,,Market: Games; Source: Crunchbase
Skataz,skataz.com,$150K,closed,hardware + software,,Market: Hardware + Software; USA; Source: Crunchbase
SLR Technology Solutions,slr-solutions.eu,$150K,closed,tracking,,Market: Tracking; GBR; Source: Crunchbase
Sparkbrowser,sparkbrowser.org,$150K,closed,saas,,Market: Software; USA; Source: Crunchbase
SpinTheCam,spinthecam.com,$150K,closed,gaming,,Market: Games; USA; Source: Crunchbase
Tamago,tamago.us,$150K,closed,curated web,,Market: Curated Web; Source: Crunchbase
VeteranCentral.com,veterancentral.com,$150K,closed,dod/military,,Market: DOD/Military; USA; Source: Crunchbase
VidPay,vidpay.com,$150K,closed,adtech,,Market: Advertising; Source: Crunchbase
WHObyYOU,whobyyou.com,$150K,closed,curated web,,Market: Curated Web; USA; Source: Crunchbase
XMLAW,xmlaw.com,$150K,closed,legal,,Market: Legal; USA; Source: Crunchbase
YellowBrck,yellowbrck.com,$150K,closed,social,,Market: Social Media; USA; Source: Crunchbase
CloudSplit,cloudsplit.com,$149K,closed,web development,,Market: Web Development; IRL; Source: Crunchbase
Internet college internation S.L.,i-college.es,$149K,closed,saas,,Market: Software; ESP; Source: Crunchbase
Spoofem.com,spoofem.com,$147K,closed,curated web,,Market: Curated Web; USA; Source: Crunchbase
Efficient Cloud,efficientcloud.com,$141K,closed,web hosting,,Market: Web Hosting; GBR; Source: Crunchbase
Dial a Dealer,dialadealer.com,$140K,closed,gambling,,Market: Gambling; GBR; Source: Crunchbase
"Hey, Neighbor!",heyneighbor.com,$140K,closed,marketplaces,,Market: Marketplaces; USA; Source: Crunchbase
easyOwn.it,easyown.it,$138K,closed,shopping,,Market: Shopping; CHE; Source: Crunchbase
NEON Concierge,neonconcierge.com,$135K,closed,saas,,Market: Software; USA; Source: Crunchbase
Videoflow,videoflo.com,$134K,closed,saas,,Market: Software; FIN; Source: Crunchbase
LinkCloud,linkcloud.org,$133K,closed,adtech,,Market: Advertising; DEU; Source: Crunchbase
Netgamix Inc,netgamix.com,$133K,closed,gaming,,Market: Games; USA; Source: Crunchbase
Nagi,nagitech.com,$131K,closed,saas,,Market: Software; EST; Source: Crunchbase
RunAlong,runalong.se,$130K,closed,events,,Market: Events; SWE; Source: Crunchbase
Battlepro,battlepro.com,$130K,closed,gaming,,Market: Games; Source: Crunchbase
Carticipate,carticipate.com,$130K,closed,mobile,,Market: Mobile; USA; Source: Crunchbase
Queerfeed Media,queerfeed.com,$130K,closed,curated web,,Market: Curated Web; CAN; Source: Crunchbase
Smart Living Studios,smartlivingstudios.com,$128K,closed,saas,,Market: Software; USA; Source: Crunchbase
Mobshop,mobshop.com,$126K,closed,ecommerce,,Market: E-Commerce; FRA; Source: Crunchbase
Bueda,bueda.com,$125K,closed,adtech,,Market: Advertising; USA; Source: Crunchbase
Hit Systems,hitsystems.com,$125K,closed,cloud computing,,Market: Cloud Computing; USA; Source: Crunchbase
i'mma,im.ma,$125K,closed,ecommerce,,Market: E-Commerce; IND; Source: Crunchbase
IDverge,idverge.com,$125K,closed,startups,,Market: Startups; USA; Source: Crunchbase
OTC PR Group,otcprgroup.com,$125K,closed,public relations,,Market: Public Relations; Source: Crunchbase
Relationship Analytics,relationshipmanager.com,$125K,closed,analytics,,Market: Analytics; USA; Source: Crunchbase
Orthocone,orthocone.com,$122K,closed,hardware + software,,Market: Hardware + Software; SWE; Source: Crunchbase
Bubble & Balm,bubbleandbalm.co.uk,$121K,closed,manufacturing,,Market: Manufacturing; GBR; Source: Crunchbase
Brightfish,brightfish.com,$120K,closed,social network media,,Market: Social Network Media; Source: Crunchbase
Dragon Ports,dragonports.com,$120K,closed,mobile,,Market: Mobile; CHN; Source: Crunchbase
Epy.io,epy.io,$120K,closed,media,,Market: News; USA; Source: Crunchbase
handsomexcutive,handsomexecutive.com,$120K,closed,ecommerce,,Market: Fashion; Source: Crunchbase
Matatena Games,matatenajuegos.com,$120K,closed,gaming,,Market: Games; USA; Source: Crunchbase
OfferLounge,offerlounge.com,$120K,closed,public relations,,Market: Public Relations; USA; Source: Crunchbase
Ommven,ommven.co.uk,$120K,closed,ecommerce,,Market: E-Commerce; GBR; Source: Crunchbase
RouterShare,routershare.com,$120K,closed,mobile,,Market: Mobile; USA; Source: Crunchbase
skillsbite.com,skillsbite.com,$120K,closed,networking,,Market: Networking; GBR; Source: Crunchbase
Social GameWorks,socialgameworks.com,$120K,closed,gaming,,Market: Games; USA; Source: Crunchbase
Ultimate Football Network,ultimatefootballnetwork.com,$120K,closed,sports,,Market: Sports; Source: Crunchbase
27 Perry,27perry.com,$118K,closed,ecommerce,,Market: E-Commerce; USA; Source: Crunchbase
MOBi-LEARN,isengua.com,$117K,closed,mobile,,Market: Mobile; IRL; Source: Crunchbase
GoodClic,goodclic.com,$115K,closed,mobile commerce,,Market: Mobile Commerce; USA; Source: Crunchbase
MogoTix,mogotix.com,$115K,closed,events,,Market: Events; USA; Source: Crunchbase
Poll Me Ltd,poll-me.co.uk,$115K,closed,market research,,Market: Market Research; GBR; Source: Crunchbase
Hubkick,hubkick.com,$112K,closed,saas,,Market: Software; USA; Source: Crunchbase
mycirQle,mycirqle.com,$112K,closed,saas,,Market: Software; USA; Source: Crunchbase
UnBuyThat,unbuythat.com,$111K,closed,marketplaces,,Market: Marketplaces; USA; Source: Crunchbase
code-laboration,codelaboration.com,$110K,closed,curated web,,Market: Curated Web; USA; Source: Crunchbase
Food Brasil,foodbrasil.com.br,$110K,closed,hospitality,,Market: Hospitality; BRA; Source: Crunchbase
Pressflip,pressflip.com,$110K,closed,curated web,,Market: Curated Web; USA; Source: Crunchbase
Pyramid Screening Technology,pyramidst.com,$108K,closed,saas,,Market: Software; USA; Source: Crunchbase
Dexmo,dexmo.com,$105K,closed,edtech,,Market: Education; GBR; Source: Crunchbase
Buy Local Canada,buylocalcanada.ca,$104K,closed,logistics,,Market: Transportation; Source: Crunchbase
Sharingforce,sharingforce.com,$101K,closed,adtech,,Market: Advertising; CAN; Source: Crunchbase
Muecs,muecs.com,$101K,closed,social,,Market: Social Media; HKG; Source: Crunchbase
Great Mobile Meetings,greatmobilemeetings.com,$100K,closed,saas,,Market: Software; CAN; Source: Crunchbase
Advaliant,advaliant.com,$100K,closed,search,,Market: Search; USA; Source: Crunchbase
BallLogic,balllogic.com,$100K,closed,hardware + software,,Market: Hardware + Software; USA; Source: Crunchbase
Become Media Inc.,becomedia.cn,$100K,closed,social,,Market: Social Media; CHN; Source: Crunchbase
Bevvy,bevvy.com,$100K,closed,coupons,,Market: Coupons; USA; Source: Crunchbase
Booking Angel,bookingangel.com,$100K,closed,curated web,,Market: Curated Web; USA; Source: Crunchbase
Career Element,careerelement.com,$100K,closed,curated web,,Market: Curated Web; Source: Crunchbase
Chaperone Technologies,chaperonetechnologies.com,$100K,closed,biotech,,Market: Biotechnology; USA; Source: Crunchbase
CheckInPage,checkinpage.com,$100K,closed,coupons,,Market: Coupons; USA; Source: Crunchbase
China-8,china-8.com,$100K,closed,social,,Market: Social Media; HKG; Source: Crunchbase
DataRose,datarose.com,$100K,closed,saas,,Market: Software; USA; Source: Crunchbase
DataVote,datavote.com,$100K,closed,saas,,Market: Enterprise Software; Source: Crunchbase
DateMyFamily.com,datemyfamily.com,$100K,closed,social,,Market: Social Media; USA; Source: Crunchbase
Deline.JY Inc.,delinejy.com,$100K,closed,curated web,,Market: Curated Web; KOR; Source: Crunchbase
DiskonHunter.com,diskonhunter.com,$100K,closed,promotional,,Market: Promotional; IDN; Source: Crunchbase
Divided,divided.org,$100K,closed,nonprofits,,Market: Nonprofits; Source: Crunchbase
documistic,documistic.com,$100K,closed,saas,,Market: Software; USA; Source: Crunchbase
Double R Group,jexpert.jp,$100K,closed,outsourcing,,Market: Outsourcing; JPN; Source: Crunchbase
DP7 Digital,dp7digital.com,$100K,closed,saas,,Market: Software; BRA; Source: Crunchbase
DUQI.COM,duqi.com,$100K,closed,curated web,,Market: Curated Web; CHN; Source: Crunchbase
Easy Bill Online,easybillonline.com,$100K,closed,tracking,,Market: Tracking; CAN; Source: Crunchbase
Elephant.is,elephant.is,$100K,closed,edtech,,Market: Education; USA; Source: Crunchbase
For Art's Sake Media,forartssakemedia.com,$100K,closed,curated web,,Market: Curated Web; Source: Crunchbase
Gaston Labs,gastonlabs.com,$100K,closed,photography,,Market: Photography; USA; Source: Crunchbase
GEEKmaister.com,geekmaister.com,$100K,closed,media,,Market: News; Source: Crunchbase
GrantAdler,grantadler.com,$100K,closed,healthtech,,Market: Health Care; USA; Source: Crunchbase
Gyst,gyst.com,$100K,closed,local,,Market: Local; NGA; Source: Crunchbase
Hearsay.it,hearsay.it,$100K,closed,saas,,Market: Software; Source: Crunchbase
Hyphen 8,hyphen-8.com,$100K,closed,curated web,,Market: Curated Web; USA; Source: Crunchbase
Intellisense,intellisense.co.ug,$100K,closed,telecommunications,,Market: Telecommunications; UGA; Source: Crunchbase
Joongel,joongel.com,$100K,closed,search,,Market: Search; ISR; Source: Crunchbase
JumpTheClub,jumptheclub.com,$100K,closed,mobile,,Market: Mobile; USA; Source: Crunchbase
Lazarus Therapeutics,lazarustherapeutics.com,$100K,closed,biotech,,Market: Biotechnology; USA; Source: Crunchbase
LETSGROOP,letsgroop.com,$100K,closed,curated web,,Market: Curated Web; BEL; Source: Crunchbase
Machine Talker,machinetalker.com,$100K,closed,hardware + software,,Market: Hardware + Software; USA; Source: Crunchbase
Magic Rock Entertainment,magicrock.com,$100K,closed,film,,Market: Film; USA; Source: Crunchbase
Mappyfriends,mappyfriends.com,$100K,closed,reviews and recommendations,,Market: Reviews and Recommendations; ARG; Source: Crunchbase
Medivantix Technologies,medivantix.com,$100K,closed,healthtech,,Market: Health Care; USA; Source: Crunchbase
Mixers,mixersapp.com,$100K,closed,facebook applications,,Market: Facebook Applications; ISR; Source: Crunchbase
OrderBorder,orderborder.com,$100K,closed,iphone,,Market: iPhone; USA; Source: Crunchbase
ParentPlus,parentplus.net,$100K,closed,biotech,,Market: Biotechnology; Source: Crunchbase
Partnerbyte,partnerbyte.com,$100K,closed,saas,,Market: Software; TUR; Source: Crunchbase
pickrset,pickrset.com,$100K,closed,gaming,,Market: Games; USA; Source: Crunchbase
Play With Pictures / HangPic,playwithpictur.es,$100K,closed,photography,,Market: Photography; FRA; Source: Crunchbase
Preventes.fr,preventes.fr,$100K,closed,ticketing,,Market: Ticketing; GBR; Source: Crunchbase
Pro Options Marketing,prooptionsmarketing.com,$100K,closed,services,,Market: Consulting; PAK; Source: Crunchbase
Puentes Company,puentesonline.com,$100K,closed,curated web,,Market: Curated Web; USA; Source: Crunchbase
Rerecipe,rerecipe.com,$100K,closed,curated web,,Market: Curated Web; USA; Source: Crunchbase
Reviewspotter,reviewspotter.com,$100K,closed,web tools,,Market: Web Tools; USA; Source: Crunchbase
RMDMgroup,rmdmgroup.com,$100K,closed,other,,CHN; Source: Crunchbase
Sports Weather Media,sportsweatherstats.com,$100K,closed,sports,,Market: Sports; Source: Crunchbase
Storm Media Innovations Inc,stormmedia.ca,$100K,closed,ecommerce,,Market: E-Commerce; CAN; Source: Crunchbase
Storrz,storrz.com,$100K,closed,online shopping,,Market: Online Shopping; IND; Source: Crunchbase
Supercool School,supercoolschool.com,$100K,closed,edtech,,Market: Education; USA; Source: Crunchbase
SupplySeeker.com,supplyseeker.com,$100K,closed,public relations,,Market: Public Relations; USA; Source: Crunchbase
Swag Of The Month,swagofthemonth.com,$100K,closed,ecommerce,,Market: Fashion; Source: Crunchbase
The Beauty Tribe,thebeautytribe.com,$100K,closed,social,,Market: Social Media; DEU; Source: Crunchbase
The Wedding Favor,theweddingfavor.com,$100K,closed,social,,Market: Social Media; Source: Crunchbase
TripFlick Travel Guide,tripflick.com,$100K,closed,travel,,Market: Travel; SGP; Source: Crunchbase
utoopia,utoopia.com,$100K,closed,reviews and recommendations,,Market: Reviews and Recommendations; USA; Source: Crunchbase
Veebox,veebox.com,$100K,closed,messaging,,Market: Messaging; USA; Source: Crunchbase
VidSchool,vidschool.com,$100K,closed,media,,Market: Video; IRL; Source: Crunchbase
wesync.tv,wesync.tv,$100K,closed,mobile,,Market: Mobile; CHL; Source: Crunchbase
WideAngle Metrics,wideanglemetrics.com,$100K,closed,internet marketing,,Market: Internet Marketing; USA; Source: Crunchbase
Yakify,yakify.com,$100K,closed,architecture,,Market: Architecture; USA; Source: Crunchbase
Tiberium,tiberium.co.uk,$98K,closed,saas,,Market: Software; GBR; Source: Crunchbase
DirectMoney,directmoney.com.au,$98K,closed,fintech,,Market: Finance; AUS; Source: Crunchbase
ISpottedYou.com,ispottedyou.com,$98K,closed,curated web,,Market: Curated Web; USA; Source: Crunchbase
Looxii,looxii.com,$98K,closed,saas,,Market: Enterprise Software; USA; Source: Crunchbase
VouchAR,vouchar.net,$97K,closed,android,,Market: Android; Source: Crunchbase
Say-Hey,say-hey.com,$95K,closed,messaging,,Market: Messaging; USA; Source: Crunchbase
SOHM,sohm.com,$95K,closed,biotech,,Market: Biotechnology; USA; Source: Crunchbase
e994,e994.com,$94K,closed,curated web,,Market: Curated Web; SGP; Source: Crunchbase
AugmentWare,augmentware.com,$90K,closed,business development,,Market: Business Development; USA; Source: Crunchbase
eTech Money,etechmoney.com,$90K,closed,saas,,Market: Software; USA; Source: Crunchbase
MedGRC,medgrc.com,$90K,closed,medical,,Market: Medical; USA; Source: Crunchbase
Parents R People,parentsrpeople.com,$90K,closed,parenting,,Market: Parenting; USA; Source: Crunchbase
Tube2Tone,tube2tone.com,$90K,closed,media,,Market: Video; USA; Source: Crunchbase
GaBoom,gaboomswap.com,$87K,closed,gaming,,Market: Games; GBR; Source: Crunchbase
FlowJob,flowjob.com,$87K,closed,online shopping,,Market: Online Shopping; GBR; Source: Crunchbase
Reelation,reelation.com,$85K,closed,trusted networks,,Market: Trusted Networks; Source: Crunchbase
IronCurtain Entertainment,utopia-revolution.com,$81K,closed,freetoplay gaming,,Market: FreetoPlay Gaming; EST; Source: Crunchbase
9car Technology LLC,chejianghu.com,$80K,closed,automotive,,Market: Automotive; CHN; Source: Crunchbase
AuditionBooth,topsecretauditionbooth.com,$80K,closed,other,,USA; Source: Crunchbase
Foundshopping.com,foundshopping.com,$80K,closed,mobile,,Market: Mobile; ZAF; Source: Crunchbase
Memorandom,memorandom.com,$80K,closed,networking,,Market: Networking; USA; Source: Crunchbase
Novelo,getnovelo.com,$80K,closed,facebook applications,,Market: Facebook Applications; PER; Source: Crunchbase
Spiced Bits,spicedbits.com,$80K,closed,mobile,,Market: Mobile; Source: Crunchbase
TeamStreamz,supersizeweb.com,$80K,closed,curated web,,Market: Curated Web; USA; Source: Crunchbase
CookItFor.Us,cookitfor.us,$75K,closed,hospitality,,Market: Hospitality; USA; Source: Crunchbase
Exchangery,theexchangery.com,$75K,closed,commodities,,Market: Commodities; USA; Source: Crunchbase
IntroFly,introfly.com,$75K,closed,startups,,Market: Startups; USA; Source: Crunchbase
Voxound,voxound.com,$75K,closed,saas,,Market: Software; Source: Crunchbase
Talasim,talasim.com,$73K,closed,startups,,Market: Startups; JOR; Source: Crunchbase
Xceliant,xceliant.com,$73K,closed,saas,,Market: SaaS; GBR; Source: Crunchbase
Février 46,fevrier46.com,$72K,closed,sales and marketing,,Market: Sales and Marketing; FRA; Source: Crunchbase
Tipping Bucket,tippingbucket.org,$72K,closed,saas,,Market: Enterprise Software; USA; Source: Crunchbase
9facts,9facts.com,$70K,closed,seo,,Market: SEO; RUS; Source: Crunchbase
NatSent,natsent.com,$70K,closed,social,,Market: Social Media; USA; Source: Crunchbase
Press,pressla.bs,$70K,closed,publishing,,Market: Publishing; USA; Source: Crunchbase
VendorShop,facebookvendor.com,$70K,closed,social commerce,,Market: Social Commerce; IRL; Source: Crunchbase
TV Pixie,tvpixie.com,$70K,closed,entertainment,,Market: Entertainment; GBR; Source: Crunchbase
wizboo,wizboo.com,$70K,closed,web cms,,Market: Web CMS; Source: Crunchbase
PROnewtech S.A.,pronewtech.lu,$66K,closed,services,,Market: Consulting; LUX; Source: Crunchbase
TwentyFour6,twentyfour6.com,$65K,closed,adtech,,Market: Advertising; USA; Source: Crunchbase
Cardinal Media Technologies,cardinalpower.it,$64K,closed,social network media,,Market: Social Network Media; CAN; Source: Crunchbase
The DoBand Campaign,doband.org,$64K,closed,social network media,,Market: Social Network Media; USA; Source: Crunchbase
Rentelligence,rentelligence.us,$62K,closed,proptech,,Market: Real Estate; USA; Source: Crunchbase
Calleoo,calleoo.com,$60K,closed,voip,,Market: VoIP; Source: Crunchbase
Codemedia,codemedia.com.br,$60K,closed,sms,,Market: SMS; BRA; Source: Crunchbase
Cortex Healthcare,cortexhealthcare.com,$60K,closed,healthtech,,Market: Health Care; USA; Source: Crunchbase
Engineering Ideas,engineeringideas.co.za,$60K,closed,services,,Market: Consulting; ZAF; Source: Crunchbase
FashionAde.com (Abundant Closet),fashionade.com,$60K,closed,ecommerce,,Market: E-Commerce; USA; Source: Crunchbase
FeZo,fezo.com,$60K,closed,saas,,Market: Enterprise Software; USA; Source: Crunchbase
Miew,miew.co.hp,$60K,closed,saas,,Market: Software; JPN; Source: Crunchbase
myContactCard,mycontactcard.com,$60K,closed,messaging,,Market: Messaging; USA; Source: Crunchbase
nuevoStage,nuevostage.com,$60K,closed,concerts,,Market: Concerts; Source: Crunchbase
PLAYD8,playd8.com,$60K,closed,parenting,,Market: Parenting; USA; Source: Crunchbase
PollVaultr,pollvaultr.com,$60K,closed,saas,,Market: Software; USA; Source: Crunchbase
Rocky Mountain Ventures,rmven.net,$60K,closed,hardware + software,,Market: Hardware + Software; USA; Source: Crunchbase
SMR SITE,searchmyresearch.com,$60K,closed,curated web,,Market: Curated Web; USA; Source: Crunchbase
Torex Retail Canada,openfieldsolutions.com,$60K,closed,saas,,Market: Software; CAN; Source: Crunchbase
Yibailin,yibailin.com,$60K,closed,mobile,,Market: Mobile; CHN; Source: Crunchbase
Blurtt,blurtt.com,$59K,closed,curated web,,Market: Curated Web; USA; Source: Crunchbase
Ecommo,ecommo.com,$59K,closed,small and medium businesses,,Market: Small and Medium Businesses; GBR; Source: Crunchbase
StackBlaze,stackblaze.com,$55K,closed,paas,,Market: PaaS; GBR; Source: Crunchbase
Kinopto,kinopto.com,$55K,closed,hardware + software,,Market: Hardware + Software; Source: Crunchbase
AddIn Social,addinsocial.com,$54K,closed,social,,Market: Social Media; CAN; Source: Crunchbase
Loudcaster,loudcaster.com,$53K,closed,video streaming,,Market: Video Streaming; USA; Source: Crunchbase
10BestThings,10bestthings.com,$50K,closed,curated web,,Market: Curated Web; USA; Source: Crunchbase
1DayMakeover,1daymakeover.com,$50K,closed,ecommerce,,Market: E-Commerce; USA; Source: Crunchbase
24PageBooks,24pagebooks.com,$50K,closed,saas,,Market: Software; USA; Source: Crunchbase
Ad Knights,adknights.com,$50K,closed,social media advertising,,Market: Social Media Advertising; USA; Source: Crunchbase
Agiftidea.com,agiftidea.com,$50K,closed,social,,Market: Social Media; USA; Source: Crunchbase
Alekto,alekto.co,$50K,closed,credit,,Market: Credit; USA; Source: Crunchbase
artandseek,artandseek.com,$50K,closed,auctions,,Market: Auctions; USA; Source: Crunchbase
AtlanteTrek,atlantetrek.com,$50K,closed,artificial intelligence,,Market: Artificial Intelligence; USA; Source: Crunchbase
BelieversFund,believersfund.com,$50K,closed,mobile,,Market: Mobile; BEL; Source: Crunchbase
Berst,berstapp.com,$50K,closed,mobile,,Market: Mobile; Source: Crunchbase
BlooBox,bloobox.tv,$50K,closed,saas,,Market: Software; BRA; Source: Crunchbase
ClickingHouse,clickinghouse.com,$50K,closed,other,,SGP; Source: Crunchbase
College Snack Attack,collegesnackattack.com,$50K,closed,ecommerce,,Market: E-Commerce; USA; Source: Crunchbase
Creative Logic Media,creativelogicmedia.com,$50K,closed,services,,Market: Consulting; Source: Crunchbase
ECO-SAFE,eco-safe.com,$50K,closed,cleantech,,Market: Clean Technology; Source: Crunchbase
EnhanceWorks,enhanceworks.com,$50K,closed,mobile,,Market: Mobile; Source: Crunchbase
Entasso,entasso.com,$50K,closed,saas,,Market: Enterprise Software; Source: Crunchbase
EVERFANS,everfans.com,$50K,closed,file sharing,,Market: File Sharing; SGP; Source: Crunchbase
Explore.To Yellow Pages,explore.to,$50K,closed,location based services,,Market: Location Based Services; USA; Source: Crunchbase
extraTKT,extratkt.com,$50K,closed,peer-to-peer,,Market: Peer-to-Peer; Source: Crunchbase
Genetix Fusion,genetixfusion.com,$50K,closed,edtech,,Market: Education; Source: Crunchbase
Global Sports Affinity Marketing,digitallegends.net,$50K,closed,saas,,Market: Software; USA; Source: Crunchbase
GoTunes,gotunes.net,$50K,closed,music,,Market: Music; Source: Crunchbase
Hopscot.ch,hopscot.ch,$50K,closed,video chat,,Market: Video Chat; USA; Source: Crunchbase
Human Network Labs,humannetworklabs.com,$50K,closed,curated web,,Market: Curated Web; USA; Source: Crunchbase
HundredApples,hundredapples.com,$50K,closed,edtech,,Market: Education; SGP; Source: Crunchbase
iconDial,icondial.com,$50K,closed,public relations,,Market: Public Relations; AUS; Source: Crunchbase
ICONOGRAFICO,iconografico.pe,$50K,closed,design,,Market: Design; PER; Source: Crunchbase
JavaJobs,javajobs.com,$50K,closed,saas,,Market: Software; USA; Source: Crunchbase
Kera,kera.io,$50K,closed,saas,,Market: Software; CAN; Source: Crunchbase
LocAsian,locasian.net,$50K,closed,public relations,,Market: Public Relations; SGP; Source: Crunchbase
"MarLytics, LLC",marlytics.com,$50K,closed,saas,,Market: Software; USA; Source: Crunchbase
mobicanvas,mobicanvas.com,$50K,closed,mobile,,Market: Mobile; ZAF; Source: Crunchbase
My eShoe,shoe-fit.com,$50K,closed,shoes,,Market: Shoes; USA; Source: Crunchbase
paymio,paymio.com,$50K,closed,fintech,,Market: Financial Services; USA; Source: Crunchbase
Planandoo,planandoo.com,$50K,closed,social network media,,Market: Social Network Media; ARG; Source: Crunchbase
Poke'n Call,pokencall.com,$50K,closed,voip,,Market: VoIP; Source: Crunchbase
Preedo,preedo.se,$50K,closed,saas,,Market: Software; SWE; Source: Crunchbase
PrePayMe,prepay.me,$50K,closed,payments,,Market: Payments; USA; Source: Crunchbase
Primocare,primocare.com,$50K,closed,other,,USA; Source: Crunchbase
Qubrit,qubrit.com,$50K,closed,curated web,,Market: Curated Web; GBR; Source: Crunchbase
ReClaims,reclaimsinc.com,$50K,closed,legal,,Market: Legal; USA; Source: Crunchbase
Red Seraphim,redseraphim.com,$50K,closed,gaming,,Market: Games; USA; Source: Crunchbase
Remember The Member,rememberthemember.com,$50K,closed,mobile,,Market: Mobile; Source: Crunchbase
Rewarding Return,rewardingreturn.com,$50K,closed,ecommerce,,Market: E-Commerce; Source: Crunchbase
SendMeHome.com,sendmehome.com,$50K,closed,entertainment,,Market: Entertainment; USA; Source: Crunchbase
Soshowise,soshowise.com,$50K,closed,curated web,,Market: Curated Web; USA; Source: Crunchbase
SweetSlap,sweetslap.com,$50K,closed,mobile commerce,,Market: Mobile Commerce; USA; Source: Crunchbase
Taggstr,taggstr.com,$50K,closed,online reservations,,Market: Online Reservations; USA; Source: Crunchbase
Talenz,talenz.com,$50K,closed,curated web,,Market: Curated Web; SGP; Source: Crunchbase
Techoz,techoz.com,$50K,closed,services,,Market: Consulting; Source: Crunchbase
Thryve,thryveco.com,$50K,closed,saas,,Market: Software; Source: Crunchbase
Traffic Labs,trafficapp.co,$50K,closed,mobile,,Market: Mobile; USA; Source: Crunchbase
Triples Media,triplesmedia.com,$50K,closed,adtech,,Market: Advertising; USA; Source: Crunchbase
Twibingo,twibingo.com,$50K,closed,game,,Market: Game; USA; Source: Crunchbase
University Media,umonkey.com,$50K,closed,curated web,,Market: Curated Web; USA; Source: Crunchbase
US Primate Rescue Inc.,usprimaterescue.webs.com,$50K,closed,other,,USA; Source: Crunchbase
Vessix,vessix.com,$50K,closed,saas,,Market: Software; USA; Source: Crunchbase
WeAre.Us,weare.us,$50K,closed,social network media,,Market: Social Network Media; USA; Source: Crunchbase
Zigswitch,zigswitch.com,$50K,closed,cleantech,,Market: Clean Technology; USA; Source: Crunchbase
Znapshop,znapshop.com,$50K,closed,mobile commerce,,Market: Mobile Commerce; Source: Crunchbase
Zooomr,zooomr.com,$50K,closed,photography,,Market: Photography; USA; Source: Crunchbase
ZummZumm,zummzumm.com,$50K,closed,social,,Market: Social Media; GBR; Source: Crunchbase
PlayerTakesAll,playertakesall.com,$49K,closed,adtech,,Market: Advertising; Source: Crunchbase
Phokki,phokki.com,$45K,closed,photography,,Market: Photography; Source: Crunchbase
SocialThreader,socialthreader.com,$45K,closed,internet marketing,,Market: Internet Marketing; USA; Source: Crunchbase
YourTeamOnline,yourteamonline.ca,$43K,closed,sports,,Market: Sports; CAN; Source: Crunchbase
XTWIP,xtwip.com,$43K,closed,web development,,Market: Web Development; Source: Crunchbase
GreenLight,greenlight.gl,$40K,closed,networking,,Market: Networking; GBR; Source: Crunchbase
Apps Genius,appsgenius.com,$40K,closed,gaming,,Market: Games; USA; Source: Crunchbase
apta.me,apta.me,$40K,closed,business services,,Market: Business Services; HKG; Source: Crunchbase
Backup Circle,backupcircle.co.nz,$40K,closed,storage,,Market: Storage; NZL; Source: Crunchbase
CrowdSling,crowdsling.com,$40K,closed,tech field support,,Market: Tech Field Support; USA; Source: Crunchbase
DecoSnap,decosnap.com,$40K,closed,curated web,,Market: Curated Web; Source: Crunchbase
El Teatro,elteatro.com,$40K,closed,gaming,,Market: Games; USA; Source: Crunchbase
Foldees,foldees.com,$40K,closed,curated web,,Market: Curated Web; MYS; Source: Crunchbase
judge.me,judge.me,$40K,closed,legal,,Market: Legal; Source: Crunchbase
Pick a Student,pickastudent.com,$40K,closed,all students,,Market: All Students; USA; Source: Crunchbase
Roadhop,roadhop.com,$40K,closed,travel,,Market: Travel; SGP; Source: Crunchbase
VocalizeLocal,vocalizelocal.com,$40K,closed,adtech,,Market: Advertising; USA; Source: Crunchbase
JacobAd Pte. Ltd.,kusulife.com,$38K,closed,curated web,,Market: Curated Web; SGP; Source: Crunchbase
InVisM,invism.com,$38K,closed,gaming,,Market: Games; USA; Source: Crunchbase
tribalX,tribalx.com,$37K,closed,saas,,Market: Software; Source: Crunchbase
LSA Sports,linkingsport.com,$35K,closed,sports,,Market: Sports; USA; Source: Crunchbase
SparCode,sparcode.com,$35K,closed,social,,Market: Social Media; DNK; Source: Crunchbase
Unyqe,unyqe.com,$35K,closed,apps,,Market: Apps; SYC; Source: Crunchbase
Mojo Labs Co.,mojolabs.ca,$34K,closed,apps,,Market: Apps; CAN; Source: Crunchbase
TheVegibox.com,thevegibox.com,$32K,closed,local,,Market: Local; GBR; Source: Crunchbase
Lifestander,lifestander.com,$31K,closed,social network media,,Market: Social Network Media; USA; Source: Crunchbase
CinnaBid,cinnabid.com,$30K,closed,local,,Market: Local; USA; Source: Crunchbase
Downstream,downstreamapp.com,$30K,closed,curated web,,Market: Curated Web; USA; Source: Crunchbase
Horrance,horrance.com,$30K,closed,social,,Market: Social Media; Source: Crunchbase
IonLogix Systems,ionlogix.com,$30K,closed,voip,,Market: VoIP; USA; Source: Crunchbase
Jobzle,jobzle.com,$30K,closed,employment,,Market: Employment; USA; Source: Crunchbase
Klosetshop,klosetshop.com,$30K,closed,auctions,,Market: Auctions; Source: Crunchbase
Million Dollar Earth,milliondollarearth.com,$30K,closed,adtech,,Market: Advertising; USA; Source: Crunchbase
Ofercity,ofercity.com,$30K,closed,curated web,,Market: Curated Web; MEX; Source: Crunchbase
One Step Solutions,onestepsolutions.com.au,$30K,closed,iphone,,Market: iPhone; AUS; Source: Crunchbase
Paybubble,paybubble.com,$30K,closed,mobile payments,,Market: Mobile Payments; Source: Crunchbase
Roomish,roomish.com,$30K,closed,travel,,Market: Travel; CAN; Source: Crunchbase
Sharelook,share-look.com,$30K,closed,ios,,Market: iOS; POL; Source: Crunchbase
Snacksquare,snacksquare.com,$30K,closed,logistics,,Market: Transportation; USA; Source: Crunchbase
U4EA Networks,u4ea.net,$30K,closed,networking,,Market: Networking; USA; Source: Crunchbase
videScreen Networks,videscreen.com,$30K,closed,media,,Market: Video; IND; Source: Crunchbase
Geogoer,geogoer.com,$30K,closed,public transportation,,Market: Public Transportation; Source: Crunchbase
Bonush,bonush.com,$29K,closed,information technology,,Market: Information Technology; Source: Crunchbase
LUMI Mask,lumimask.com,$27K,closed,hardware + software,,Market: Hardware + Software; Source: Crunchbase
TranquilMed,tranquilmed.com,$27K,closed,biotech,,Market: Biotechnology; USA; Source: Crunchbase
Tripsourcing,tripsourcing.com,$26K,closed,tourism,,Market: Tourism; Source: Crunchbase
25eight,25eightsoftware.com,$25K,closed,saas,,Market: Software; Source: Crunchbase
ABC Live,abclive.in,$25K,closed,adtech,,Market: Advertising; IND; Source: Crunchbase
Broadcast.mobi,broadcast.mobi,$25K,closed,mobile,,Market: Mobile; ARG; Source: Crunchbase
Buscatucancha.com,buscatucancha.com,$25K,closed,sports,,Market: Sports; Source: Crunchbase
CartMomo,cartmomo.com,$25K,closed,ecommerce,,Market: E-Commerce; SGP; Source: Crunchbase
Centripetal Software,centripetalsoftware.com,$25K,closed,flash storage,,Market: Flash Storage; USA; Source: Crunchbase
Cognection,cognection.com,$25K,closed,ecommerce,,Market: E-Commerce; USA; Source: Crunchbase
Crono,mycrono.com,$25K,closed,saas,,Market: Software; USA; Source: Crunchbase
Devotee,devotee.com,$25K,closed,mobile,,Market: Mobile; USA; Source: Crunchbase
Digital Dandelion,digitaldandelion.net,$25K,closed,mobile,,Market: Mobile; Source: Crunchbase
Duel,duel.fm,$25K,closed,saas,,Market: Software; Source: Crunchbase
Easiest Credit Card To Get Approved For,easiestcreditcardtogetapprovedfor.com,$25K,closed,credit cards,,Market: Credit Cards; USA; Source: Crunchbase
Fanitics,fanitics.com,$25K,closed,gaming,,Market: Games; USA; Source: Crunchbase
Fetch MD,fetchmd.com,$25K,closed,healthtech,,Market: Health Care; USA; Source: Crunchbase
Flying Pig Digital,flyingpigstudio.com,$25K,closed,gaming,,Market: Games; USA; Source: Crunchbase
Good Works Now,goodworksnow.com,$25K,closed,nonprofits,,Market: Nonprofits; USA; Source: Crunchbase
HazelMail,hazelmail.com,$25K,closed,curated web,,Market: Curated Web; Source: Crunchbase
HN Discounts Corporation,hndiscounts.com,$25K,closed,ecommerce,,Market: Fashion; USA; Source: Crunchbase
HuJe labs,hujelabs.com,$25K,closed,internet marketing,,Market: Internet Marketing; PAK; Source: Crunchbase
Hytle,hytle.com,$25K,closed,curated web,,Market: Curated Web; Source: Crunchbase
ibabybox,ibabybox.com,$25K,closed,social,,Market: Social Media; USA; Source: Crunchbase
Instagarage,instagarage.com,$25K,closed,gift card,,Market: Gift Card; USA; Source: Crunchbase
Leap,leapfor.it,$25K,closed,mobile,,Market: Mobile; Source: Crunchbase
maufait,mosnaps.com,$25K,closed,mobile,,Market: Mobile; USA; Source: Crunchbase
N/A,tellitin10.com,$25K,closed,startups,,Market: Startups; Source: Crunchbase
People to Remember,people2remember.com,$25K,closed,ecommerce,,Market: E-Commerce; USA; Source: Crunchbase
Poolami,poolami.com,$25K,closed,mobile,,Market: Mobile; USA; Source: Crunchbase
Presstler,presstler.com,$25K,closed,curated web,,Market: Curated Web; Source: Crunchbase
readness.com,readness.com,$25K,closed,curated web,,Market: Curated Web; GBR; Source: Crunchbase
Red Blue Voice,redbluevoice.com,$25K,closed,saas,,Market: Software; USA; Source: Crunchbase
RevoDeals,worldseriesofmusic.com,$25K,closed,curated web,,Market: Curated Web; USA; Source: Crunchbase
Skill-Life,skill-life.com,$25K,closed,gaming,,Market: Games; USA; Source: Crunchbase
Sonya Labs,sonyalabs.com,$25K,closed,legal,,Market: Legal; USA; Source: Crunchbase
Sport Telegram,sporttelegram.com,$25K,closed,sports,,Market: Sports; DNK; Source: Crunchbase
SteadyFare,steadyfare.com,$25K,closed,travel,,Market: Travel; Source: Crunchbase
StockCastr,stockcastr.com,$25K,closed,media,,Market: Video; USA; Source: Crunchbase
TastyNow.com,tastynow.com,$25K,closed,hospitality,,Market: Hospitality; USA; Source: Crunchbase
Twiigg,twiigg.com,$25K,closed,security,,Market: Security; USA; Source: Crunchbase
TwtBks,twtbks.com,$25K,closed,curated web,,Market: Curated Web; USA; Source: Crunchbase
VtagO,vtago.com,$25K,closed,saas,,Market: Software; Source: Crunchbase
Yurpy,yurpy.com,$25K,closed,curated web,,Market: Curated Web; Source: Crunchbase
ZilloPay,zillopay.net,$25K,closed,proptech,,Market: Real Estate; USA; Source: Crunchbase
Zipano,zipano.com,$25K,closed,security,,Market: Security; USA; Source: Crunchbase
Adwings,adwings.com,$25K,closed,adtech,,Market: Advertising; GBR; Source: Crunchbase
Pinevio,pinevio.com,$23K,closed,social,,Market: Social Media; Source: Crunchbase
Mindlikes,mindlikes.com,$22K,closed,ecommerce,,Market: E-Commerce; RUS; Source: Crunchbase
archify,archify.com,$21K,closed,browser extensions,,Market: Browser Extensions; AUT; Source: Crunchbase
BrieFix,briefix.com,$21K,closed,saas,,Market: Software; Source: Crunchbase
GroupStream,groupstre.am,$21K,closed,other,,Source: Crunchbase
Nippo,nippo.ie,$21K,closed,other,,Source: Crunchbase
PlayerDuel,playerduel.com,$21K,closed,saas,,Market: Software; USA; Source: Crunchbase
ClearGist,cleargist.com,$21K,closed,saas,,Market: Software; GRC; Source: Crunchbase
Outline App,outline.com,$20K,closed,crm,,Market: CRM; IRL; Source: Crunchbase
Alumnize,alumnize.com,$20K,closed,colleges,,Market: Colleges; Source: Crunchbase
Bloggerce,bloggerce.com,$20K,closed,e-books,,Market: E-Books; ISR; Source: Crunchbase
ClrTouch,clrtouch.com,$20K,closed,tablets,,Market: Tablets; USA; Source: Crunchbase
Collegebound Airlines,collegeboundair.com,$20K,closed,travel,,Market: Travel; Source: Crunchbase
Collegebound Bus,collegeboundbus.com,$20K,closed,colleges,,Market: Colleges; Source: Crunchbase
CollegeJobConnect,collegejobconnect.com,$20K,closed,recruiting,,Market: Recruiting; Source: Crunchbase
Cultivate IT Solutions & Management Pvt. Ltd.,cultivate.co.in,$20K,closed,saas,,Market: Software; IND; Source: Crunchbase
Daixe,daixe.com,$20K,closed,web design,,Market: Web Design; MEX; Source: Crunchbase
Diavibe,diavibe.com,$20K,closed,medical devices,,Market: Medical Devices; USA; Source: Crunchbase
Dragonfly List,dragonflylist.com,$20K,closed,freelancers,,Market: Freelancers; AUS; Source: Crunchbase
dreamsha.re,dreamsha.re,$20K,closed,saas,,Market: Software; USA; Source: Crunchbase
Gather.md,gather.md,$20K,closed,predictive analytics,,Market: Predictive Analytics; Source: Crunchbase
Hurricane Party,hurricaneparty.com,$20K,closed,location based services,,Market: Location Based Services; USA; Source: Crunchbase
IndiaEver.com,indiaever.com,$20K,closed,music,,Market: Music; IND; Source: Crunchbase
Koala Databank,koaladatabank.com,$20K,closed,archiving,,Market: Archiving; USA; Source: Crunchbase
listedplaces,listedplaces.com,$20K,closed,online rental,,Market: Online Rental; USA; Source: Crunchbase
Mango Reservations,mangoreservations.com,$20K,closed,saas,,Market: Software; USA; Source: Crunchbase
Marro.ws,marro.ws,$20K,closed,social,,Market: Social Media; USA; Source: Crunchbase
N2Care,n2care.net,$20K,closed,healthtech,,Market: Health and Wellness; USA; Source: Crunchbase
One-Song,one-song.com,$20K,closed,music,,Market: Music; USA; Source: Crunchbase
Piki,piki.mx,$20K,closed,crowdsourcing,,Market: Crowdsourcing; MEX; Source: Crunchbase
Revetto,revetto.com,$20K,closed,curated web,,Market: Curated Web; USA; Source: Crunchbase
RippleFunction,ripplefunction.com,$20K,closed,adtech,,Market: Advertising; USA; Source: Crunchbase
Slipstream,slipstre.am,$20K,closed,curated web,,Market: Curated Web; USA; Source: Crunchbase
Social Collective,thesocialcollective.com,$20K,closed,contests,,Market: Contests; USA; Source: Crunchbase
Starbates,starbates.com,$20K,closed,coupons,,Market: Coupons; USA; Source: Crunchbase
StyleZen,stylezen.net,$20K,closed,ecommerce,,Market: Fashion; USA; Source: Crunchbase
Wote,woteapp.com,$20K,closed,curated web,,Market: Curated Web; Source: Crunchbase
Eigenta,eigenta.com,$20K,closed,search,,Market: Search; NLD; Source: Crunchbase
Ruby & Revolver,rubyandrevolver.com,$19K,closed,other,,Source: Crunchbase
Spockly,spockly.com,$19K,closed,email marketing,,Market: Email Marketing; DNK; Source: Crunchbase
Nalace Corporation,nalace.com,$19K,closed,ecommerce,,Market: Fashion; USA; Source: Crunchbase
Dittit,dittit.com,$19K,closed,healthtech,,Market: Health and Wellness; USA; Source: Crunchbase
Fanarchy Limited,fanarchy.org,$19K,closed,curated web,,Market: Curated Web; Source: Crunchbase
GiftMe,giftme.de,$19K,closed,facebook applications,,Market: Facebook Applications; Source: Crunchbase
Vidiowiki,vidiowiki.com,$19K,closed,other,,Source: Crunchbase
Credport,credport.org,$19K,closed,other,,Source: Crunchbase
Raidarrr,raidarrr.com,$19K,closed,other,,USA; Source: Crunchbase
Weavly,weavly.com,$19K,closed,other,,AUT; Source: Crunchbase
Taskmit,taskmit.com,$18K,closed,curated web,,Market: Curated Web; GBR; Source: Crunchbase
AmpIdea,ampidea.com,$18K,closed,fintech,,Market: Finance; Source: Crunchbase
LangoLab,langolab.com,$18K,closed,edtech,,Market: Education; DEU; Source: Crunchbase
Mailana,mailana.com,$18K,closed,fintech,,Market: Finance; Source: Crunchbase
Spry,spryplanner.com,$18K,closed,saas,,Market: Enterprise Software; Source: Crunchbase
TempMine,tempmine.com,$18K,closed,recruiting,,Market: Recruiting; USA; Source: Crunchbase
Tivity,tivity.us,$18K,closed,networking,,Market: Networking; USA; Source: Crunchbase
TrewCap,prideme.com,$18K,closed,gaming,,Market: Games; Source: Crunchbase
UserMojo,usermojo.com,$18K,closed,analytics,,Market: Analytics; Source: Crunchbase
PhotoFix UK,photofix.uk.com,$16K,closed,adtech,,Market: Advertising; GBR; Source: Crunchbase
datatracker,datatracker.io,$16K,closed,analytics,,Market: Analytics; ISL; Source: Crunchbase
Live Shuttle,liveshuttle.com,$16K,closed,mobile,,Market: Mobile; ISL; Source: Crunchbase
Pin or Peg,pinorpeg.com,$16K,closed,reviews and recommendations,,Market: Reviews and Recommendations; GBR; Source: Crunchbase
PickPark,pickpark.com,$16K,closed,saas,,Market: Software; DEU; Source: Crunchbase
NMotive Research,nmotive.ca,$15K,closed,other,,Source: Crunchbase
A Smarter City,asmartercity.com,$15K,closed,saas,,Market: Software; Source: Crunchbase
Anchovi Labs,anchovi.com,$15K,closed,photography,,Market: Photography; Source: Crunchbase
CHOOMOGO,choomogo.com,$15K,closed,mobile,,Market: Mobile; USA; Source: Crunchbase
Classiphix,classiphix.com,$15K,closed,classifieds,,Market: Classifieds; USA; Source: Crunchbase
Conecta 2,fuzzwich.com,$15K,closed,services,,Market: Consulting; USA; Source: Crunchbase
Coupoplaces,coupoplaces.co.uk,$15K,closed,location based services,,Market: Location Based Services; GBR; Source: Crunchbase
Ernie's,erniesgrocery.com,$15K,closed,sales and marketing,,Market: Sales and Marketing; Source: Crunchbase
Friendsignia,friendsignia.com,$15K,closed,contact management,,Market: Contact Management; USA; Source: Crunchbase
Krikle,krikle.com,$15K,closed,gaming,,Market: Games; USA; Source: Crunchbase
opinions.h,opinionsdoth.com,$15K,closed,adtech,,Market: Advertising; Source: Crunchbase
Printed Piece,printedpiece.com,$15K,closed,curated web,,Market: Curated Web; USA; Source: Crunchbase
Saltlick Labs,saltlicklabs.com,$15K,closed,android,,Market: Android; USA; Source: Crunchbase
Snipd,snipd.com,$15K,closed,curated web,,Market: Curated Web; USA; Source: Crunchbase
stiQRd,stiqrd.com,$15K,closed,loyalty programs,,Market: Loyalty Programs; Source: Crunchbase
TicketStumbler,ticketstumbler.com,$15K,closed,ticketing,,Market: Ticketing; USA; Source: Crunchbase
Voxli,voxli.com,$15K,closed,messaging,,Market: Messaging; Source: Crunchbase
zipcodemailer.com,zipcodemailer.com,$15K,closed,postal and courier services,,Market: Postal and Courier Services; USA; Source: Crunchbase
teextee,teextee.com,$14K,closed,social network media,,Market: Social Network Media; Source: Crunchbase
Periscape,periscape.com,$14K,closed,social,,Market: Social Media; USA; Source: Crunchbase
tu.nr,tu.nr,$14K,closed,saas,,Market: Software; Source: Crunchbase
MarginLeft,marginleft.com,$13K,closed,curated web,,Market: Curated Web; USA; Source: Crunchbase
Picklify,picklify.com,$13K,closed,marketplaces,,Market: Marketplaces; USA; Source: Crunchbase
Adeyoh,adeyoh.com,$12K,closed,curated web,,Market: Curated Web; Source: Crunchbase
Picomize,picomize.com,$12K,closed,crowdsourcing,,Market: Crowdsourcing; USA; Source: Crunchbase
TutorialTab,tutorialtab.com,$12K,closed,tutoring,,Market: Tutoring; Source: Crunchbase
World Blender,worldblender.com,$12K,closed,social,,Market: Social Media; USA; Source: Crunchbase
Zuvvu,zuvvu.com,$12K,closed,adtech,,Market: Advertising; IND; Source: Crunchbase
ZhenXin,zhenxincares.com,$12K,closed,healthtech,,Market: Health Care; TWN; Source: Crunchbase
Lamppost,lamppostapp.com,$11K,closed,android,,Market: Android; GBR; Source: Crunchbase
TrustDegrees,trustdegrees.com,$11K,closed,reputation,,Market: Reputation; USA; Source: Crunchbase
Adhysteria,adhysteria.com,$10K,closed,classifieds,,Market: Classifieds; IND; Source: Crunchbase
Alternative Green Technologies,altgreentech.com,$10K,closed,cleantech,,Market: Clean Technology; USA; Source: Crunchbase
artaculous,artaculous.com,$10K,closed,music,,Market: Music; GBR; Source: Crunchbase
BetaUsersNow.com,betausersnow.com,$10K,closed,startups,,Market: Startups; USA; Source: Crunchbase
connex.io,connex.io,$10K,closed,synchronization,,Market: Synchronization; CHE; Source: Crunchbase
Coupons Near Me,couponsnearme.com,$10K,closed,ecommerce,,Market: E-Commerce; Source: Crunchbase
Cubikal,cubikal.com,$10K,closed,mobile,,Market: Mobile; USA; Source: Crunchbase
Dream Village,dream-village.org,$10K,closed,enterprises,,Market: Enterprises; Source: Crunchbase
Elecar,elecarcorp.com,$10K,closed,solar,,Market: Solar; Source: Crunchbase
FanBoom,fanboom.com,$10K,closed,curated web,,Market: Curated Web; USA; Source: Crunchbase
Futuris.tk,futuris.tk,$10K,closed,messaging,,Market: Messaging; BRA; Source: Crunchbase
igadget.asia,igadget.asia,$10K,closed,media,,Market: News; IND; Source: Crunchbase
Langtice,langtice.com,$10K,closed,curated web,,Market: Curated Web; CZE; Source: Crunchbase
Little Big Things,little.bigthin.gs,$10K,closed,saas,,Market: Software; Source: Crunchbase
Mapori,mapori.org,$10K,closed,property management,,Market: Property Management; Source: Crunchbase
MyDatingTree,mydatingtree.com,$10K,closed,celebrity,,Market: Celebrity; USA; Source: Crunchbase
Pintics,pintics.com,$10K,closed,curated web,,Market: Curated Web; USA; Source: Crunchbase
Problemcity.com,problemcity.com,$10K,closed,curated web,,Market: Curated Web; CAN; Source: Crunchbase
Sarsys,sarsys.com.ar,$10K,closed,web development,,Market: Web Development; Source: Crunchbase
SeatSwapr,seatswapr.com,$10K,closed,travel,,Market: Travel; USA; Source: Crunchbase
Splashup,splashup.com,$10K,closed,curated web,,Market: Curated Web; Source: Crunchbase
Stakeforce,stakeforce.com,$10K,closed,sustainability,,Market: Sustainability; USA; Source: Crunchbase
Talicious,talicious.com,$10K,closed,social media agent,,Market: Social Media Agent; GBR; Source: Crunchbase
Thucy,mythucy.com,$10K,closed,edtech,,Market: Education; USA; Source: Crunchbase
Yummy Food,yummyfood.cz,$10K,closed,other,,Source: Crunchbase
Jubilater Interactive Media,jubilater.com,$10K,closed,curated web,,Market: Curated Web; Source: Crunchbase
BeeFirst.in,beefirst.in,$10K,closed,incentives,,Market: Incentives; Source: Crunchbase
Jotvine.com,jotvine.com,$10K,closed,social,,Market: Social Media; AUS; Source: Crunchbase
Everything Club,everythingclub.org,$9K,closed,ecommerce,,Market: E-Commerce; Source: Crunchbase
Kahub,kahub.com,$8K,closed,media,,Market: News; Source: Crunchbase
Doormen.,wearedoormen.com,$8K,closed,apps,,Market: Apps; Source: Crunchbase
QRcao,qrcao.com,$7K,closed,nfc,,Market: NFC; POL; Source: Crunchbase
CVN Networks,cnvideonews.com,$7K,closed,services,,Market: Consulting; CHN; Source: Crunchbase
SimGym,simgym.com,$6K,closed,healthtech,,Market: Health and Wellness; USA; Source: Crunchbase
Asesori�as Digitales (Digital Advisors),asesoriasdigitales.cl,$6K,closed,technology,,Market: Technology; CHL; Source: Crunchbase
Zackfire.com,zackfire.com,$6K,closed,web hosting,,Market: Web Hosting; PAK; Source: Crunchbase
CleanApp,cleanitapp.org,$5K,closed,environmental innovation,,Market: Environmental Innovation; USA; Source: Crunchbase
Ground Zero Group Corporation,gztwincities.com,$5K,closed,web development,,Market: Web Development; USA; Source: Crunchbase
hotelsmap.com,hotelsmap.com,$5K,closed,travel,,Market: Travel; ARE; Source: Crunchbase
Oakland Single Parents' Network,oaklandsingleparents.com,$5K,closed,curated web,,Market: Curated Web; USA; Source: Crunchbase
Pigmata Media,pigmata.com,$5K,closed,saas,,Market: Software; PHL; Source: Crunchbase
Social Games Herald,socialgamesherald.com,$5K,closed,facebook applications,,Market: Facebook Applications; Source: Crunchbase
Wabeebwa,wabeebwa.com,$5K,closed,discounts,,Market: Discounts; USA; Source: Crunchbase
Stand Offer,standoffer.com,$4K,closed,crowdfunding,,Market: Crowdfunding; USA; Source: Crunchbase
FOURward Thought,fourwardthought.com,$4K,closed,services,,Market: Consulting; Source: Crunchbase
Adcast,adca.st,$4K,closed,facebook applications,,Market: Facebook Applications; Source: Crunchbase
Gruburg,gruburg.com,$4K,closed,hospitality,,Market: Hospitality; Source: Crunchbase
Charitas,notedfaith.org,$3K,closed,nonprofits,,Market: Nonprofits; Source: Crunchbase
MediVision,medivisiontoday.com,$3K,closed,services,,Market: Consulting; USA; Source: Crunchbase
RewardSnap,rewardsnap.com,$3K,closed,saas,,Market: Software; USA; Source: Crunchbase
The 5th Base,the5thbase.com,$2K,closed,curated web,,Market: Curated Web; Source: Crunchbase
Viaziz Scam,viazizscam.com,$2K,closed,internet,,Market: Internet; Source: Crunchbase
gis.to,gis.to,$2K,closed,publishing,,Market: Publishing; USA; Source: Crunchbase
Premium Advert Solutions,lagron.co.cc,$2K,closed,subscription businesses,,Market: Subscription Businesses; USA; Source: Crunchbase
Webupo,webupo.com,$2K,closed,curated web,,Market: Curated Web; GBR; Source: Crunchbase
Keystone Technology,keystone-tech.co.jp,$1K,closed,hardware + software,,Market: Hardware + Software; Source: Crunchbase
Executive Intermediary,executiveintermediary.com,$1K,closed,venture capital,,Market: Venture Capital; USA; Source: Crunchbase
ScanSocial,scansocial.com,$1K,closed,media,,Market: News; Source: Crunchbase
1bib,1bib.com,,closed,curated web,,Market: Curated Web; CHN; Source: Crunchbase
1Cast,1cast.com,,closed,lifestyle,,Market: Lifestyle; USA; Source: Crunchbase
2Win-Solutions,tictacdo.com,,closed,saas,,Market: Software; ISR; Source: Crunchbase
4Blox,4blox.com,,closed,saas,,Market: Software; USA; Source: Crunchbase
8aweek,8aweek.com,,closed,task management,,Market: Task Management; Source: Crunchbase
99times.cn,99times.cn,,closed,ecommerce,,Market: E-Commerce; CHN; Source: Crunchbase
adaffix,yellix.com,,closed,mobile,,Market: Mobile; AUT; Source: Crunchbase
Advanced Medical Innovations,amiwelisten.com,,closed,other,,USA; Source: Crunchbase
Ahead,ahead.com,,closed,web cms,,Market: Web CMS; Source: Crunchbase
aka-aki networks,spiegel.de,,closed,mobile,,Market: Mobile; DEU; Source: Crunchbase
All Together Now,getalltogethernow.com,,closed,saas,,Market: Enterprise Software; USA; Source: Crunchbase
AllPeers,techcrunch.com,,closed,curated web,,Market: Curated Web; GBR; Source: Crunchbase
allyve,allyve.com,,closed,saas,,Market: Software; DEU; Source: Crunchbase
AlphaStripe,alphastripe.com,,closed,dod/military,,Market: DOD/Military; USA; Source: Crunchbase
American Life Media,styleup.com,,closed,curated web,,Market: Curated Web; HKG; Source: Crunchbase
Anthillz,anthillz.com,,closed,reputation,,Market: Reputation; USA; Source: Crunchbase
Apprats,apprats.com,,closed,video streaming,,Market: Video Streaming; Source: Crunchbase
Architectural Daily,architecturaldaily.com,,closed,media,,Market: News; Source: Crunchbase
Arclight Media Technology,arclightmediatech.com,,closed,search,,Market: Search; GBR; Source: Crunchbase
Arigami Semiconductor Systems Private,arigamisys.com,,closed,hardware,,Market: Semiconductors; USA; Source: Crunchbase
ArtistForce,artistforce.com,,closed,gaming,,Market: Games; USA; Source: Crunchbase
Arvirago,arvirago.es,,closed,other,,Source: Crunchbase
Astro Ape,astroapestudios.com,,closed,mobile games,,Market: Mobile Games; USA; Source: Crunchbase
Attila Technologies,attila-tech.com,,closed,saas,,Market: Software; USA; Source: Crunchbase
Automatic Agency,automaticpartners.com,,closed,sales and marketing,,Market: Sales and Marketing; USA; Source: Crunchbase
Avva Health,avvahealth.com,,closed,healthtech,,Market: Health Care; Source: Crunchbase
AwesomeHighlighter,awesomehighlighter.com,,closed,curated web,,Market: Curated Web; Source: Crunchbase
Badongo.com,badongo.com,,closed,web hosting,,Market: Web Hosting; USA; Source: Crunchbase
Banksnob,banksnob.com,,closed,personal finance,,Market: Personal Finance; USA; Source: Crunchbase
BatesHook,bateshook.com,,closed,adtech,,Market: Advertising; USA; Source: Crunchbase
Be Spotted,be-spotted.com,,closed,apps,,Market: Apps; USA; Source: Crunchbase
BeanStockd,beanstockd.com,,closed,curated web,,Market: Curated Web; Source: Crunchbase
Bemba,bemba.com,,closed,social bookmarking,,Market: Social Bookmarking; Source: Crunchbase
Bfly,bflyeffect.com,,closed,gaming,,Market: Games; Source: Crunchbase
BidModo,bidmodo.com,,closed,curated web,,Market: Curated Web; USA; Source: Crunchbase
Bilneur,bilneur.com,,closed,shopping,,Market: Shopping; USA; Source: Crunchbase
Biographicon,biographicon.com,,closed,curated web,,Market: Curated Web; Source: Crunchbase
BioMicro Systems,biomicro.com,,closed,biotech,,Market: Biotechnology; USA; Source: Crunchbase
Birthday Gorilla,birthdaygorilla.com,,closed,adtech,,Market: Advertising; AUS; Source: Crunchbase
Bizak,bizak.com,,closed,curated web,,Market: Curated Web; USA; Source: Crunchbase
Bizmore,bizmore.com,,closed,advice,,Market: Advice; USA; Source: Crunchbase
BlogRadio,podblogr.com,,closed,mobile,,Market: Mobile; USA; Source: Crunchbase
Bloom Studio,blog.bloom.io,,closed,gaming,,Market: Games; Source: Crunchbase
Bluebox Now!,blueboxnow.com,,closed,incentives,,Market: Incentives; USA; Source: Crunchbase
Boom.fm,boom.fm,,closed,music,,Market: Music; Source: Crunchbase
Bounce Mobile,blog.opencorporates.com,,closed,mobile,,Market: Mobile; GBR; Source: Crunchbase
Boxaroo for eBay,boxaroo.com,,closed,curated web,,Market: Curated Web; USA; Source: Crunchbase
BragThis.com,bragthis.com,,closed,social,,Market: Social Media; USA; Source: Crunchbase
Bridge,brid.ge,,closed,public relations,,Market: Public Relations; Source: Crunchbase
BrightSide Software,nuospace.com,,closed,web tools,,Market: Web Tools; USA; Source: Crunchbase
Broadersheet,broadersheet.com,,closed,media,,Market: News; GBR; Source: Crunchbase
BubbleNoise,bubblenoise.com,,closed,curated web,,Market: Curated Web; USA; Source: Crunchbase
Bushido,gobushido.com,,closed,venture capital,,Market: Venture Capital; BHR; Source: Crunchbase
BuyPlayWin,buyplaywin.com,,closed,curated web,,Market: Curated Web; Source: Crunchbase
ByteShield,byteshield.net,,closed,digital rights management,,Market: Digital Rights Management; USA; Source: Crunchbase
CareSimply,caresimply.com,,closed,healthtech,,Market: Health Care; USA; Source: Crunchbase
Cavis microcaps,cavis-microcaps.com,,closed,other,,DEU; Source: Crunchbase
Channel M,channelm.com,,closed,adtech,,Market: Advertising; Source: Crunchbase
CinaMaker,cinamaker.com,,closed,other,,USA; Source: Crunchbase
CinemaKi,cinemaki.com,,closed,gaming,,Market: Games; ARG; Source: Crunchbase
Circular,circularapp.com,,closed,other,,Source: Crunchbase
CityIN,cityin.com,,closed,social,,Market: Social Media; CHN; Source: Crunchbase
Classical Connection,classicalconnection.com,,closed,social network media,,Market: Social Network Media; USA; Source: Crunchbase
Clipik,clipik.com,,closed,marketplaces,,Market: Marketplaces; Source: Crunchbase
CoderBuddy,coderbuddy.com,,closed,saas,,Market: Software; Source: Crunchbase
Common Ground,getcommonground.com,,closed,location based services,,Market: Location Based Services; Source: Crunchbase
Compass Engine,compassengine.com,,closed,mobile,,Market: Mobile; Source: Crunchbase
Conservus International,conservus.ae,,closed,adtech,,Market: Advertising; ARE; Source: Crunchbase
Contur,contur.co,,closed,email,,Market: Email; USA; Source: Crunchbase
cookdinner,cookdinner.com,,closed,sales and marketing,,Market: Sales and Marketing; AUS; Source: Crunchbase
coRank,primeluxuryrentals.com,,closed,law enforcement,,Market: Law Enforcement; USA; Source: Crunchbase
CorkShare,corkshare.com,,closed,curated web,,Market: Curated Web; Source: Crunchbase
Creative Citizen,creativecitizen.com,,closed,public relations,,Market: Public Relations; USA; Source: Crunchbase
CrowdFanatic,crowdfanatic.com,,closed,social,,Market: Social Media; CAN; Source: Crunchbase
CrowdZone,crowdzone.com,,closed,sports,,Market: Sports; USA; Source: Crunchbase
curated.by,curated.by,,closed,curated web,,Market: Curated Web; Source: Crunchbase
Curbsy,curbsy.com,,closed,ios,,Market: iOS; USA; Source: Crunchbase
DashLuxe,dashluxe.com.au,,closed,ecommerce,,Market: Fashion; AUS; Source: Crunchbase
DealBird,dealbird.com,,closed,saas,,Market: Software; USA; Source: Crunchbase
Dealstreet,dealstreet.com,,closed,electronics,,Market: Electronics; DEU; Source: Crunchbase
Debteye,debteye.com,,closed,saas,,Market: Software; USA; Source: Crunchbase
Deluux,deluux.com,,closed,curated web,,Market: Curated Web; USA; Source: Crunchbase
DermaGen,dermagen.se,,closed,biotech,,Market: Biotechnology; SWE; Source: Crunchbase
Diditz,diditz.com,,closed,social,,Market: Social Media; IND; Source: Crunchbase
Digital Luxury,hipxik.com,,closed,ecommerce,,Market: E-Commerce; BRA; Source: Crunchbase
Dolphin Geeks,dolphingeeks.com,,closed,networking,,Market: Networking; USA; Source: Crunchbase
Domgeo.ru,domgeo.ru,,closed,proptech,,Market: Real Estate; Source: Crunchbase
Doppelgames,doppelgames.com,,closed,gaming,,Market: Games; Source: Crunchbase
DosYogures,dosyogures.es,,closed,internet,,Market: Internet; ESP; Source: Crunchbase
Doubloon,virtualdoubloon.com,,closed,freemium,,Market: Freemium; Source: Crunchbase
e-Tag,e-tag.name,,closed,cleantech,,Market: Clean Technology; USA; Source: Crunchbase
EarlyDoc,earlydoc.com,,closed,healthtech,,Market: Health and Wellness; NLD; Source: Crunchbase
EcoBuddies™ Interactive,ecobuddies.com,,closed,kids,,Market: Kids; CAN; Source: Crunchbase
Editorially,editorially.com,,closed,curated web,,Market: Curated Web; USA; Source: Crunchbase
eLifestyles,ecountrylifestyle.com,,closed,journalism,,Market: Journalism; USA; Source: Crunchbase
Embedster,embedster.com,,closed,adtech,,Market: Advertising; Source: Crunchbase
Emirates Biodiesel,embio.ae,,closed,cleantech,,Market: Clean Technology; Source: Crunchbase
Encarnate,encarnate.com,,closed,gaming,,Market: Games; USA; Source: Crunchbase
Energatix Studio,energatixstudio.com,,closed,gaming,,Market: Games; USA; Source: Crunchbase
Enodo Software,enodosoftware.com,,closed,saas,,Market: Software; USA; Source: Crunchbase
Eribis Pharmaceuticals,eribispharma.se,,closed,biotech,,Market: Biotechnology; SWE; Source: Crunchbase
Event Innovation,eventinnovation.com,,closed,networking,,Market: Networking; USA; Source: Crunchbase
EventHive,eventhive.com,,closed,saas,,Market: Software; Source: Crunchbase
Evertale,evertale.com,,closed,photography,,Market: Photography; DNK; Source: Crunchbase
everyArt,everyart.com,,closed,curated web,,Market: Curated Web; USA; Source: Crunchbase
Evident Software,evidentsoftware.com,,closed,saas,,Market: Software; USA; Source: Crunchbase
Exchange Group,exchangegroup.co.uk,,closed,edtech,,Market: Education; GBR; Source: Crunchbase
Executive Channel,executivechannel.eu,,closed,media,,Market: News; GBR; Source: Crunchbase
Eyevensys,eyevensys.com,,closed,biotech,,Market: Biotechnology; FRA; Source: Crunchbase
Fablistic,fablistic.com,,closed,social search,,Market: Social Search; USA; Source: Crunchbase
FaceTags,faceta.gs,,closed,photography,,Market: Photography; Source: Crunchbase
FAD ? IO,fad.io,,closed,curated web,,Market: Curated Web; USA; Source: Crunchbase
Fanbouts,fanbouts.com,,closed,media,,Market: News; USA; Source: Crunchbase
Feedgen,feedgen.com,,closed,social crm,,Market: Social CRM; USA; Source: Crunchbase
Fifteen Reasons,planyp.us,,closed,career planning,,Market: Career Planning; USA; Source: Crunchbase
FIMBex,fimbex.com,,closed,crowdfunding,,Market: Crowdfunding; USA; Source: Crunchbase
Fipeo,fipeo.com,,closed,networking,,Market: Networking; Source: Crunchbase
Flagr,flagr.com,,closed,mobile,,Market: Mobile; USA; Source: Crunchbase
Flickme,flickme.com,,closed,gaming,,Market: Games; USA; Source: Crunchbase
Fliggo,revzitv.com,,closed,gaming,,Market: Games; USA; Source: Crunchbase
Formative Labs,formativelabs.com,,closed,cleantech,,Market: Clean Technology; Source: Crunchbase
Foundry Hiring,foundryhiring.com,,closed,saas,,Market: Software; USA; Source: Crunchbase
Frazr,frazr.com,,closed,web hosting,,Market: Web Hosting; Source: Crunchbase
FreeLunched,freelunched.com,,closed,sales and marketing,,Market: Sales and Marketing; USA; Source: Crunchbase
freshbag,thefreshbag.com,,closed,other,,USA; Source: Crunchbase
Friend Traveler,friendtraveler.com,,closed,travel,,Market: Travel; USA; Source: Crunchbase
Friendly Wager App,friendlywager.me,,closed,sports,,Market: Sports; USA; Source: Crunchbase
Frogmetrics,frogmetrics.com,,closed,reviews and recommendations,,Market: Reviews and Recommendations; USA; Source: Crunchbase
froodies GmbH,froodies.de,,closed,hospitality,,Market: Hospitality; DEU; Source: Crunchbase
Gemisimo,gemisimo.com,,closed,public relations,,Market: Public Relations; Source: Crunchbase
GENEI Systems Inc.,geneisystems.com,,closed,paas,,Market: PaaS; USA; Source: Crunchbase
Get In,getinlive.com,,closed,analytics,,Market: Analytics; Source: Crunchbase
Giftology,giftology.com,,closed,social,,Market: Social Media; IND; Source: Crunchbase
Givespark,givespark.com,,closed,other,,USA; Source: Crunchbase
Glam .fr France,glam.fr,,closed,social network media,,Market: Social Network Media; FRA; Source: Crunchbase
Glass,shopglass.com,,closed,ecommerce,,Market: E-Commerce; USA; Source: Crunchbase
Godigex,godigex.com,,closed,music,,Market: Music; Source: Crunchbase
Gridcentric,gridcentric.com,,closed,saas,,Market: Software; CAN; Source: Crunchbase
Groupoff,groupoff.me,,closed,ecommerce,,Market: E-Commerce; Source: Crunchbase
Grows Up,growsup.com,,closed,ecommerce,,Market: E-Commerce; USA; Source: Crunchbase
Gruvie,gruvie.com,,closed,social network media,,Market: Social Network Media; USA; Source: Crunchbase
Hallway Social Learning Network,hallway.co,,closed,social,,Market: Social Media; USA; Source: Crunchbase
Health Impact Solutions,healthimpactsolutions.nl,,closed,healthtech,,Market: Health and Wellness; NLD; Source: Crunchbase
HealthLok,healthlok.com,,closed,healthtech,,Market: Health Care; USA; Source: Crunchbase
Heekya,heekya.com,,closed,photo sharing,,Market: Photo Sharing; Source: Crunchbase
HereOrThere,hereorthere.com,,closed,travel,,Market: Travel; GBR; Source: Crunchbase
HiBeam Internet & Voice,myhibeam.com,,closed,web hosting,,Market: Web Hosting; USA; Source: Crunchbase
Hiptype,hiptype.com,,closed,adtech,,Market: Advertising; Source: Crunchbase
Honestly Now,honestlynow.com,,closed,advice,,Market: Advice; USA; Source: Crunchbase
Hoonto,hoonto.com,,closed,other,,USA; Source: Crunchbase
HourVille,hourville.com,,closed,services,,Market: Services; USA; Source: Crunchbase
HubChilla,hubchilla.com,,closed,messaging,,Market: Messaging; USA; Source: Crunchbase
Hygeia Personal Care Products,hygeiapcp.com,,closed,curated web,,Market: Curated Web; USA; Source: Crunchbase
i-Nalysis,i-nalysis.com,,closed,hardware + software,,Market: Hardware + Software; USA; Source: Crunchbase
I-Shake,i-shake.com,,closed,gaming,,Market: Games; USA; Source: Crunchbase
iBloom Technologies,helloexpert.com,,closed,curated web,,Market: Curated Web; IND; Source: Crunchbase
ididwork,ididwork.com,,closed,curated web,,Market: Curated Web; Source: Crunchbase
Iggli,iggli.com,,closed,social,,Market: Social Media; USA; Source: Crunchbase
Ikwa Orientação Profissional,ikwa.com.br,,closed,social network media,,Market: Social Network Media; Source: Crunchbase
Imagiin.,imagiin.com,,closed,seo,,Market: SEO; FRA; Source: Crunchbase
IMScouting,imscouting.com,,closed,sports,,Market: Sports; ISR; Source: Crunchbase
InboxFever,inboxfever.com,,closed,messaging,,Market: Messaging; Source: Crunchbase
InboxQ,inboxq.com,,closed,search,,Market: Search; USA; Source: Crunchbase
Industriaplex,iplex.com,,closed,services,,Market: Consulting; USA; Source: Crunchbase
Infoharmoni,infoharmoni.com,,closed,saas,,Market: Software; USA; Source: Crunchbase
InGameNow,ingamenow.com,,closed,curated web,,Market: Curated Web; Source: Crunchbase
InsideAxis™,insideaxis.com,,closed,saas,,Market: SaaS; USA; Source: Crunchbase
InstantQ,instantq.com,,closed,adtech,,Market: Advertising; USA; Source: Crunchbase
Integrity IT Solutions,integ-it.com,,closed,saas,,Market: Enterprise Software; USA; Source: Crunchbase
IntroNiche,introniche.com,,closed,adtech,,Market: Advertising; BEL; Source: Crunchbase
ITema,itema.com,,closed,saas,,Market: Software; USA; Source: Crunchbase
iWeebo,iweebo.com,,closed,social,,Market: Social Media; Source: Crunchbase
Jag.ag,jag.ag,,closed,mobile,,Market: Mobile; ISR; Source: Crunchbase
Jamglue,jamglue.com,,closed,music,,Market: Music; Source: Crunchbase
JobSyndicate,jobsyndicate.com,,closed,services,,Market: Consulting; Source: Crunchbase
Jooce,jooce.com,,closed,webos,,Market: WebOS; FRA; Source: Crunchbase
Jordan Training Technology Group,rubicon.com.jo,,closed,saas,,Market: Software; JOR; Source: Crunchbase
Jumper Networks,jumpernetworks.com,,closed,social bookmarking,,Market: Social Bookmarking; USA; Source: Crunchbase
Justyle,justyle.org,,closed,ecommerce,,Market: Fashion; Source: Crunchbase
Kappa Prime,kappaprime.com,,closed,life sciences,,Market: Life Sciences; GBR; Source: Crunchbase
Kaskado,kaskado.com,,closed,promotional,,Market: Promotional; SWE; Source: Crunchbase
Keenko,keenko.com,,closed,public relations,,Market: Public Relations; RUS; Source: Crunchbase
KeepFu,keepfu.com,,closed,curated web,,Market: Curated Web; Source: Crunchbase
Kickplay,kickplay.com,,closed,gaming,,Market: Games; USA; Source: Crunchbase
Kid Care Years,kidcareyears.com,,closed,curated web,,Market: Curated Web; USA; Source: Crunchbase
KitBoost,kitboost.com,,closed,gaming,,Market: Games; USA; Source: Crunchbase
Kite,kiteedu.com,,closed,edtech,,Market: Education; USA; Source: Crunchbase
Kliqed,linkoutapp.com,,closed,mobile,,Market: Mobile; GBR; Source: Crunchbase
Koduco,koduco.com,,closed,gaming,,Market: Games; Source: Crunchbase
KwiClick,kwiclick.com,,closed,web browsers,,Market: Web Browsers; USA; Source: Crunchbase
Leap In Entertainment,justleapin.com,,closed,virtual worlds,,Market: Virtual Worlds; CAN; Source: Crunchbase
LeapSky Wireless,leapskywireless.com,,closed,mobile,,Market: Mobile; SGP; Source: Crunchbase
Legal River,legalriver.com,,closed,legal,,Market: Legal; USA; Source: Crunchbase
Leotus,leotushomecooling.com,,closed,hardware + software,,Market: Hardware + Software; USA; Source: Crunchbase
LgDb.com,lgdb.com,,closed,other,,USA; Source: Crunchbase
LifeServe Innovations,lifeserveinnovations.com,,closed,other,,USA; Source: Crunchbase
Linkua,linkua.com,,closed,language learning,,Market: Language Learning; ESP; Source: Crunchbase
LinQpay,linqpay.com,,closed,fintech,,Market: Finance; USA; Source: Crunchbase
LiveGO,livego.com,,closed,messaging,,Market: Messaging; Source: Crunchbase
Livekick,livekick.com,,closed,curated web,,Market: Curated Web; USA; Source: Crunchbase
LiveRSVP,liversvp.com,,closed,saas,,Market: SaaS; USA; Source: Crunchbase
LiveStub,techvibes.com,,closed,sports,,Market: Sports; Source: Crunchbase
London Television,weareldn.tv,,closed,television,,Market: Television; GBR; Source: Crunchbase
LP33.TV,lp33.tv,,closed,music,,Market: Music; USA; Source: Crunchbase
Ludi labs,ludilabs.com,,closed,other,,Source: Crunchbase
LugIron Software,lugiron.com,,closed,saas,,Market: Software; USA; Source: Crunchbase
LuxTicket.sg,luxticket.sg,,closed,ecommerce,,Market: E-Commerce; SGP; Source: Crunchbase
MailWriter,mailwriter.com,,closed,messaging,,Market: Messaging; Source: Crunchbase
Mamaherb,mamaherb.com,,closed,curated web,,Market: Curated Web; Source: Crunchbase
Mandata (Management & Data Services),mandata.co.uk,,closed,saas,,Market: Software; GBR; Source: Crunchbase
MDSmartSearch.com,mdsmartsearch.com,,closed,healthtech,,Market: Health and Wellness; USA; Source: Crunchbase
Medico.com,medico.com,,closed,healthtech,,Market: Health Care; USA; Source: Crunchbase
MergeLocal,mergelocal.com,,closed,iphone,,Market: iPhone; USA; Source: Crunchbase
Mersimo,mersimo.com,,closed,curated web,,Market: Curated Web; Source: Crunchbase
MetaNotes,metanotes.com,,closed,curated web,,Market: Curated Web; USA; Source: Crunchbase
MetroFlats.com,metroflats.com,,closed,hotels,,Market: Hotels; USA; Source: Crunchbase
mgMEDIA,microgenesismedia.com,,closed,television,,Market: Television; ESP; Source: Crunchbase
Micromuscle,micromuscle.com,,closed,biotech,,Market: Biotechnology; Source: Crunchbase
MightyQuiz,mightyquiz.com,,closed,web tools,,Market: Web Tools; USA; Source: Crunchbase
MIKESTAR,mikestar.com,,closed,music,,Market: Music; DEU; Source: Crunchbase
Minds in Motion Electronics (MiME),mimetoys.com,,closed,gaming,,Market: Games; Source: Crunchbase
Minefold,minefold.com,,closed,gaming,,Market: Games; USA; Source: Crunchbase
Mixaloo,mixaloo.com,,closed,music,,Market: Music; USA; Source: Crunchbase
Mixwit,mixwit.com,,closed,music,,Market: Music; Source: Crunchbase
Moki.tv,moki.tv,,closed,curated web,,Market: Curated Web; Source: Crunchbase
Monkey Analytics,monkeyanalytics.com,,closed,analytics,,Market: Analytics; USA; Source: Crunchbase
Movolo.com,movolo.com,,closed,travel,,Market: Travel; ITA; Source: Crunchbase
Multi-AMP Engineering Sdn,maesb.com.my,,closed,hardware + software,,Market: Hardware + Software; MYS; Source: Crunchbase
MumsWay,mumsway.com,,closed,ecommerce,,Market: E-Commerce; GBR; Source: Crunchbase
Muxlim,muxlim.com,,closed,curated web,,Market: Curated Web; FIN; Source: Crunchbase
Muzui,muzui.com,,closed,gaming,,Market: Games; Source: Crunchbase
My Digital Life,mydigitallife.com,,closed,mobile,,Market: Mobile; USA; Source: Crunchbase
My Sourcebox,mysourcebox.com,,closed,other,,USA; Source: Crunchbase
Mybandstock,mybandstock.com,,closed,gaming,,Market: Games; USA; Source: Crunchbase
myGreek,mygreek.org,,closed,colleges,,Market: Colleges; USA; Source: Crunchbase
Myndnet,myndnet.com,,closed,curated web,,Market: Curated Web; USA; Source: Crunchbase
Myrl,myrl.com,,closed,virtual worlds,,Market: Virtual Worlds; GBR; Source: Crunchbase
MySocialNightlife,mysocialnightlife.com,,closed,other,,Source: Crunchbase
MyToons,mytoons.com,,closed,media,,Market: Video; USA; Source: Crunchbase
MyTrainer,mytrainer.com,,closed,social network media,,Market: Social Network Media; Source: Crunchbase
Naabo Solutions,naabo.com,,closed,saas,,Market: Software; IND; Source: Crunchbase
Nambii,nambii.com,,closed,online dating,,Market: Online Dating; Source: Crunchbase
Nanorex,nanoengineer-1.com,,closed,nanotechnology,,Market: Nanotechnology; Source: Crunchbase
National Banana,nationalbanana.com,,closed,gaming,,Market: Games; USA; Source: Crunchbase
Navajo Systems,navajosystems.com,,closed,security,,Market: Security; ISR; Source: Crunchbase
Nelbee,nelbee.com,,closed,online scheduling,,Market: Online Scheduling; USA; Source: Crunchbase
NetzVacation,netzvacation.com,,closed,travel,,Market: Travel; Source: Crunchbase
Newslabs,newslabs.com,,closed,curated web,,Market: Curated Web; FRA; Source: Crunchbase
niid.to,niid.to,,closed,file sharing,,Market: File Sharing; GBR; Source: Crunchbase
Nonoba,nchyn.blogspot.de,,closed,gaming,,Market: Games; DNK; Source: Crunchbase
North by South,northxsouth.com,,closed,saas,,Market: Software; USA; Source: Crunchbase
Notifo,notifo.com,,closed,mobile,,Market: Mobile; USA; Source: Crunchbase
Nutzvieh24,vieh24.de,,closed,fintech,,Market: Finance; DEU; Source: Crunchbase
NXTM,whooznxt.com,,closed,gaming,,Market: Games; Source: Crunchbase
Offbeat Guides,offbeatguides.com,,closed,travel,,Market: Travel; USA; Source: Crunchbase
Olah-Viq Software Solutions,olahviq.com,,closed,web development,,Market: Web Development; IND; Source: Crunchbase
Ondeego,ondeego.com,,closed,mobile,,Market: Mobile; USA; Source: Crunchbase
orderTopia,ordertopia.com,,closed,ecommerce,,Market: E-Commerce; USA; Source: Crunchbase
P3 New Media,seechicago.com,,closed,other,,USA; Source: Crunchbase
PagaTodo Mobile,brincoapps.com,,closed,mobile coupons,,Market: Mobile Coupons; MEX; Source: Crunchbase
Parallocity,parallocity.com,,closed,analytics,,Market: Analytics; IND; Source: Crunchbase
PCD Partners,pcdpartners.com,,closed,healthtech,,Market: Health Care; USA; Source: Crunchbase
People and Pages,peopleandpages.com,,closed,saas,,Market: Software; Source: Crunchbase
People's Software Company,peoplessoftware.com,,closed,saas,,Market: Software; USA; Source: Crunchbase
Phrazit,phrazit.com,,closed,curated web,,Market: Curated Web; Source: Crunchbase
Pictorama,pictorama.com,,closed,marketplaces,,Market: Marketplaces; DEU; Source: Crunchbase
Pinchd,pinchd.com,,closed,curated web,,Market: Curated Web; Source: Crunchbase
Placeling,placeling.com,,closed,mobile,,Market: Mobile; CAN; Source: Crunchbase
Plan A Drink,planadrink.com,,closed,social,,Market: Social Media; Source: Crunchbase
PlayCafe,playcafe.com,,closed,gaming,,Market: Games; USA; Source: Crunchbase
PlayCrafter,playcrafter.com,,closed,gaming,,Market: Games; Source: Crunchbase
Plurchase,plurchase.com,,closed,curated web,,Market: Curated Web; Source: Crunchbase
pocketfungames,pocketfungames.com,,closed,gaming,,Market: Games; Source: Crunchbase
Popcuts,popcuts.com,,closed,music,,Market: Music; USA; Source: Crunchbase
PopJam,eu.techcrunch.com,,closed,curated web,,Market: Curated Web; GBR; Source: Crunchbase
Popset,popset.com,,closed,collaboration,,Market: Collaboration; USA; Source: Crunchbase
Popularo,popularo.com,,closed,social bookmarking,,Market: Social Bookmarking; USA; Source: Crunchbase
Povo,povo.com,,closed,adtech,,Market: Advertising; USA; Source: Crunchbase
"Praized Media, Inc.",praizedmedia.com,,closed,search,,Market: Search; Source: Crunchbase
PrePay,prepayapp.com,,closed,fintech,,Market: Finance; USA; Source: Crunchbase
PriceTag,pricetag.eu,,closed,local businesses,,Market: Local Businesses; EST; Source: Crunchbase
Prim,getprim.com,,closed,ecommerce,,Market: E-Commerce; USA; Source: Crunchbase
PROnoise,pronoise.com,,closed,music,,Market: Music; Source: Crunchbase
Pulse Technologies,pulseliving.com,,closed,hardware + software,,Market: Hardware + Software; ARE; Source: Crunchbase
PushButton Labs,pushbuttonlabs.com,,closed,social games,,Market: Social Games; Source: Crunchbase
Qire,qire.co.uk,,closed,messaging,,Market: Messaging; GBR; Source: Crunchbase
Qubulus,qubulus.com,,closed,public transportation,,Market: Public Transportation; SWE; Source: Crunchbase
Query Hunter,queryhunter.com,,closed,data mining,,Market: Data Mining; CAN; Source: Crunchbase
R-Health,rhealth.md,,closed,saas,,Market: Software; USA; Source: Crunchbase
Raffstar,raffstar.com,,closed,curated web,,Market: Curated Web; USA; Source: Crunchbase
RampedMedia,ramped.com,,closed,curated web,,Market: Curated Web; USA; Source: Crunchbase
RatherGather,rathergather.com,,closed,media,,Market: News; USA; Source: Crunchbase
Reble,reble.fm,,closed,venture capital,,Market: Venture Capital; USA; Source: Crunchbase
Receept,enterchange.cincinnati.com,,closed,other,,USA; Source: Crunchbase
reeplay.it,reeplay.it,,closed,other,,Source: Crunchbase
RegistryLove,registrylove.com,,closed,curated web,,Market: Curated Web; USA; Source: Crunchbase
Relead,relead.com,,closed,analytics,,Market: Analytics; USA; Source: Crunchbase
Renegade Games,renegadegames.co.uk,,closed,gaming,,Market: Games; GBR; Source: Crunchbase
RentNegotiator.com,rentnegotiator.com,,closed,proptech,,Market: Real Estate; Source: Crunchbase
ReserveMyHome,reservemyhome.com,,closed,travel,,Market: Travel; USA; Source: Crunchbase
Responsible City,responsiblecity.com,,closed,social,,Market: Social Media; USA; Source: Crunchbase
Revnetics,revnetics.com,,closed,mobile,,Market: Mobile; USA; Source: Crunchbase
Rivet Games,blogs.wsj.com,,closed,gaming,,Market: Games; USA; Source: Crunchbase
Rivono,rivono.com,,closed,gaming,,Market: Games; Source: Crunchbase
Rockford Foresters Baseball Team,rockfordforesters.com,,closed,sports,,Market: Sports; USA; Source: Crunchbase
ROR Media,rormedia.com,,closed,services,,Market: Consulting; USA; Source: Crunchbase
Rundown,gorundown.com,,closed,curated web,,Market: Curated Web; Source: Crunchbase
Runivermag,runivermag.com,,closed,ecommerce,,Market: E-Commerce; RUS; Source: Crunchbase
Samba Ventures,sambaventures.com,,closed,fintech,,Market: Finance; BRA; Source: Crunchbase
Scopial Fashion,scopial.com,,closed,ecommerce,,Market: Fashion; IND; Source: Crunchbase
SEC Watch,secwatch.com,,closed,fintech,,Market: Finance; Source: Crunchbase
Semanticator,semanticator.com,,closed,semantic web,,Market: Semantic Web; USA; Source: Crunchbase
SenseHere Technology,sensehere.com,,closed,hardware,,Market: Semiconductors; CHN; Source: Crunchbase
servtag,servtag.com,,closed,rfid,,Market: RFID; DEU; Source: Crunchbase
SevenSnap Entertainment GmbH,sevensnap.com,,closed,mobile,,Market: Mobile; Source: Crunchbase
Shook,shook.co,,closed,marketplaces,,Market: Marketplaces; ISR; Source: Crunchbase
shopandsave,shopandsave.com,,closed,ecommerce,,Market: E-Commerce; USA; Source: Crunchbase
ShowMe.tv,showme.tv,,closed,social,,Market: Social Media; Source: Crunchbase
Signal Patterns,signalpatterns.com,,closed,iphone,,Market: iPhone; USA; Source: Crunchbase
Silicon Navigator Corporation,sinavigator.com,,closed,saas,,Market: Software; USA; Source: Crunchbase
SinoTech Group,sinotechgroup.com.cn,,closed,internet marketing,,Market: Internet Marketing; CHN; Source: Crunchbase
Skribit,skribit.com,,closed,curated web,,Market: Curated Web; USA; Source: Crunchbase
Skysheet,skysheet.com,,closed,saas,,Market: Enterprise Software; Source: Crunchbase
Snaptalent,snaptalent.com,,closed,adtech,,Market: Advertising; USA; Source: Crunchbase
Social Fabrics,tippers.com,,closed,travel,,Market: Travel; ISR; Source: Crunchbase
SocialBrowse,socialbrowse.com,,closed,curated web,,Market: Curated Web; Source: Crunchbase
Sociall,sociall.ag,,closed,social commerce,,Market: Social Commerce; BRA; Source: Crunchbase
Socialmoth,socialmoth.com,,closed,curated web,,Market: Curated Web; USA; Source: Crunchbase
SocStock,socstock.com,,closed,social,,Market: Social Media; USA; Source: Crunchbase
sofatronic,sofatronic.com,,closed,television,,Market: Television; Source: Crunchbase
Sonda41,sonda41.com,,closed,opinions,,Market: Opinions; USA; Source: Crunchbase
sones,sones.com,,closed,cloud computing,,Market: Cloud Computing; DEU; Source: Crunchbase
Sparkcloud,sparkcloud.com,,closed,saas,,Market: Enterprise Software; USA; Source: Crunchbase
Speakermix,speakermix.com,,closed,events,,Market: Events; Source: Crunchbase
Splash.FM,splash.fm,,closed,music,,Market: Music; USA; Source: Crunchbase
Spontaneously,spontaneously.com,,closed,curated web,,Market: Curated Web; USA; Source: Crunchbase
startuply,startuply.com,,closed,curated web,,Market: Curated Web; Source: Crunchbase
Stayhound,stayhound.com,,closed,curated web,,Market: Curated Web; USA; Source: Crunchbase
stickapps,stickapps.com,,closed,startups,,Market: Startups; DEU; Source: Crunchbase
StopandWalk.com,stopandwalk.com,,closed,ecommerce,,Market: E-Commerce; ESP; Source: Crunchbase
Straight Up English,straightupenglish.com,,closed,edtech,,Market: Education; Source: Crunchbase
StudioTweets,studiotweets.com,,closed,music,,Market: Music; Source: Crunchbase
Stumpwise,get.stumpwise.com,,closed,saas,,Market: Enterprise Software; USA; Source: Crunchbase
StyleJam,stylej.am,,closed,design,,Market: Design; Source: Crunchbase
Sun & Skin Care Research,sscrinc.com,,closed,manufacturing,,Market: Manufacturing; USA; Source: Crunchbase
Sunbay,sunbay.ch,,closed,web hosting,,Market: Web Hosting; CHE; Source: Crunchbase
SurePeak,surepeak.com,,closed,saas,,Market: Software; USA; Source: Crunchbase
Tadcast,tadcast.com,,closed,sales and marketing,,Market: Sales and Marketing; USA; Source: Crunchbase
Taggable,taggable.com,,closed,curated web,,Market: Curated Web; Source: Crunchbase
Tagora,tagora.co,,closed,other,,Source: Crunchbase
TagosGreen Business Community,tagosgreen.com,,closed,public relations,,Market: Public Relations; USA; Source: Crunchbase
Tailgate Technologies,tailgatetechnologies.com,,closed,ecommerce,,Market: E-Commerce; GBR; Source: Crunchbase
Tailored Republic,tailoredrepublic.com,,closed,ecommerce,,Market: Fashion; USA; Source: Crunchbase
TalkBin,talkbin.com,,closed,messaging,,Market: Messaging; USA; Source: Crunchbase
TapIn.tv,tapin.tv,,closed,mobile,,Market: Mobile; USA; Source: Crunchbase
TapZilla,tapzilla.com,,closed,mobile,,Market: Mobile; Source: Crunchbase
Tasted Menu,tastedmenu.com,,closed,hospitality,,Market: Hospitality; USA; Source: Crunchbase
Team Apart,teamapart.com,,closed,other,,Source: Crunchbase
Team My Mobile,teammymobile.com,,closed,android,,Market: Android; TUR; Source: Crunchbase
Telera,telera.com,,closed,saas,,Market: Software; USA; Source: Crunchbase
Tellwiki,tellwiki.com,,closed,curated web,,Market: Curated Web; USA; Source: Crunchbase
The Whoot,thewhoot.com,,closed,networking,,Market: Networking; USA; Source: Crunchbase
ThemBid,thembid.com,,closed,classifieds,,Market: Classifieds; USA; Source: Crunchbase
thesweetlink,thesweetlink.com,,closed,privacy,,Market: Privacy; USA; Source: Crunchbase
Tilck,tilck.com,,closed,ecommerce,,Market: E-Commerce; Source: Crunchbase
TimeData Corporation,timedatacorp.com,,closed,voip,,Market: VoIP; Source: Crunchbase
tomoguides,tomoguides.com,,closed,other,,Source: Crunchbase
Toolmeet,toolmeet.com,,closed,curated web,,Market: Curated Web; ITA; Source: Crunchbase
Top Prospect,topprospect.com,,closed,social,,Market: Social Media; USA; Source: Crunchbase
TORIA,allmacedoniahotels.com,,closed,hotels,,Market: Hotels; MKD; Source: Crunchbase
Tradyo,tradyo.com,,closed,social,,Market: Social Media; Source: Crunchbase
Trak,trakgo.com.br,,closed,mobile,,Market: Mobile; BRA; Source: Crunchbase
Transparent IT Solutions,transparentitsolutions.com,,closed,saas,,Market: Software; IND; Source: Crunchbase
Trendient,trendient.com,,closed,ecommerce,,Market: E-Commerce; Source: Crunchbase
Trips n Salsa,tripsnsalsa.com,,closed,hospitality,,Market: Hospitality; USA; Source: Crunchbase
TruantToday,truanttoday.com,,closed,messaging,,Market: Messaging; USA; Source: Crunchbase
Trubates,trubates.com,,closed,curated web,,Market: Curated Web; Source: Crunchbase
TrueInsider,trueinsider.com,,closed,payments,,Market: Payments; USA; Source: Crunchbase
TrueSpan,truespaninc.com,,closed,mobile,,Market: Mobile; USA; Source: Crunchbase
Tuxebo,tuxebo.co.uk,,closed,lead generation,,Market: Lead Generation; Source: Crunchbase
TV Interactive Systems,tvinteractivesystems.com,,closed,internet tv,,Market: Internet TV; USA; Source: Crunchbase
Tweetflow,tweetflow.com,,closed,other,,Source: Crunchbase
TweetMySong.com,tweetmysong.com,,closed,music,,Market: Music; Source: Crunchbase
twidox,twidox.com,,closed,universities,,Market: Universities; DEU; Source: Crunchbase
UannaBe,uannabe.com,,closed,curated web,,Market: Curated Web; ITA; Source: Crunchbase
Ubequity,ubequity.com,,closed,fintech,,Market: Finance; USA; Source: Crunchbase
UGAME,ugame.net,,closed,gaming,,Market: Games; GBR; Source: Crunchbase
Ujogo,ujogo.com,,closed,gaming,,Market: Games; USA; Source: Crunchbase
United Maps,unitedmaps.net,,closed,maps,,Market: Maps; DEU; Source: Crunchbase
UPR-Online,upr-online.com,,closed,curated web,,Market: Curated Web; IRL; Source: Crunchbase
UpRace,uprace.com,,closed,social,,Market: Social Media; USA; Source: Crunchbase
Urban Metrics,urbanigo.com,,closed,curated web,,Market: Curated Web; USA; Source: Crunchbase
Urbster,urbster.com,,closed,mobile,,Market: Mobile; Source: Crunchbase
Valocor Therapeutics,valocor.com,,closed,biotech,,Market: Biotechnology; CAN; Source: Crunchbase
Veeda,veedda.com,,closed,content,,Market: Content; ISR; Source: Crunchbase
Venuetastic,venuetastic.com,,closed,curated web,,Market: Curated Web; USA; Source: Crunchbase
veriCAR,vericar.in,,closed,automotive,,Market: Automotive; Source: Crunchbase
Video Passports,videopassports.com,,closed,curated web,,Market: Curated Web; USA; Source: Crunchbase
Videofropper,videofropper.com,,closed,media,,Market: Video; IND; Source: Crunchbase
View2Gether,view2gether.com,,closed,social,,Market: Social Media; Source: Crunchbase
Vigno,vigno.de,,closed,group buying,,Market: Group Buying; DEU; Source: Crunchbase
Village Laundry Service,villagelaundryservice.com,,closed,fintech,,Market: Finance; IND; Source: Crunchbase
viseto,viseto.com,,closed,ecommerce,,Market: E-Commerce; Source: Crunchbase
VisitorsCafe,visitorscafe.com,,closed,messaging,,Market: Messaging; USA; Source: Crunchbase
Waddle,waddleapp.com,,closed,mobile,,Market: Mobile; USA; Source: Crunchbase
WakeMate,wakemate.com,,closed,hardware + software,,Market: Hardware + Software; USA; Source: Crunchbase
Wakozi,wakozi.com,,closed,curated web,,Market: Curated Web; USA; Source: Crunchbase
WayConnected,wayconnected.com,,closed,curated web,,Market: Curated Web; USA; Source: Crunchbase
weartolook,weartolook.com,,closed,shopping,,Market: Shopping; GBR; Source: Crunchbase
WebinarHero,webinarhero.com,,closed,video streaming,,Market: Video Streaming; USA; Source: Crunchbase
Whereoscope,whereoscope.com,,closed,hardware + software,,Market: Hardware + Software; USA; Source: Crunchbase
WhipCar,whipcar.com,,closed,online rental,,Market: Online Rental; GBR; Source: Crunchbase
Whitenoise Networks,whitenoisenetworks.com,,closed,music,,Market: Music; USA; Source: Crunchbase
Wild Pockets,wildpockets.com,,closed,gaming,,Market: Games; USA; Source: Crunchbase
WooWho,gowoowho.com,,closed,curated web,,Market: Curated Web; USA; Source: Crunchbase
Workstir,workstir.com,,closed,curated web,,Market: Curated Web; USA; Source: Crunchbase
World Reviewer,worldreviewer.net,,closed,media,,Market: Video; GBR; Source: Crunchbase
writewith,writewith.com,,closed,music,,Market: Music; USA; Source: Crunchbase
Wundrbar,wundrbar.com,,closed,search,,Market: Search; USA; Source: Crunchbase
Wututu,wututu.com,,closed,image recognition,,Market: Image Recognition; ESP; Source: Crunchbase
Yobble,iphoneairguitar.com,,closed,iphone,,Market: iPhone; USA; Source: Crunchbase
Yoomba,fiercevoip.com,,closed,messaging,,Market: Messaging; USA; Source: Crunchbase
Yoomly,yoomly.com,,closed,curated web,,Market: Curated Web; USA; Source: Crunchbase
YOOWALK,yoowalk.com,,closed,gaming,,Market: Games; FRA; Source: Crunchbase
YouBeQB,youbeqb.com,,closed,sports,,Market: Sports; USA; Source: Crunchbase
YouHelp,youhelp.com,,closed,entertainment,,Market: Entertainment; AUT; Source: Crunchbase
Youlicit,youlicit.com,,closed,curated web,,Market: Curated Web; USA; Source: Crunchbase
YouOS,youos.com,,closed,curated web,,Market: Curated Web; Source: Crunchbase
Youtego,youtego.com,,closed,visualization,,Market: Visualization; USA; Source: Crunchbase
YumDots,yumdots.com,,closed,mobile,,Market: Mobile; Source: Crunchbase
YUPIQ,yupiq.com,,closed,music,,Market: Music; CAN; Source: Crunchbase
Zadby,zadby.com,,closed,sales and marketing,,Market: Sales and Marketing; USA; Source: Crunchbase
Zazengo,zazengo.com,,closed,curated web,,Market: Curated Web; Source: Crunchbase
Zygo Communications,zygocommunications.com,,closed,mobile,,Market: Mobile; GBR; Source: Crunchbase
WireOver,wireover.com,,inactive,b2b,,Really secure file sending for big files.; YC Winter 2012; Source: YC
The Muse,themuse.com,,inactive,b2b,,The Muse is values-based job search & hiring for 7M+ monthly; YC Winter 2012; Source: YC
Hipmob,hipmob.com,,inactive,b2b,,Customer communication for iOS and Android developers - an in-app…; YC Winter 2012; Source: YC
Couple,couple.me,,inactive,consumer,,"App that connects two phones and creates a private
timeline to share…; YC Winter 2012; Source: YC"
Tap to Learn,taptolearn.com,,inactive,consumer,,Games For Education; YC Winter 2012; Source: YC
Optilly/Installmonetizer,optilly.com,,inactive,b2b,,Fb ad optimization platform; YC Winter 2012; Source: YC
BookSolid,booksolid.com,,inactive,b2b,,BookSolid is the opentable for tour operators.; YC Winter 2012; Source: YC
Marft,marft.com,,inactive,b2b,,Marft creates embeddable machine learning models for application…; YC Winter 2012; Source: YC
Zipio,dealupa.com,,inactive,consumer,,Deal search service; YC Winter 2012; Source: YC
Make School,makeschool.com,,inactive,education,,Make School is redesigning college for the 21st century. Students…; YC Winter 2012; Source: YC
Pixelapse,pixelapse.com,,inactive,b2b,,Github for designers. We automatically keep track of revisions of…; YC Winter 2012; Source: YC
Talkray (TiKL),talkray.com,,inactive,consumer,,Instantly talk or text to one or a group of friends at once with the…; YC Winter 2012; Source: YC
Zillabyte,zillabyte.com,,inactive,b2b,,Palantir for sales people; YC Winter 2012; Source: YC
Grouper,joingrouper.com,,inactive,consumer,,We set up drinks between 2 groups of friends: 3 guys and 3 girls.; YC Winter 2012; Source: YC
LendUp,lendup.com,,inactive,fintech,,LendUp is a socially responsible company on a mission to redefine…; YC Winter 2012; Source: YC
Brace,brace.io,,inactive,b2b,,Backlift allows front-end only developers to build entire websites…; YC Winter 2012; Source: YC
LVL6,lvl6.com,,inactive,consumer,,We make mobile MMOs.; YC Winter 2012; Source: YC
BarSense,kytephone.com,,inactive,consumer,,Kid's first smartphone with web-based parental controls.; YC Winter 2012; Source: YC
99dresses,99dresses.com,,inactive,consumer,,We're creating every women's fantasy by combining the unwanted…; YC Winter 2012; Source: YC
Documents.Me,documents.me,,inactive,b2b,,Client-side encryption for your devices and the cloud.; YC Winter 2012; Source: YC
Ark,ark.com,,inactive,consumer,,Ark organizes the world's social information.; YC Winter 2012; Source: YC
SolidStage,solidstage.com,,inactive,b2b,,Sysadmin as a service. We make deploying; configuring; monitoring;…; YC Winter 2012; Source: YC
Glider,glider.io,,inactive,b2b,,We filter distracting emails away from your inbox.; YC Winter 2012; Source: YC
Carsabi,carsabi.com,,inactive,consumer,,Carsabi is the search engine for used cars; YC Winter 2012; Source: YC
Picplum,picplum.com,,inactive,consumer,,YC Summer 2011; Source: YC
Zigfu,breaks.nu,,inactive,consumer,,Layer above Kinect.; YC Summer 2011; Source: YC
PayDragon,paperlinks.com,,inactive,consumer,,Hyperlinking the real world.; YC Summer 2011; Source: YC
Proxino,proxino.com,,inactive,b2b,,Javascript proxy.; YC Summer 2011; Source: YC
PhoneSys,pingm.net,,inactive,b2b,,The Phone System for Sales Teams.; YC Summer 2011; Source: YC
Quad,thequad.com,,inactive,education,,Quad is where college students get things done.; YC Summer 2011; Source: YC
Dubjoy,dubjoy.com,,inactive,b2b,,Dubjoy translates and voice-overs your video to any language; YC Summer 2011; Source: YC
Zenbox,zenboxapp.com,,inactive,b2b,,Brings dozens of SaaS's (Mailchimp; Stripe; Shopify; Salesforce;…; YC Summer 2011; Source: YC
MarketBrief,marketbrief.com,,inactive,fintech,,Generate stories from SEC filings.; YC Summer 2011; Source: YC
Interstate,interstateapp.com,,inactive,b2b,,Create & Share Product Roadmaps; YC Summer 2011; Source: YC
Everyme,everyme.com,,inactive,consumer,,The #1 private social network; YC Summer 2011; Source: YC
Opez,opez.com,,inactive,consumer,,Yelp for service pros.; YC Summer 2011; Source: YC
Kicksend,kicksend.com,,inactive,consumer,,"Send and print photo albums with people you love.

Acquired by Lyft; YC Summer 2011; Source: YC"
Vapor,askolo.com,,inactive,consumer,,In-video advertising.; YC Summer 2011; Source: YC
Leaky,leaky.com,,inactive,fintech,,Online auto and business insurance. (Acquired 2013); YC Summer 2011; Source: YC
Ridejoy,ridejoy.com,,inactive,consumer,,Long-distance carpooling marketplace. Shut down in early 2013.; YC Summer 2011; Source: YC
Snapjoy,snapjoy.com,,inactive,consumer,,Photo library.; YC Summer 2011; Source: YC
Rentobo,rentobo.com,,inactive,real-estate/construction,,"The easiest way to find a tenant.

Rentobo is a tool that makes it…; YC Summer 2011; Source: YC"
Draft,draftin.com,,inactive,b2b,,Making Draft. Super simple version control and collaboration for…; YC Summer 2011; Source: YC
Userfox,userfox.com,,inactive,b2b,,User retention as a service.  Drip email; YC Winter 2011; Source: YC
Hungry Labs,hungrylabs.com,,inactive,consumer,,Now part of Snaplayer.; YC Summer 2011; Source: YC
Inporia,inporia.com,,inactive,consumer,,Fashion shopping email list.; YC Winter 2011; Source: YC
Beetailer,beetailer.com,,inactive,b2b,,Facebook stores.; YC Winter 2011; Source: YC
TellFi,tellfi.com,,inactive,b2b,,Google Voice for business.; YC Winter 2011; Source: YC
AppHarbor,appharbor.com,,inactive,b2b,,.NET Cloud Platform as a Service; YC Winter 2011; Source: YC
Hyperink,hyperinkpress.com,,inactive,consumer,,Ebook publisher.; YC Winter 2011; Source: YC
Insight Data Science,insightdatascience.com,,inactive,education,,Turning PhDs & engineers into data scientists & data engineers; YC Winter 2011; Source: YC
Convore,convore.com,,inactive,consumer,,Hosted IRC and so much more.; YC Winter 2011; Source: YC
Flotype,flotype.com,,inactive,b2b,,Third generation of web apps.; YC Winter 2011; Source: YC
Balanced,balancedpayments.com,,inactive,fintech,,Payments for Marketplaces; YC Winter 2011; Source: YC
Tutorspree,tutorspree.com,,inactive,education,,Online tutoring marketplace.; YC Winter 2011; Source: YC
TrustEgg,fidoosh.com,,inactive,fintech,,Trust funds.; YC Winter 2011; Source: YC
Siasto,siasto.com,,inactive,b2b,,Siasto is a collaboration tool designed for SMBs who use Google Apps;…; YC Winter 2011; Source: YC
SimplyListed,simplylisted.com,,inactive,consumer,,Sell your stuff.; YC Winter 2011; Source: YC
Teevox,teevox.com,,inactive,consumer,,Teevox; YC Summer 2010; Source: YC
Chirply,chirply.com,,inactive,consumer,,Crowdsourced design marketplace for paper goods.; YC Summer 2010; Source: YC
Habit Labs,habitlabs.com,,inactive,consumer,,Friends motivate one another: I'll do x if you do y.; YC Summer 2010; Source: YC
Brushes,brushesapp.com,,inactive,b2b,,iPad drawing software.; YC Summer 2010; Source: YC
Gantto,gantto.com,,inactive,b2b,,Better Microsoft Project.; YC Summer 2010; Source: YC
Upbeat,upbeatpr.com,,inactive,consumer,,Upbeat: Building the next generation of Public Relations (PR); YC Summer 2010; Source: YC
Opzi,opzi.com,,inactive,consumer,,Q&A for businesses.; YC Summer 2010; Source: YC
Post.fm,post.fm,,inactive,b2b,,New email inbox.; YC Summer 2010; Source: YC
Ready For Zero,readyforzero.com,,inactive,fintech,,Personal debt and credit management. Acquired by Avant in 2015.; YC Summer 2010; Source: YC
MessageParty,messageparty.com,,inactive,consumer,,Local chat.; YC Summer 2010; Source: YC
Pribbit,pribbit.com,,inactive,consumer,,Like Twitter but you post others' status.; YC Summer 2010; Source: YC
Fabricly,fabricly.com,,inactive,b2b,,YC Winter 2010; Source: YC
LaunchHear,alexkrupp.com,,inactive,b2b,,LaunchHear was a startup attempting to make PR scale in the same way…; YC Winter 2010; Source: YC
Answerly,answerly.com,,inactive,consumer,,YC Winter 2010; Source: YC
Zenedy,zenedy.com,,inactive,consumer,,YC Winter 2010; Source: YC
Gamador,gamador.com,,inactive,consumer,,YC Winter 2010; Source: YC
Fithub,fithub.com,,inactive,b2b,,YC Winter 2010; Source: YC
Data Marketplace,datamarketplace.com,,inactive,b2b,,YC Winter 2010; Source: YC
Newcope,newcope.com,,inactive,consumer,,YC Winter 2010; Source: YC
HighlightCam,highlightcam.com,,inactive,consumer,,HighlightCam edits video; automatically!; YC Summer 2009; Source: YC
Jobspice,jobspice.com,,inactive,consumer,,YC Summer 2009; Source: YC
CarWoo,carwoo.com,,inactive,consumer,,The best way to buy a new car.; YC Summer 2009; Source: YC
Fanchatter,fanchatter.com,,inactive,b2b,,FanChatter aggregates; amplifies and empowers fan content on every…; YC Summer 2009; Source: YC
NudgePad,azure.com,,inactive,b2b,,Online IDE. We joined Microsoft in 2014.; YC Summer 2009; Source: YC
RoboHR,robohr.com,,inactive,b2b,,YC Summer 2009; Source: YC
AdThrow,adthrow.com,,inactive,b2b,,YC Summer 2009; Source: YC
Stackq,stackq.com,,inactive,b2b,,YC Summer 2009; Source: YC
Recurious,thesixtyone.com,,inactive,consumer,,YC Winter 2009; Source: YC
Wattvision,wattvision.com,,inactive,real-estate/construction,,Sensors and software for energy tracking. Like 'fitbit' for your…; YC Winter 2009; Source: YC
Foodoro,foodoro.com,,inactive,consumer,,YC Winter 2009; Source: YC
Spaces Life,spaceslife.com,,inactive,real-estate/construction,,YC Winter 2009; Source: YC
Picurio,picurio.com,,inactive,consumer,,YC Winter 2009; Source: YC
OhLife,ohlife.com,,inactive,consumer,,YC Summer 2008; Source: YC
Job Alchemist,jobalchemist.com,,inactive,b2b,,YC Summer 2008; Source: YC
Anyvite,anyvite.com,,inactive,consumer,,YC Summer 2008; Source: YC
CO2Stats,co2stats.com,,inactive,b2b,,Social and environmental web analytics. Acquired in December 2016.; YC Summer 2008; Source: YC
Picwing,picwing.com,,inactive,consumer,,Photo Sharing platform for families; YC Summer 2008; Source: YC
Precognate,precognate.com,,inactive,consumer,,YC Summer 2008; Source: YC
Claimspotting,urbantakeover.at,,inactive,consumer,,Claim and conquer your city; YC Summer 2008; Source: YC
PlayReader,playreader.com,,inactive,consumer,,YC Summer 2008; Source: YC
Treehouse,gotreehouse.com,,inactive,consumer,,YC Summer 2008; Source: YC
Slinkset,slinkset.com,,inactive,consumer,,Votable lists; YC Summer 2008; Source: YC
Trigger,trigger.io,,inactive,b2b,,Better PhoneGap.; YC Winter 2008; Source: YC
FathomDB,fathomdb.com,,inactive,b2b,,YC Winter 2008; Source: YC
Mixwit,cloud.tv,,inactive,consumer,,Online mixtape service (create and share mixtapes). Launched as part…; YC Winter 2008; Source: YC
Kirkland North,kirklandnorth.com,,inactive,consumer,,YC Winter 2008; Source: YC
Insoshi,insoshi.com,,inactive,b2b,,YC Winter 2008; Source: YC
Joberator,joberator.com,,inactive,b2b,,YC Winter 2008; Source: YC
Bountii,bountii.com,,inactive,consumer,,YC Summer 2007; Source: YC
iJigg/Top440,ijigg.com,,inactive,consumer,,YC Summer 2007; Source: YC
ContestMachine,contestmachine.com,,inactive,b2b,,Roll your own contest or giveaway.  No longer in business.; YC Summer 2007; Source: YC
SocialPicks,socialpicks.com,,inactive,consumer,,SocialPicks was a platform where stock investors could exchange…; YC Summer 2007; Source: YC
Meetyu,meetyu.com,,inactive,consumer,,YC Summer 2007; Source: YC
Eivod,eivod.com,,inactive,b2b,,YC Summer 2007; Source: YC
Tsumobi,tsumobi.com,,inactive,consumer,,Messaging.; YC Winter 2007; Source: YC
View3,view3.com,,inactive,industrials,,YC Winter 2007; Source: YC
Thinkature,thinkature.com,,inactive,b2b,,YC Summer 2006; Source: YC
Talkito,talkito.com,,inactive,consumer,,YC Summer 2006; Source: YC
Shoutfit,shoutfit.com,,inactive,consumer,,YC Summer 2006; Source: YC
Pollground,pollground.com,,inactive,consumer,,Online polls.; YC Summer 2006; Source: YC
Likebetter,likebetter.com,,inactive,consumer,,YC Summer 2006; Source: YC
Jumpchat,jumpchat.com,,inactive,consumer,,YC Summer 2006; Source: YC
Snipshot,snipshot.com,,inactive,consumer,,We sold Snipshot to Ansa in 2013.; YC Winter 2006; Source: YC
Audiobeta,audiobeta.com,,inactive,b2b,,YC Winter 2006; Source: YC
Simmery,simmery.com,,inactive,consumer,,YC Summer 2005; Source: YC
Memamp,memamp.com,,inactive,b2b,,YC Summer 2005; Source: YC
Infogami,infogami.com,,inactive,b2b,,YC Summer 2005; Source: YC
Canopy Labs,canopylabs.com,,inactive,b2b,,Canopy Labs automates customer analytics for small and medium-sized…; YC Summer 2012; Source: YC
LeanMarket,lean.com,,inactive,b2b,,Mobile advertising; YC Summer 2012; Source: YC
Imgfave,imgfave.com,,inactive,consumer,,A fun image sharing community.; YC Summer 2012; Source: YC
Arc,arccameras.com,,inactive,industrials,,aerial videography; YC Summer 2012; Source: YC
Testmunk,testmunk.com,,inactive,b2b,,Automating mobile app testing.; YC Summer 2012; Source: YC
Framebase,framebase.io,,inactive,consumer,,API for video.; YC Summer 2012; Source: YC
Airshared,getcycle.com,,inactive,consumer,,TBD; YC Summer 2012; Source: YC
DataNitro,datanitro.com,,inactive,b2b,,We speed up Excel.; YC Summer 2012; Source: YC
Crohnology (by Healthy Labs),crohnology.com,,inactive,healthcare,,We turn Patients into Researchers.; YC Summer 2012; Source: YC
BrainTripping,braintripping.com,,inactive,consumer,,YC Summer 2012; Source: YC
Markupwand,markupwand.com,,inactive,b2b,,Convert Design files to working websites automagically; YC Summer 2012; Source: YC
Kippt,kippt.com,,inactive,b2b,,Kippt is a social bookmarking service; YC Summer 2012; Source: YC
Hipset,tracksby.com,,inactive,consumer,,The best way for artists to release new music and videos.; YC Summer 2012; Source: YC
FileStack,filestack.com,,inactive,b2b,,Acquired by Xenon Ventures.We enable website developers to hook into…; YC Summer 2012; Source: YC
Collections,collections.me,,inactive,consumer,,Finder for the Cloud; YC Summer 2012; Source: YC
Dreamforge,dreamforge.me,,inactive,b2b,,Simple 3d modeling software for 3d printers.; YC Summer 2012; Source: YC
ReelSurfer,reelsurfer.com,,inactive,consumer,,Clip and share any video from any website.; YC Summer 2012; Source: YC
Keychain Logistics,keychainlogistics.com,,inactive,b2b,,Software that connects the supply side of companies that ship product…; YC Summer 2012; Source: YC
Profig,profig.com,,inactive,b2b,,The phone system for businesses. Manage everything from your company…; YC Summer 2012; Source: YC
Coco Controller,milkshakelabs.com,,inactive,consumer,,We're building a tactile gaming controller for mobile phones.; YC Summer 2012; Source: YC
Tastemaker,tastemaker.com,,inactive,consumer,,Interior design marketplace and online retailer; YC Summer 2012; Source: YC
GoScale,goscale.com,,inactive,b2b,,Dynamical Scaling Virtual Machines as a Service; YC Summer 2012; Source: YC
Credictive,credictive.com,,inactive,b2b,,Attribution metatags for online content.; YC Summer 2012; Source: YC
MicroEval,microeval.com,,inactive,b2b,,Changing the way companies review employee performance with…; YC Summer 2012; Source: YC
Everyday.me,everyday.me,,inactive,consumer,,Everyday.me - Record your life.  Store it forever.; YC Summer 2012; Source: YC
Celery,trycelery.com,,inactive,b2b,,Celery is a platform for pre-orders (www.trycelery.com). Accept…; YC Summer 2012; Source: YC
Parallel Universe,paralleluniverse.co,,inactive,b2b,,Helping developers scale their applications with ease.; YC Summer 2012; Source: YC
Viacycle,viacycle.com,,inactive,consumer,,viaCycle makes simple; inexpensive bicycle sharing systems that allow…; YC Summer 2012; Source: YC
Assorted Bits,youthere.com,,inactive,b2b,,A mobile calendar for all the fun stuff you do with friends.; YC Summer 2012; Source: YC
GetGoing,getgoing.com,,inactive,consumer,,We are building a 'transparent opaque' airfare and hotel booking site…; YC Summer 2012; Source: YC
Thread,thread.com,,inactive,consumer,,Thread makes it incredibly easy to dress well; using stylists and AI; YC Summer 2012; Source: YC
Light Table/Eve,kodowa.com,,inactive,b2b,,Eve is our way of bringing the power of computation to everyone; not…; YC Summer 2012; Source: YC
Appcubator,appcubator.com,,inactive,b2b,,The easiest way to prototype web applications.; YC Winter 2013; Source: YC
Swish,swish.com,,inactive,b2b,,Kickstarter for physical products.  Shop exclusive product launches.; YC Winter 2013; Source: YC
PayTango,paytango.com,,inactive,b2b,,Simple invoicing; YC Winter 2013; Source: YC
Trainzen,terascore.com,,inactive,b2b,,Educational assessments made easy. Eliminating paper-based exams in…; YC Winter 2013; Source: YC
Medisas,medisas.com,,inactive,healthcare,,Medisas builds workflow & collaboration software for hospitals.; YC Winter 2013; Source: YC
RoverRide,ride.roversf.com,,inactive,consumer,,A universal urban transit app. Given all transportation options…; YC Winter 2013; Source: YC
BeatDeck,beatdeck.com,,inactive,b2b,,"Music; Metrics... Meritocracy. 
(Upload Music; Connect your Social…; YC Winter 2013; Source: YC"
Swapbox,swapbox.com,,inactive,consumer,,Stop missing deliveries. Ship to Swapbox and pick up at our kiosks.; YC Winter 2013; Source: YC
FlightCar,flightcar.com,,inactive,consumer,,"FlightCar is the Airbnb of Car Rentals at Airports.
We allow people…; YC Winter 2013; Source: YC"
CrowdMed,crowdmed.com,,inactive,healthcare,,CrowdMed harnesses the wisdom of crowds to solve difficult medical…; YC Winter 2013; Source: YC
Logiblock,logiblock.com,,inactive,b2b,,Logiblock engineers electronics and development tools to dramatically…; YC Winter 2013; Source: YC
Airware,airware.com,,inactive,industrials,,Airware provides end-to-end solutions that enable enterprises to…; YC Winter 2013; Source: YC
Posmetrics,posmetrics.com,,inactive,b2b,,Ultra-short feedback surveys on tablets mounted in businesses. Higher…; YC Winter 2013; Source: YC
Prophecy Sciences,prophecysciences.com,,inactive,b2b,,Predicting workplace performance through neuroscience; YC Winter 2013; Source: YC
Teleborder,teleborder.com,,inactive,b2b,,Dashboard for companies to manage immigration for their employees.; YC Summer 2013; Source: YC
FanHero,fanhero.com,,inactive,consumer,,YC Summer 2013; Source: YC
StackMachine,stackmachine.com,,inactive,b2b,,Instant sandboxed server environments; YC Summer 2013; Source: YC
Buttercoin,buttercoin.com,,inactive,fintech,,Bitcoin Marketplace; YC Summer 2013; Source: YC
Crowdery,crowdery.com,,inactive,b2b,,[Now Clara; YC S14- claralabs.com]; YC Summer 2013; Source: YC
GoComm,gocomm.com,,inactive,b2b,,Mobile communications platform for teams working on live events; YC Summer 2013; Source: YC
Floobits,floobits.com,,inactive,b2b,,Real-time collaborative editing in the browser with support for…; YC Summer 2013; Source: YC
Glio,glio.com,,inactive,consumer,,Amazon Marketplace for Latin America; YC Summer 2013; Source: YC
Graft Concepts,graftconcepts.com,,inactive,consumer,,Graft Concepts makes unique iPhone cases and other mobile accessories; YC Summer 2013; Source: YC
Hum,letshum.com,,inactive,b2b,,A chat program that integrates with email; with presence.; YC Summer 2013; Source: YC
Le Tote,letote.com,,inactive,consumer,,Subscription service for women's apparel & accessories.; YC Summer 2013; Source: YC
LocalOn,localon.com,,inactive,b2b,,Web marketing for SMBs & merchants associations.; YC Summer 2013; Source: YC
Meta,metavision.com,,inactive,consumer,,Augmented reality glasses.; YC Summer 2013; Source: YC
One Month,onemonth.com,,inactive,education,,One Month's affordable online bootcamps teach people how to code in…; YC Summer 2013; Source: YC
Watchsend,watchsend.com,,inactive,b2b,,Videos of your iOS apps; YC Summer 2013; Source: YC
Amulyte,amulyte.com,,inactive,healthcare,,Remote monitoring & activity tracking system for seniors.; YC Summer 2013; Source: YC
Audobox,audobox.com,,inactive,b2b,,Audobox is a developer and user friendly tool for in-app feedback.; YC Summer 2013; Source: YC
Butter Systems,buttersystems.com,,inactive,b2b,,Replacing the paper restaurant menu with an interactive experience at…; YC Summer 2013; Source: YC
SoundFocus,soundfocus.com,,inactive,healthcare,,We are giving you 20/20 hearing when listening to the devices you…; YC Summer 2013; Source: YC
Kivo,kivo.com,,inactive,b2b,,Git for Documents; YC Summer 2013; Source: YC
WebCake,designly.com,,inactive,b2b,,Marketing people modify site.; YC Summer 2013; Source: YC
Awesometalk,awesometalk.com,,inactive,consumer,,Free video calling without the hassle.; YC Winter 2014; Source: YC
Futureleague,futureleague.co,,inactive,consumer,,Engineering and Programming for Kids 6-12 with a focus on creativity;…; YC Winter 2014; Source: YC
Threadable,threadable.com,,inactive,b2b,,"Mailing lists 2.0. 
Threadable makes group email less noisy and more…; YC Winter 2014; Source: YC"
Dating Ring,datingring.com,,inactive,consumer,,In person matchmaking meets group dating. We do the work. You go on…; YC Winter 2014; Source: YC
Yumbin,yumbin.com,,inactive,b2b,,App replaces office vending.; YC Winter 2014; Source: YC
Drive Pulse,drivepulseapp.com,,inactive,consumer,,Device tracks & monitors your car; YC Winter 2014; Source: YC
MadeSolid,madesolid.com,,inactive,industrials,,Functional 3D printing materials.; YC Winter 2014; Source: YC
Move Loot,moveloot.com,,inactive,consumer,,Move Loot is the most convenient and economical way to buy and sell…; YC Winter 2014; Source: YC
HoverChat,hoverchat.com,,inactive,fintech,,Message without interrupting what you're doing; YC Winter 2014; Source: YC
MerryMint,merrymint.co,,inactive,b2b,,Virtual activities for remote teams; YC Winter 2014; Source: YC
Shopagram,shopagram.co,,inactive,consumer,,Next Generation Home Shopping Network; YC Winter 2014; Source: YC
Edyn,edyn.com,,inactive,industrials,,Nest for lawn and garden; YC Winter 2014; Source: YC
Style Lend,stylelend.com,,inactive,consumer,,Marketplace for Luxury Fashion Rentals.; YC Winter 2014; Source: YC
Terravion,terravion.com,,inactive,industrials,,Real time Google Earth for agriculture -- imagery collected weekly…; YC Winter 2014; Source: YC
Unicornly,unicorn.ly,,inactive,b2b,,Unicorn.ly makes fundraising more efficient for both angel investors…; YC Winter 2014; Source: YC
ZowPow,zowpow.com,,inactive,consumer,,Wireless toy game controllers for mobile games.; YC Winter 2014; Source: YC
AirPair,airpair.com,,inactive,b2b,,Instant access to the world's best software experts via video chat…; YC Winter 2014; Source: YC
Whirlscape,getdango.com,,inactive,consumer,,Mobile keyboards + emoji + deep learning. We make Dango. We also made…; YC Winter 2014; Source: YC
Bannerman,bannerman.com,,inactive,b2b,,Security Guard Company Marketplace; YC Summer 2014; Source: YC
SpringWit,springwit.com,,inactive,healthcare,,Brain health and awareness; YC Summer 2014; Source: YC
Bikanta,bikanta.com,,inactive,healthcare,,Nano-diamonds for cancer detection; YC Summer 2014; Source: YC
Billforward,billforward.io,,inactive,fintech,,Subscription billing; rate plan management and analytics as a…; YC Summer 2014; Source: YC
Doblet,doblet.com,,inactive,b2b,,Doblet solves the phone battery problem.  We're building the first…; YC Summer 2014; Source: YC
Owners Circle,ownerscircle.com,,inactive,fintech,,Kickstarter for local businesses; YC Summer 2014; Source: YC
Fixed,getfixed.me,,inactive,consumer,,iPhone app to fight your parking tickets.; YC Summer 2014; Source: YC
Flytenow,flytenow.com,,inactive,consumer,,Ride sharing for small planes; YC Summer 2014; Source: YC
TAXA Biotechnologies,taxa.com,,inactive,healthcare,,We enable cheaper; faster; and better genetic engineering of plants.…; YC Summer 2014; Source: YC
VizeraLabs,vizeralabs.com,,inactive,b2b,,Augmented reality through projectors; YC Summer 2014; Source: YC
Naytev,naytev.com,,inactive,b2b,,Naytev automates paid and organic social media management in one place; YC Summer 2014; Source: YC
Neptune.io,neptune.io,,inactive,b2b,,A self-healing platform to enrich and fix server alerts automatically; YC Summer 2014; Source: YC
Nightingale,nightingaleapp.com,,inactive,healthcare,,App for managing care of autistic students; YC Summer 2014; Source: YC
In Your Corner,inyourcorneronline.com,,inactive,healthcare,,We've transformed traditional therapy into an experience that is…; YC Summer 2014; Source: YC
Cheddar,cheddar.io,,inactive,fintech,,The Best Mobile Checking Account; YC Summer 2014; Source: YC
Roost,goroost.com,,inactive,b2b,,Web push notifications.; YC Summer 2014; Source: YC
Shout,useshout.com,,inactive,consumer,,Real-Time Classifieds; YC Summer 2014; Source: YC
SalesSift,salessift.com,,inactive,b2b,,Intelligent Lead Sourcing; YC Summer 2014; Source: YC
HauteDay,hauteday.com,,inactive,consumer,,Gaming Meets Women's Shopping.; YC Summer 2014; Source: YC
Paid,paidlabs.com,,inactive,b2b,,Autopilot for Accounts Receivable; YC Summer 2014; Source: YC
Think Gaming,thinkgaming.com,,inactive,b2b,,We provide market data on the mobile games business to developers;…; YC Summer 2014; Source: YC
Tinker,tinkercorp.com,,inactive,fintech,,Digital Currency Market Making; YC Summer 2014; Source: YC
Weave,weave.in,,inactive,consumer,,AI-assisted professional networking.; YC Summer 2014; Source: YC
Whirl,getwhirl.com,,inactive,b2b,,Pay instantly with your fingerprint.; YC Summer 2014; Source: YC
Zoomer,zoomerdelivery.com,,inactive,consumer,,Outsourced; high volume food delivery.; YC Summer 2014; Source: YC
Beep,beepnetworks.com,,inactive,industrials,,Cellular networks for IoT.; YC Summer 2014; Source: YC
Zenamins,zenamins.com,,inactive,consumer,,Personalized health company doing customized vitamin packs on…; YC Summer 2014; Source: YC
3dot,3dot.com,,inactive,consumer,,YC Winter 2015; Source: YC
20n,20n.com,,inactive,healthcare,,Using AI to predict biochemistry for manufacturing and therapeutics; YC Winter 2015; Source: YC
Booktrope,booktrope.com,,inactive,b2b,,Booktrope provides a software platform that makes it easy for…; YC Winter 2015; Source: YC
Cribspot,cribspot.com,,inactive,real-estate/construction,,Tech-Enabled Real Estate Company (YC W15); YC Winter 2015; Source: YC
SparkGift,sparkgift.com,,inactive,fintech,,SparkGift makes it easy to send stocks and index funds as gifts to…; YC Winter 2015; Source: YC
Instavest,goinstavest.com,,inactive,fintech,,YC Winter 2015; Source: YC
Kickpay,kickpay.com,,inactive,b2b,,A platform to finance inventory for e-commerce companies.; YC Winter 2015; Source: YC
Omniref,omniref.com,,inactive,b2b,,"Sticky notes for code.

(We're building a community-powered;…; YC Winter 2015; Source: YC"
Pakible,pakible.com,,inactive,b2b,,We make it insanely easy to design; price; and manufacture custom…; YC Winter 2015; Source: YC
ReSchedule Med,reschedulemed.com,,inactive,healthcare,,We help medical residency programs create and manage their schedules;…; YC Winter 2015; Source: YC
Shift Messenger,shiftmessenger.com,,inactive,b2b,,Real-time communication solution for retail and restaurant employees.; YC Winter 2015; Source: YC
Rare Door,raredoor.com,,inactive,consumer,,Empowering brick-and-mortar retailers to sell more and engage shoppers; YC Winter 2015; Source: YC
Underground Cellar,undergroundcellar.com,,inactive,consumer,,Upgrading Your Wine Experience; YC Winter 2015; Source: YC
Dealyze,dealyze.com,,inactive,b2b,,Dealyze helps national retailers build exceptional customer and…; YC Winter 2015; Source: YC
Glassjar,glassjar.co,,inactive,fintech,,Clean app for check writing; YC Winter 2015; Source: YC
Nextop,nextop.io,,inactive,b2b,,Nextop optimizes the path between your app and backend. Client…; YC Winter 2015; Source: YC
Cinder,cindercooks.com,,inactive,consumer,,The World’s First Countertop Precision Grill –  using two ceramic…; YC Winter 2015; Source: YC
Dabble,dabble.so,,inactive,b2b,,A synthetic photo studio for e-commerce; YC Winter 2015; Source: YC
Pigeonly,pigeonly.com,,inactive,consumer,,The affordable way to search; find & communicate with an incarcerated…; YC Winter 2015; Source: YC
Priime,priime.com,,inactive,consumer,,Priime is a company dedicated to advancements in technology around…; YC Winter 2015; Source: YC
Rescue Forensics,rescueforensics.com,,inactive,government,,Actionable human trafficking intelligence; YC Winter 2015; Source: YC
Spoil,spoil.co,,inactive,consumer,,Spoil is gifting for the Snapchat generation.; YC Winter 2015; Source: YC
Standard Cyborg,standardcyborg.com,,inactive,healthcare,,Buid; test and deploy perception applications; YC Winter 2015; Source: YC
Transcriptic,transcriptic.com,,inactive,healthcare,,The robotic cloud laboratory for the life sciences.; YC Winter 2015; Source: YC
VetPronto,vetpronto.com,,inactive,healthcare,,On demand veterinary house calls.; YC Winter 2015; Source: YC
Wink Health,winkhealth.com,,inactive,healthcare,,The digital sleep clinic; YC Winter 2015; Source: YC
Bagaveev Corporation,bagaveev.com,,inactive,industrials,,Launch small satellites; YC Winter 2015; Source: YC
Lully,lullysleep.com,,inactive,healthcare,,Lully is developing an under-the-mattress technology that precisely…; YC Winter 2015; Source: YC
Automate Ads,kuhcoon.com,,inactive,b2b,,On a mission to programmatically automate; optimize; and unify your…; YC Winter 2015; Source: YC
Nomiku,nomiku.com,,inactive,consumer,,Wave our food in front of your Nomiku and have dinner for everyone…; YC Winter 2015; Source: YC
ThinAir,thinair.com,,inactive,b2b,,Intelligent data security for teams; YC Winter 2015; Source: YC
Serica,sericapay.com,,inactive,fintech,,Financial payment and loan services for the Medical Cannabis and…; YC Summer 2015; Source: YC
Roomblocker,roomblocker.com,,inactive,consumer,,Hotel booking for groups and events.; YC Summer 2015; Source: YC
ROSS Intelligence,rossintelligence.com,,inactive,b2b,,ROSS is an AI-powered legal research platform that can read and…; YC Summer 2015; Source: YC
Vernox,vernox.io,,inactive,real-estate/construction,,Production planning software for construction teams.  Like Asana or…; YC Summer 2015; Source: YC
Hickory,hickorytraining.com,,inactive,b2b,,Hickory turns your employees into experts.; YC Summer 2015; Source: YC
Airmada,airmada.com,,inactive,industrials,,Autonomous ground stations for drones; YC Summer 2015; Source: YC
Call9,callnine.com,,inactive,healthcare,,YC Summer 2015; Source: YC
CareLedger,careledger.com,,inactive,healthcare,,CareLedger helps companies save money on healthcare expenses by…; YC Summer 2015; Source: YC
Shotput,theshotput.com,,inactive,b2b,,Shotput (S15) develops AI and robotics to completely automate…; YC Summer 2015; Source: YC
Stitch Health,stitch.health,,inactive,healthcare,,Care Coordination Platform for Healthcare; YC Summer 2015; Source: YC
Afrostream,afrostream.tv,,inactive,consumer,,AFROSTREAM is Netflix for African-American and African  content…; YC Summer 2015; Source: YC
Apollo Health,apollo.com,,inactive,consumer,,YC Summer 2015; Source: YC
Bistrobot,bistrobot.com,,inactive,b2b,,We make robots that make sandwiches.; YC Summer 2015; Source: YC
jEugene,jeugene.com,,inactive,b2b,,jEugene highlights undefined terms and unused definitions in legal…; YC Summer 2015; Source: YC
Leada,teamleada.com,,inactive,education,,Online enterprise training in data science and analytics.…; YC Summer 2015; Source: YC
Locent,locent.com,,inactive,b2b,,Locent is an automated messaging platform for companies; YC Summer 2015; Source: YC
Ohm,getohm.com,,inactive,industrials,,Never jump start your car again.; YC Summer 2015; Source: YC
Prayas Analytics,prayasanalytics.com,,inactive,b2b,,A/B testing for brick-and-mortar stores.; YC Summer 2015; Source: YC
Reduced Energy Microsystems,remicro.com,,inactive,industrials,,Building the lowest-power silicon for embedded deep learning and…; YC Summer 2015; Source: YC
Seva Coffee,sevacoffee.com,,inactive,consumer,,We're changing the world of coffee; one personalized cup at a time.; YC Summer 2015; Source: YC
Traversal Networks,traversalnetworks.com,,inactive,b2b,,Enterprise Threat Detection: Tuning; Triage; and Analysis by Experts.; YC Summer 2015; Source: YC
Saida,getsaida.com,,inactive,fintech,,A bank account that lets you easily separate; spend and track money; YC Summer 2015; Source: YC
Maderight,maderight.com,,inactive,b2b,,Global Manufacturing; Simplified; YC Summer 2015; Source: YC
Fetch,fetchtruck.com,,inactive,consumer,,Marketplace for self-service truck rental.; YC Summer 2015; Source: YC
Wheelys Café,wheelyscafe.com,,inactive,consumer,,Worlds smallest and friendliest café franchise. 'The Bike-Powered…; YC Summer 2015; Source: YC
Klarismo,klarismo.com,,inactive,healthcare,,Klarismo turns your body into an interactive experience. We built a…; YC Summer 2015; Source: YC
StyleBee,stylebee.com,,inactive,consumer,,marketplace for beauty services delivered at the convenience of…; YC Summer 2015; Source: YC
Halolife,halolife.com,,inactive,consumer,,Halolife is an online platform to find and plan a burial or cremation…; YC Summer 2015; Source: YC
VOIQ,voiq.com,,inactive,b2b,,Conversational AI VoiceBots for Business; YC Summer 2015; Source: YC
Compgun,compgun.com,,inactive,b2b,,Sales commission software that grows revenue.; YC Winter 2016; Source: YC
VINEBOX (Usual Beverage Co.),getvinebox.com,,inactive,consumer,,Wine by the glass; delivered; YC Winter 2016; Source: YC
AlphaFlow,alphaflow.com,,inactive,fintech,,AlphaFlow is a technology-driven investment manager.; YC Winter 2016; Source: YC
Algoriz,algoriz.com,,inactive,fintech,,Algoriz is an AI based algorithmic trading platform that enables you…; YC Winter 2016; Source: YC
Toymail,toymail.co,,inactive,consumer,,Connected toys that enable two-way voice messaging between children…; YC Winter 2016; Source: YC
UpLabs,uplabs.com,,inactive,b2b,,UpLabs is the #1 marketplace for designers & developers to find…; YC Winter 2016; Source: YC
WorldCover,worldcovr.com,,inactive,fintech,,Funding platform for global insurance; starting with crop insurance…; YC Winter 2016; Source: YC
Chillabit,chillabit.io,,inactive,consumer,,Chillabit is the best way to procrastinate! It’s a live feed of funny…; YC Winter 2016; Source: YC
DoseDr,dosedr.com,,inactive,healthcare,,Helping diabetes patients use the correct amount of insulin;…; YC Winter 2016; Source: YC
InnoVein,innoveinmedical.com,,inactive,healthcare,,We cure intractable leg wounds with a replacement valve for veins.; YC Winter 2016; Source: YC
Inevitable Tech,inevitabletech.com,,inactive,industrials,,To make food a renewable resource; for everyone; YC Winter 2016; Source: YC
Bus.com,bus.com,,inactive,b2b,,The easiest way to charter a bus in North America.; YC Winter 2016; Source: YC
Unima,unimadx.com,,inactive,healthcare,,Fast and low-cost diagnostics for real time disease surveillance; YC Winter 2016; Source: YC
Enflux,getenflux.com,,inactive,healthcare,,Motion capture clothing for injury prevention; YC Winter 2016; Source: YC
Open Motors,openmotors.co,,inactive,industrials,,Open Motors (formerly OSVehicle) is a B2B company that is developing…; YC Winter 2016; Source: YC
Start Closing,startclosing.com,,inactive,real-estate/construction,,Start Closing is changing the way homeowners and contractors interact…; YC Winter 2016; Source: YC
Monthli,monthli.com,,inactive,real-estate/construction,,Monthli is the first marketplace for homeowner associations.  We…; YC Winter 2016; Source: YC
Castle,entercastle.com,,inactive,real-estate/construction,,Castle manages rental homes using automation and on-demand labor.; YC Winter 2016; Source: YC
ConstructVR,constructvr.io,,inactive,consumer,,The simplest way to test; manage; and deploy VR/AR apps at scale.; YC Winter 2016; Source: YC
Interstate Analytics,interstateanalytics.com,,inactive,b2b,,Multi-Touch Marketing Analytics; YC Winter 2016; Source: YC
Patchwork Security,patchworksecurity.com,,inactive,b2b,,Security patch notifications for servers. Build it; deploy it; and…; YC Winter 2016; Source: YC
Poppy,meetpoppy.com,,inactive,consumer,,Poppy makes it easy for parents to find high quality childcare with…; YC Winter 2016; Source: YC
Anchor Health,anchorhealth.com,,inactive,healthcare,,Modernizing home health care agencies with software; hardware; and…; YC Winter 2016; Source: YC
TRAC,tracchicago.com,,inactive,healthcare,,An end to end timing solution for any scale athletic event.; YC Winter 2016; Source: YC
Elucify,getelucify.com,,inactive,b2b,,Elucify is an API that plugs into your CRM which automatically cleans…; YC Winter 2016; Source: YC
Envyl,envyl.com,,inactive,consumer,,Envyl enables a fast; reliable and cost effective peer to peer…; YC Winter 2016; Source: YC
Cover,cover.com,,inactive,fintech,,The mobile-first insurance platform that makes insurance easy.; YC Winter 2016; Source: YC
Georgette Packaging,georgettepackaging.com,,inactive,b2b,,Carbon neutral packaging for ambitious businesses.; YC Winter 2016; Source: YC
Kisan Network,kisannetwork.com,,inactive,industrials,,Tech enabled and fully integrated PAN India agri produce supply chain; YC Winter 2016; Source: YC
Real Artists,realartists.com,,inactive,b2b,,We make a fast and native issue tracker for software projects.; YC Winter 2016; Source: YC
Restocks,restocks.io,,inactive,consumer,,Buy sneakers and streetwear here; YC Winter 2016; Source: YC
Silver,scansilver.com,,inactive,consumer,,Low cost consumer device for toxin detection.; YC Winter 2016; Source: YC
Pathmind,pathmind.com,,inactive,b2b,,Pathmind helps industrial engineers and simulation modelers achieve…; YC Winter 2016; Source: YC
Unnyhog,unnyhog.com,,inactive,consumer,,Video game development company.We are creating unique and…; YC Winter 2016; Source: YC
Index,index.io,,inactive,b2b,,Mapping the world's professional relationships.; YC Winter 2016; Source: YC
StrongIntro,strongintro.com,,inactive,b2b,,StrongIntro helps recruiters turn their entire company into a source…; YC Winter 2016; Source: YC
Streamup,streamup.com,,inactive,consumer,,Streamup is a live streaming community for music. We make it fun and…; YC Winter 2016; Source: YC
Modal,modalup.com,,inactive,b2b,,digital commerce for the world’s largest auto retailers and brands.; YC Winter 2016; Source: YC
PhysioHealth,physioh.com,,inactive,healthcare,,An enterprise health benefits platform that rewards employees for…; YC Winter 2016; Source: YC
Direct Match,directmatchx.com,,inactive,fintech,,YC Winter 2015; Source: YC
Mindori,mindori.com,,inactive,b2b,,Mindori builds white-label voice search for e-commerce apps.; YC Summer 2016; Source: YC
SmartSite,smartsitesafety.com,,inactive,real-estate/construction,,Smartsite is a hardware device to protect workers from health risks…; YC Summer 2016; Source: YC
Selfycart,selfycart.com,,inactive,b2b,,Selfycart - let's grocery shoppers scan items and checkout on their…; YC Summer 2016; Source: YC
Sixa,sixa.io,,inactive,b2b,,Personal computer in the cloud; YC Summer 2016; Source: YC
PatientBank,patientbank.us,,inactive,healthcare,,Get medical records online—from any doctor or hospital.; YC Summer 2016; Source: YC
Hellobill,hellobill.io,,inactive,b2b,,Hellobill aggregates all your business bills; automatically; every…; YC Summer 2016; Source: YC
Farmstead,farmsteadapp.com,,inactive,consumer,,An AI-powered digital grocer that delivers in under 60 mins.; YC Summer 2016; Source: YC
RigPlenish,rigplenish.com,,inactive,healthcare,,On average each Ambulance run is two hours long; 40 minutes is spent…; YC Summer 2016; Source: YC
Whyd,whyd.com,,inactive,consumer,,We make a beautiful; great sounding; voice-controlled speaker.; YC Summer 2016; Source: YC
Hush,shophush.com,,inactive,consumer,,Hush is the top social commerce app in the United States.; YC Summer 2016; Source: YC
Sway Finance,swayfinance.com,,inactive,b2b,,Sway is bringing AI to the accounting industry; YC Summer 2016; Source: YC
Metapacket,metapacket.com,,inactive,b2b,,Metapacket is the first selective web gateway that stops malware by…; YC Summer 2016; Source: YC
Looklive,looklive.com,,inactive,consumer,,Looklive is a community and marketplace for fashion.  Users browse…; YC Summer 2016; Source: YC
Haywheel,haywheel.com,,inactive,b2b,,Haywheel is an artisan food marketplace for restaurants and specialty…; YC Summer 2016; Source: YC
CoinTent,cointent.com,,inactive,b2b,,Recover revenue lost to ad blockers; YC Summer 2016; Source: YC
Shield Bio,shieldbio.com,,inactive,healthcare,,Bringing 3rd generation; nanopore sequencing to healthcare to solve…; YC Summer 2016; Source: YC
Clip Health,cliphealth.com,,inactive,healthcare,,Testing & treatment at home; in minutes; for chronic & acute disease; YC Summer 2016; Source: YC
Mosaix.ai,mosaix.ai,,inactive,consumer,,Mosaix builds the NLP for the local languages at the emerging markets.; YC Summer 2016; Source: YC
Robby Technologies,robby.io,,inactive,industrials,,We are building a fleet of autonomous mobile robots that travel on…; YC Summer 2016; Source: YC
Coub,coub.com,,inactive,consumer,,Coub is YouTube for video loops. You can take any video from YouTube;…; YC Summer 2016; Source: YC
Kenota (formerly ExVivo Labs),kenota.com,,inactive,healthcare,,Kenota is revolutionizing the way we test for disease; YC Summer 2016; Source: YC
Sage Care,getsagecare.com,,inactive,healthcare,,Get care at home for mom or dad from trusted professionals in their…; YC Summer 2016; Source: YC
Airo Health,airohealth.com,,inactive,healthcare,,Airo is an AI to passively track and manage your mental health.; YC Summer 2016; Source: YC
Drivezy,drivezy.com,,inactive,consumer,,India's largest vehicle sharing platform; turning people's vehicles…; YC Summer 2016; Source: YC
Seerslab,argear.io,,inactive,consumer,,We are providing AR technologies and contents to app developers; YC Summer 2016; Source: YC
Starsky Robotics,starsky.io,,inactive,industrials,,Driverless Trucks; for real.; YC Summer 2016; Source: YC
Scanate/Fellow,joinfellow.com,,inactive,b2b,,API for Invoice Financing; YC Summer 2016; Source: YC
Xberts,xberts.com,,inactive,consumer,,Xberts.com is a community-based marketplace for global hardware…; YC Summer 2016; Source: YC
GTRACK Technologies,gtracktechnologies.com,,inactive,industrials,,Nanoparticle tracers for reservoir characterization during hydraulic…; YC Summer 2016; Source: YC
Abundance Labs,abundancelabs.io,,inactive,consumer,,Abundance Labs incubates and builds alternative currency marketplace…; YC Summer 2016; Source: YC
Ubiq,goubiq.com,,inactive,b2b,,Screen-sharing for enterprise conference rooms; YC Summer 2016; Source: YC
Lendsnap,openfpga.ai,,inactive,fintech,,The Digital Mortgage Company.; YC Summer 2016; Source: YC
Reebeez,reebeez.co,,inactive,industrials,,Reebeez creates powerful microengines for UAVs. With a 2hr + flight…; YC Summer 2016; Source: YC
SkyLights,skylights.aero,,inactive,consumer,,Premium immersive cinematic VR entertainment for captive audiences; YC Summer 2016; Source: YC
Trade,tradeghana.co,,inactive,industrials,,We're building Africa's Commodity Exchange.; YC Winter 2017; Source: YC
boxouse,boxouse.com,,inactive,real-estate/construction,,portable; affordable; beautiful smart homes; YC Winter 2017; Source: YC
Cowlar,cowlar.com,,inactive,industrials,,Fitbit for dairy cows. Farms use cowlar's alerts & recommendations to…; YC Winter 2017; Source: YC
Pearl,getpearlcoffee.com,,inactive,b2b,,The future of office coffee.  Keurig convenience meets cafe quality.; YC Winter 2017; Source: YC
Riley,getrileynow.com,,inactive,real-estate/construction,,MailChimp for SMS; YC Winter 2017; Source: YC
Pit.AI,pit.ai,,inactive,fintech,,Solving intelligence for investment management.; YC Winter 2017; Source: YC
LitHit,lithit.com,,inactive,consumer,,Smart Target for Shooting Sports; YC Winter 2017; Source: YC
Pulse,getpulse.care,,inactive,healthcare,,Electronic Medical Records for India; YC Winter 2017; Source: YC
Cartcam,cartcam.com,,inactive,consumer,,Cartcam is an app for opinionated; deal-seeking shoppers.  It gives…; YC Winter 2017; Source: YC
Zinc Platform,zincplatform.com,,inactive,fintech,,Insurance Distribution Infrastructure; YC Winter 2017; Source: YC
Beek,beek.io,,inactive,consumer,,Leading audio subscription platform for Spanish content and creators; YC Winter 2017; Source: YC
Tress,tressapp.co,,inactive,consumer,,Tress is a social community for black women's hairstyles. We are…; YC Winter 2017; Source: YC
Sudden Coffee,suddencoffee.com,,inactive,consumer,,Crystallized coffee that's better than fresh Starbucks; YC Winter 2017; Source: YC
VanGo,ridevango.com,,inactive,consumer,,Uber for Kids; YC Winter 2017; Source: YC
Origin,eatorigin.com,,inactive,b2b,,Keurig for healthy smoothies.; YC Winter 2017; Source: YC
Entry,getentry.com,,inactive,b2b,,Biometric sign in and identity verification platform; YC Winter 2017; Source: YC
Volt Health,volthealth.com,,inactive,healthcare,,Volt Health is developing medical devices that deliver electrical…; YC Winter 2017; Source: YC
InnaMed,innamed.com,,inactive,healthcare,,At-home blood testing: measure + analyze + enhance.; YC Winter 2017; Source: YC
Fibo,fiboapp.com,,inactive,b2b,,SaaS calendar and messaging for SMBs; YC Winter 2017; Source: YC
Sycamore,mysycamore.com,,inactive,b2b,,Marketplace for companies to add a delivery driver in 5 minutes.; YC Winter 2017; Source: YC
Rally Tennis,rallytennis.com,,inactive,consumer,,Join tennis league and play competitively with people nearby; YC Winter 2017; Source: YC
Firsthand,shopfirsthand.com,,inactive,b2b,,Firsthand makes software-enabled; self-serve retail kiosks that carry…; YC Winter 2017; Source: YC
Arylla,arylla.com,,inactive,industrials,,We connect products to the internet using an invisible; chip-less tag; YC Winter 2017; Source: YC
Neema,getneema.com,,inactive,fintech,,Neema is an app for unbanked workers; which provides a checking…; YC Winter 2017; Source: YC
FloydHub,floydhub.com,,inactive,b2b,,ML Platform for developing; training and deploying ML models; YC Winter 2017; Source: YC
Smart Alto,smartalto.com,,inactive,real-estate/construction,,Easiest way to set appointments with real estate leads; YC Winter 2017; Source: YC
Marketfox,marketfox.io,,inactive,b2b,,Marketing automation platform optimized for mobile and web.; YC Winter 2017; Source: YC
Bicycle AI,bicycleai.com,,inactive,b2b,,Bicycle AI provides customer support as a service. We work on top of…; YC Winter 2017; Source: YC
Voodoo Manufacturing,voodoomfg.com,,inactive,industrials,,AWS for manufacturing.; YC Winter 2017; Source: YC
SourceBeacon,sourcebeacon.com,,inactive,consumer,,SourceBeacon is an on-demand procurement concierge for sourcing…; YC Winter 2017; Source: YC
Niles,niles.ai,,inactive,b2b,,Knowledge Assistant for Work.; YC Winter 2017; Source: YC
Anasen,anasen.com,,inactive,b2b,,Anasen is an app that makes data analysis easy and accessible to…; YC Winter 2017; Source: YC
Passerine Aircraft,passerineaircraft.com,,inactive,industrials,,Passerine Aircraft is building the next generation of dronesWe are…; YC Summer 2017; Source: YC
Sunfolding,sunfolding.com,,inactive,industrials,,Sunfolding builds next generation infrastructure for solar farms.  By…; YC Summer 2017; Source: YC
Fam,famapp.com,,inactive,consumer,,Video calling social network to talk with friends and make new friends; YC Summer 2017; Source: YC
Pathrise,pathrise.com,,inactive,education,,YC for your career; YC Summer 2017; Source: YC
Dropleaf,dropleaf.io,,inactive,consumer,,Subscription service for all you can play indie PC games.; YC Summer 2017; Source: YC
Gameday,playgameday.com,,inactive,consumer,,Play fantasy sports with friends on Facebook Messenger; YC Summer 2017; Source: YC
Sixty,usesixty.com,,inactive,b2b,,On demand web app help; YC Summer 2017; Source: YC
Value Voting,valuevoting.com,,inactive,government,,Platform to defeat political extremism through strategic primary…; YC Summer 2017; Source: YC
Greo,greo.com,,inactive,consumer,,Greo is a mobile video app for conversations about current events.; YC Summer 2017; Source: YC
Mystro,mystrodriver.com,,inactive,consumer,,Mystro is an app that makes rideshare drivers up to 30% more money by…; YC Summer 2017; Source: YC
Semantix,semantix.ai,,inactive,healthcare,,AI for medical billing; YC Summer 2017; Source: YC
Covetly,covetly.com,,inactive,consumer,,#1 Collectibles Marketplace: Authentic Vinyl Toys; Comics; Funko Pop; YC Summer 2017; Source: YC
Caelum Health,caelumhealth.com,,inactive,healthcare,,Caelum Health is replacing drugs with software. We use behavioral…; YC Summer 2017; Source: YC
Slik,slik.ai,,inactive,b2b,,Slik enables the long tail to use email outreach.; YC Summer 2017; Source: YC
RideAlong,getridealong.com,,inactive,government,,We save lives by giving police and health workers key info to safely…; YC Summer 2017; Source: YC
Spect,getspect.com,,inactive,healthcare,,Value-based retinal screening in primary care to prevent blindness.; YC Summer 2017; Source: YC
Storyboard,storyboard.com,,inactive,consumer,,Social media management tool for Instagram and Snapchat; YC Summer 2017; Source: YC
Piggy,piggy.co.in,,inactive,fintech,,App for Indians to make investments in mutual funds; manage their…; YC Summer 2017; Source: YC
Goosebump,m.me,,inactive,consumer,,Find the best electronic music events in a single message.; YC Summer 2017; Source: YC
PreDxion Bio,predxionbio.com,,inactive,healthcare,,Rapid; scalable diagnostic for SARS-CoV-2 and beyond; YC Summer 2017; Source: YC
Modular Science,modularscience.com,,inactive,industrials,,We're making it easier to do sustainable farming.; YC Summer 2017; Source: YC
And Comfort,andcomfort.com,,inactive,consumer,,And Comfort is a direct to consumer fashion brand.; YC Summer 2017; Source: YC
WATERFX,wacomet.com,,inactive,industrials,,The world's first 100% sustainable water provider (aka alternative…; YC Summer 2017; Source: YC
Sunu,sunu.com,,inactive,consumer,,Audio and Haptics AR interface equipping blind users with super powers; YC Summer 2017; Source: YC
Fastpad,fastpad.com,,inactive,b2b,,Hiring Software for India; YC Summer 2017; Source: YC
Guggy,guggy.com,,inactive,consumer,,Guggy is building the messaging app of the future with real time;…; YC Summer 2017; Source: YC
Gamelynx,gamelynx.gg,,inactive,consumer,,Easily watchable cross-platform competitive games.; YC Summer 2017; Source: YC
Commissary Club (formerly 70 Million Jobs),commissary.club,,inactive,consumer,,First agentic AI-powered community for 1 billion people with criminal…; YC Summer 2017; Source: YC
Polly,polly.fun,,inactive,consumer,,Polly is a social polling app for Snapchat and Instagram stories.; YC Summer 2017; Source: YC
Cambridge Cancer Genomics,ccg.ai,,inactive,healthcare,,CCG.ai empowers clinicians to make personalised treatment strategies…; YC Summer 2017; Source: YC
Social Construct,socialconstructco.com,,inactive,real-estate/construction,,Social Construct designs and assembles large apartment buildings …; YC Summer 2017; Source: YC
Bumpline,bumpline.com,,inactive,healthcare,,Captain Tailor is the Uber for tailoring.; YC Summer 2017; Source: YC
NextDrop,thenextdrop.com,,inactive,industrials,,NextDrop is the water marketplace for urban India.  We connect water…; YC Summer 2017; Source: YC
WheelStreet,wheelstreet.com,,inactive,consumer,,WheelStreet is a Motorbike rental marketplace that connects…; YC Summer 2017; Source: YC
Jellyfish Art,jellyfishart.com,,inactive,consumer,,YC Winter 2012; Source: YC
Sketchbox,sketchbox3d.com,,inactive,consumer,,Wordpress for AR & VR; YC Winter 2018; Source: YC
California Dreamin,drinkdreamin.com,,inactive,consumer,,Cannabis infused beverages; YC Winter 2018; Source: YC
Ovipost,ovipost.com,,inactive,industrials,,Automated insect farming; YC Winter 2018; Source: YC
Rhythmm,getrhythmm.com,,inactive,consumer,,Read interesting conversations; YC Winter 2018; Source: YC
Necto,joinnecto.com,,inactive,consumer,,ISP starter kit; YC Winter 2018; Source: YC
Mighty Buildings,mightybuildings.com,,inactive,real-estate/construction,,3D printing beautiful; high-quality; and sustainable homes.; YC Winter 2018; Source: YC
Tipe,tipe.io,,inactive,b2b,,Open-source; customizable; headless CMS; YC Winter 2018; Source: YC
Closer Sports,closersports.com,,inactive,healthcare,,Mobile streaming platform connecting professional athletes with their…; YC Winter 2018; Source: YC
Skip,rideskip.com,,inactive,consumer,,Electric scooters for reliable last-mile transportation.; YC Winter 2018; Source: YC
OurMenu,ourmenu.io,,inactive,b2b,,YC Winter 2018; Source: YC
Tingles,gettingles.com,,inactive,consumer,,Find content that helps you relax and fall asleep.; YC Winter 2018; Source: YC
Reverie Labs,reverielabs.com,,inactive,healthcare,,Engineering next-generation; brain-penetrant cancer therapies.; YC Winter 2018; Source: YC
Curious Fictions,curiousfictions.com,,inactive,consumer,,Patreon for professional authors.; YC Winter 2018; Source: YC
EnvKey,envkey.com,,inactive,b2b,,End-to-end encrypted configuration and secrets management; YC Winter 2018; Source: YC
Correlia Biosystems,correliabio.com,,inactive,healthcare,,Next-gen blood testing to provide 1000x more data to pharma companies; YC Winter 2018; Source: YC
Openland,openland.com,,inactive,consumer,,Messenger for communities; YC Winter 2018; Source: YC
Aalo,aalo.co,,inactive,consumer,,Lego-like furniture for design geeks. We create furniture that's…; YC Winter 2018; Source: YC
Viaopt,viaopt.com,,inactive,b2b,,Uber pool for corporate trucking fleets; YC Winter 2018; Source: YC
Meson,meson.fi,,inactive,consumer,,Meson is a stablecoin swap protocol among blockchains and Layer 2s; YC Winter 2018; Source: YC
Haiku,haikuforteams.com,,inactive,b2b,,Collaboration tools for software companies; YC Winter 2018; Source: YC
miru,miruhome.com,,inactive,b2b,,Experience any piece of furniture in AR; YC Winter 2018; Source: YC
Storyline,producthunt.com,,inactive,b2b,,Create Alexa Skills without coding; YC Winter 2018; Source: YC
Nutrigene,mynutrigene.com,,inactive,consumer,,Personalized liquid supplements based your health data; YC Winter 2018; Source: YC
Station,stationhq.com,,inactive,b2b,,Your team’s automated knowledge base; YC Winter 2018; Source: YC
Vathys,vathys.ai,,inactive,industrials,,Accelerating machine learning through software; YC Winter 2018; Source: YC
Shone,shone.com,,inactive,industrials,,Shone makes existing cargo ships autonomous through retrofit.; YC Winter 2018; Source: YC
Pagedraw,pagedraw.io,,inactive,b2b,,Pagedraw is a platform for productionizing designs into code.  Thanks…; YC Winter 2018; Source: YC
OSIMple,osimple.co,,inactive,real-estate/construction,,Software for inspectors to automate their paper workflow.; YC Winter 2018; Source: YC
Atrium,atrium.co,,inactive,b2b,,Modern law firm for startups powered by proprietary technology; YC Winter 2018; Source: YC
Voicery,voicery.com,,inactive,b2b,,Automated voice acting and emotive speech synthesis with deep neural…; YC Winter 2018; Source: YC
Iambiq Technologies,iambiqtech.com,,inactive,b2b,,YC Winter 2018; Source: YC
Secured,secured.community,,inactive,consumer,,Tools for Sneaker; NFT & web3 investors; YC Winter 2018; Source: YC
Ben,ben.co,,inactive,fintech,,The easiest way to learn about; buy; and store cryptocurrency.; YC Winter 2018; Source: YC
Point API,pointapi.com,,inactive,b2b,,Point stores things you send over and over again and helps you re-use…; YC Winter 2018; Source: YC
Hexel,onhexel.com,,inactive,consumer,,Create a cryptocurrency for your community.; YC Winter 2018; Source: YC
Warpdrive by Synthetic Minds,warpdrive.co,,inactive,b2b,,From screen recordings to desktop automations using program synthesis; YC Summer 2018; Source: YC
Elpha,elpha.com,,inactive,consumer,,Professional network for women; YC Summer 2019; Source: YC
Lambda Tea,lambdatea.com,,inactive,consumer,,We build self-serve bubble tea dispensers! :D; YC Winter 2018; Source: YC
Penta Medical,pentavo.com,,inactive,healthcare,,Smart hardware for injury recovery.; YC Summer 2018; Source: YC
User Hero,userhero.io,,inactive,b2b,,A hub for all your user research.; YC Summer 2018; Source: YC
ExceptionALLY,growexceptionally.com,,inactive,education,,Affordable expertise for special needs parenting.; YC Summer 2018; Source: YC
Passenger AI,passenger.ai,,inactive,industrials,,Software for robotaxi operations.; YC Summer 2018; Source: YC
"numericcal, inc.",numericcal.com,,inactive,b2b,,Distributed AI for Industrial Process Monitoring and Optimization.; YC Summer 2018; Source: YC
Satchel,satchel.com,,inactive,fintech,,YC Summer 2018; Source: YC
FREY,frey.com,,inactive,consumer,,FREY is a line of exceptional laundry and clothing care products.…; YC Summer 2018; Source: YC
Xkit,xkit.co,,inactive,b2b,,Universal CRM integration for B2B SaaS apps; YC Summer 2018; Source: YC
Contrast,mismatch.app,,inactive,b2b,,Developer Handoff - Reimagined for Storybook; YC Summer 2018; Source: YC
Inokyo,inokyo.com,,inactive,b2b,,We bring physical stores to the digital age with cashierless checkout.; YC Summer 2018; Source: YC
ShopWith,shopwith.co,,inactive,b2b,,ShopWith is mobile QVC for GenZ.; YC Summer 2018; Source: YC
Mylk Guys,mylkguys.com,,inactive,consumer,,Amazon for Vegans; YC Summer 2018; Source: YC
INKHUNTER,inkhunter.tattoo,,inactive,consumer,,Augmented Reality mobile app to try and buy tattoos; YC Summer 2018; Source: YC
Medinas Health,medinas.com,,inactive,healthcare,,Medinas helps hospitals manage their inventory and buy and sell their…; YC Summer 2018; Source: YC
Spero Foods,sperofoods.co,,inactive,healthcare,,dairy reinvented from plants; YC Summer 2018; Source: YC
Radix Labs,radix.bio,,inactive,healthcare,,Operating systems for biology labs; YC Summer 2018; Source: YC
Grabb-It,grabb-it.io,,inactive,b2b,,Grabb-It is a location based Dynamic Digital - OOH advertising…; YC Summer 2018; Source: YC
Ixora,ixora.org,,inactive,consumer,,We create the digital outdoor environment for a movie.; YC Summer 2018; Source: YC
LabelFlow,labelflow.ai,,inactive,b2b,,GitHub for visual data; YC Summer 2018; Source: YC
Avo,avonow.com,,inactive,consumer,,Online convenience store for residential and office buildings; YC Summer 2018; Source: YC
The Buttermilk Company,thebuttermilkco.com,,inactive,consumer,,Instant; fresh ethnic food that actually taste homemade. We're…; YC Summer 2018; Source: YC
Purple Plate,purpleplate.co,,inactive,consumer,,We license brands for delivery and pick-up; YC Summer 2018; Source: YC
BHRD,bhrdglobal.com,,inactive,b2b,,BHRD ('Be Heard') helps public companies communicate with investors.; YC Summer 2018; Source: YC
FameGame,itunes.apple.com,,inactive,consumer,,Live and interactive TV shows for mobile - starting with American…; YC Summer 2018; Source: YC
The Supplant Company,supplant.com,,inactive,consumer,,A brand-new blend of sugars – made from plant fiber!; YC Summer 2018; Source: YC
Goodly,goodlyapp.com,,inactive,b2b,,Student loan repayment as an employee benefit.; YC Summer 2018; Source: YC
Kobo360,kobo360.com,,inactive,b2b,,Africa's leading supply chain technology platform.; YC Summer 2018; Source: YC
dNovo,dnovobio.com,,inactive,healthcare,,The cure for hair loss.; YC Summer 2018; Source: YC
Perception Biosystems,perception.bio,,inactive,healthcare,,Democratizing gene therapy by reinventing its manufacturing and…; YC Summer 2018; Source: YC
Gerostate Alpha,gerostatealpha.com,,inactive,healthcare,,Developing novel therapeutics for aging and chronic disease; YC Summer 2018; Source: YC
Allo,allocommunity.com,,inactive,consumer,,Allo is an app that helps neighboring families meet and help each…; YC Winter 2019; Source: YC
Pippin / Rent the Backyard,rentthebackyard.com,,inactive,real-estate/construction,,Autonomous homebuilding factory for the $1.7 trillion housing crisis.; YC Summer 2019; Source: YC
Brick Health,brick.health,,inactive,healthcare,,Building infrastructure to expand scope and quality of virtual care; YC Winter 2019; Source: YC
Volk Wireless,volkfi.com,,inactive,consumer,,YC Winter 2019; Source: YC
Vectordash,vectordash.com,,inactive,consumer,,Play high-end PC games on your laptop by streaming them.; YC Winter 2019; Source: YC
Kopa,kopa.co,,inactive,real-estate/construction,,Find furnished rentals and compatible housemates for 1-12 month stays; YC Winter 2019; Source: YC
Pengram,pengramar.com,,inactive,b2b,,Indoor navigation through augmented reality on your phone.; YC Winter 2019; Source: YC
Fit to Form,thefittoform.com,,inactive,consumer,,Fit to Form is a site where women shop for dresses based on their…; YC Summer 2019; Source: YC
SpaceRyde,spaceryde.com,,inactive,industrials,,The Rocket Network: Sustainable & On-Demand Delivery Anywhere in Space; YC Winter 2019; Source: YC
Comradery,comradery.com,,inactive,b2b,,White-label Bookface for companies and communities!; YC Winter 2019; Source: YC
DevFlight,devflight.com,,inactive,b2b,,Managed equipment data pipelines for manufacturers; YC Winter 2019; Source: YC
Green Energy Exchange,getgex.com,,inactive,industrials,,We deliver affordable renewable energy direct to customers and are…; YC Winter 2019; Source: YC
Portal Entryways,portalentryways.com,,inactive,b2b,,Portal Entryways upgrades disabled-accessible doors so they can be…; YC Winter 2019; Source: YC
Avalanche,useavalanche.com,,inactive,b2b,,Referral program SDK for startups; YC Winter 2019; Source: YC
Herald,heraldhq.com,,inactive,b2b,,A collaborative repository for user feedback.; YC Winter 2019; Source: YC
Hutsy,hutsy.co,,inactive,real-estate/construction,,Home Buying on Autopilot; YC Summer 2019; Source: YC
Adventurous Co,adventurous.co,,inactive,consumer,,Disney meets Airbnb Experiences; YC Winter 2019; Source: YC
Basilica,basilica.ai,,inactive,b2b,,Basilica is an API that embeds high-dimensional data like images and…; YC Winter 2019; Source: YC
Simmer,usesimmer.com,,inactive,consumer,,We do reviews for dishes. Our app helps users find the very best…; YC Winter 2019; Source: YC
ResistanceBio,resistance.bio,,inactive,healthcare,,We solve drug resistance for cancer; YC Winter 2019; Source: YC
Evo.Do,evo.do,,inactive,b2b,,QA Bots for Games; YC Winter 2019; Source: YC
Docucharm,docucharm.com,,inactive,b2b,,Automate paperwork by turning documents into structured data.; YC Winter 2019; Source: YC
PerShop,pershop.app,,inactive,consumer,,Your personal clothing store!; YC Winter 2019; Source: YC
Maitian.ai,maitian.ai,,inactive,b2b,,We make $1;000 Amazon Go stores.; YC Winter 2019; Source: YC
BlitzIQ,blitziq.com,,inactive,b2b,,Note taking workspace for B2B sales teams; YC Winter 2019; Source: YC
AuroraQ,auroraq.com,,inactive,industrials,,Building the first practical; integrated quantum computer.; YC Winter 2019; Source: YC
Cherry,startcherry.com,,inactive,b2b,,Cherry lets employees choose their own workplace perks.; YC Winter 2019; Source: YC
CareerTu,careertu.com,,inactive,education,,Online school for Chinese to learn in-demand digital skills; YC Winter 2019; Source: YC
Fuse,letsfuse.com,,inactive,fintech,,Unified API for financial data aggregators.; YC Winter 2019; Source: YC
DailyDoctor,mydailydoctor.com,,inactive,healthcare,,Daily telehealth care for people with COPD; CHF; hypertension; and…; YC Winter 2019; Source: YC
Hypnos,hypnos.ai,,inactive,consumer,,AI-powered sleep coach learns and optimizes your sleep; YC Winter 2019; Source: YC
Traverse Technologies,traverse.ai,,inactive,b2b,,AI driven professional engineering firm; YC Winter 2019; Source: YC
Capture,capture.so,,inactive,b2b,,All your notes; tasks; and files in one super-fast workspace.; YC Winter 2019; Source: YC
Endpoint Health,endpointhealth.com,,inactive,healthcare,,Precision-first therapies; YC Winter 2019; Source: YC
54Gene,54gene.com,,inactive,healthcare,,Precision medicine for Africans and the global population; YC Winter 2019; Source: YC
Datamode,datamode.com,,inactive,b2b,,Datamode (datamode.com) is a tool for engineers to instantly diagnose…; YC Winter 2019; Source: YC
Frubana Inc,frubana.com,,inactive,b2b,,The everything store for restaurants in LATAM.; YC Winter 2019; Source: YC
Sublime Black,sublimeblack.com,,inactive,b2b,,Automating Cyber Security Incident Response Through Artificial…; YC Winter 2019; Source: YC
Tailor-ED,tailor-ed.com,,inactive,education,,AI-powered corporate learning for accelerated employee growth & skill…; YC Winter 2019; Source: YC
Basement,basement.social,,inactive,consumer,,The social network for your close friends.; YC Winter 2019; Source: YC
Mage,magemarket.com,,inactive,consumer,,The safest way to buy and sell collectibles; YC Winter 2019; Source: YC
Union Apartment,unionapt.live,,inactive,real-estate/construction,,Furnished Co-living Apartments for International Students; here in…; YC Winter 2019; Source: YC
Spiral Genetics,spiralgenetics.com,,inactive,healthcare,,Large Scale Genomic Data Mining Software; YC Winter 2019; Source: YC
Vizy,vizy.io,,inactive,consumer,,An all-in-one virtual office for remote teams; YC Summer 2019; Source: YC
Path,path.me,,inactive,fintech,,Financial advisors for Gen-Z; YC Summer 2019; Source: YC
Safely Finance,safelyfinance.co,,inactive,consumer,,BNPL for moving and renting.; YC Summer 2019; Source: YC
Playground,playground.com,,inactive,consumer,,Make graphics like a Pro without being one; YC Summer 2019; Source: YC
MoFE,mofe.co,,inactive,consumer,,Next generation Disney.; YC Summer 2019; Source: YC
Hey Healthcare,andrewcoyle.com,,inactive,b2b,,YC Summer 2019; Source: YC
ReverCare,revercare.com,,inactive,b2b,,Concierge for elder care; YC Summer 2019; Source: YC
Souffle Club,souffle.club,,inactive,consumer,,Souffle Club:10x better LinkedIn alternative with profiles >> resumes; YC Summer 2019; Source: YC
BuildStream,buildstream.co,,inactive,real-estate/construction,,Workforce solutions for the construction industry; YC Summer 2019; Source: YC
Mighty Health,mightyhealth.com,,inactive,healthcare,,All-in-one health program helping seniors with their daily function; YC Summer 2019; Source: YC
Prompt,getprompt.app,,inactive,b2b,,Helping busy professionals understand and maintain their relationships; YC Summer 2019; Source: YC
Preclusio,preclus.io,,inactive,b2b,,We help companies comply with privacy laws like GDPR. Many of these…; YC Summer 2019; Source: YC
Encepheal Therapeutics,encepheal.com,,inactive,healthcare,,EncepHeal develops medications to treat substance abuse; starting…; YC Summer 2019; Source: YC
Muddy,feelmuddy.com,,inactive,b2b,,The multiplayer browser that knows you; YC Summer 2019; Source: YC
Narrator,narratordata.com,,inactive,b2b,,The only platform that can prep data to answer EVERY question you…; YC Summer 2019; Source: YC
Lantern,lantern.so,,inactive,b2b,,User behavior monitoring for modern product teams; YC Summer 2019; Source: YC
Dashblock,dashblock.com,,inactive,b2b,,Turn any website into an API; YC Summer 2019; Source: YC
LunaSec,lunasec.io,,inactive,b2b,,An Open Source dependency security tool that is smarter than the rest; YC Summer 2019; Source: YC
Lumineye,lumineye.com,,inactive,government,,X-ray Vision for First Responders; YC Summer 2019; Source: YC
Revel,hellorevel.com,,inactive,consumer,,We Deserve More in Midlife; YC Summer 2019; Source: YC
Nonu,nonucare.com,,inactive,healthcare,,We deliver hair loss medicines for Indian men on a subscription basis.; YC Summer 2019; Source: YC
Tandem,tandem.chat,,inactive,b2b,,Tandem is a virtual office for remote and distributed teams.; YC Summer 2019; Source: YC
Milo,joinmilo.com,,inactive,consumer,,The Family AI - a copilot for parents to tackle the invisible load of…; YC Winter 2020; Source: YC
Brave Care,bravecare.com,,inactive,healthcare,,Modern healthcare for kids. Pediatric Primary; Urgent & Remote Care.; YC Summer 2019; Source: YC
Lightwell,lightwell.pro,,inactive,b2b,,YC Summer 2019; Source: YC
Adla,tryadla.com,,inactive,consumer,,Department store for e-commerce; YC Summer 2019; Source: YC
Zergo,zergo.com,,inactive,healthcare,,We make a urine test that helps women get pregnant.; YC Summer 2019; Source: YC
Blair,joinblair.com,,inactive,fintech,,Financing education through Income Share Agreements; YC Summer 2019; Source: YC
PlayAbly,playably.ai,,inactive,b2b,,We build games to help brands engage; convert; and retain customers; YC Summer 2019; Source: YC
Flow,enterflow.app,,inactive,b2b,,Improve your browsing experience by staying organized and intentful; YC Summer 2019; Source: YC
HelpNow,gethelpnow.in,,inactive,healthcare,,India's most reliable Ambulance service. (uber for ambulances); YC Winter 2020; Source: YC
Boost Biomes,boostbiomes.com,,inactive,industrials,,YC Summer 2019; Source: YC
Tensil,tensil.ai,,inactive,industrials,,We turn machine learning models into custom hardware.; YC Summer 2019; Source: YC
Khabri,khabri.app,,inactive,consumer,,India's Largest Podcast Platform; YC Summer 2019; Source: YC
Namaste Business,mynamaste.in,,inactive,b2b,,Shopify for a mobile first world; YC Summer 2019; Source: YC
Multis,multis.com,,inactive,fintech,,Accounting & Treasury Management Software for Web3 Teams; YC Summer 2019; Source: YC
Alana,alana.jobs,,inactive,b2b,,Staff management software for retail; manufacturing and hospitality; YC Summer 2019; Source: YC
Mipos.dev,mipos.dev,,inactive,b2b,,Api that let you connect all the restaurant tech services in Latam; YC Summer 2019; Source: YC
Valiu,valiu.com,,inactive,fintech,,USD mobile banking for LatAm's businesses and people; YC Summer 2019; Source: YC
Blockstamp,blockstampsf.com,,inactive,industrials,,Blockstamp is an asset management software for industrial equipment; YC Summer 2019; Source: YC
Covela,covela.mx,,inactive,fintech,,The digital insurance broker for SMEs in LATAM; YC Summer 2019; Source: YC
Unflow,unflow.com,,inactive,b2b,,The next generation CMS built for mobile apps; YC Summer 2019; Source: YC
Odin,savewithodin.com,,inactive,consumer,,Save; organize and showcase your mental dump; YC Summer 2019; Source: YC
Datree,datree.io,,inactive,b2b,,Datree prevents Kubernetes misconfigurations from reaching production; YC Winter 2020; Source: YC
Hideout,findhideout.com,,inactive,consumer,,A portfolio of delivery-only restaurant brands; YC Winter 2020; Source: YC
Laguna,withlaguna.com,,inactive,real-estate/construction,,YC Winter 2020; Source: YC
Lilia,hellolilia.com,,inactive,healthcare,,Modern egg freezing for half the cost in half the time with top docs; YC Winter 2020; Source: YC
RoboTire,robotire.com,,inactive,industrials,,Robotire is automating vehicle maintenance for today and future…; YC Winter 2020; Source: YC
Unfaze AI,unfaze.ai,,inactive,b2b,,Create stunning product images and short-form promotional videos 10x…; YC Summer 2020; Source: YC
Enveloop,enveloop.com,,inactive,b2b,,Design and send messages from your app with a simple API.; YC Winter 2020; Source: YC
Paneau,paneau.io,,inactive,consumer,,Tablets inside Uber/Lyfts to advertise directly to riders; YC Winter 2020; Source: YC
Carbon-12 Labs,carbon.money,,inactive,fintech,,A Global Payouts API for Startups; YC Winter 2020; Source: YC
Quickcard,quickcard.com,,inactive,b2b,,Dynamic sales materials that shape-shift based on the customers needs; YC Winter 2020; Source: YC
Pantheon,joinpantheon.io,,inactive,education,,A competitive community of the brightest students in the world; YC Winter 2020; Source: YC
Orbiter,getorbiter.com,,inactive,b2b,,ML models automatically monitor business performance; YC Winter 2020; Source: YC
Glisten AI,glisten.ai,,inactive,b2b,,Glisten AI automatically categorizes and tags e-commerce product data.; YC Winter 2020; Source: YC
Ardis AI,ardis.ai,,inactive,b2b,,Transform your text data into a searchable knowledge graph; YC Winter 2020; Source: YC
Jamiphy,jamiphy.com,,inactive,consumer,,TikTok for Musicians; YC Winter 2020; Source: YC
"Exosonic, Inc.",exosonic.com,,inactive,industrials,,Developing supersonic UAVs as a pathway to quiet supersonic flight; YC Winter 2020; Source: YC
Cadence,cadencework.com,,inactive,b2b,,Delightful team-building events for remote companies; YC Winter 2020; Source: YC
Protobase,protobase.io,,inactive,b2b,,Protobase is a 10x; next-generation spreadsheet.; YC Winter 2020; Source: YC
Clayboard,clayboard.com,,inactive,b2b,,Create active; collaborative learning experiences; YC Winter 2020; Source: YC
Edlyft,edlyft.com,,inactive,b2b,,Helps enterprises train college CS students on essential job skills; YC Winter 2020; Source: YC
Homestead,myhomestead.com,,inactive,real-estate/construction,,Homestead is a real estate development platform for homeowners; YC Winter 2020; Source: YC
The Mercer Club,themercerclubnyc.com,,inactive,consumer,,The Mercer Club is a subscription service that allows men to rent…; YC Winter 2020; Source: YC
Racer,racer.app,,inactive,consumer,,15-minute food delivery; YC Summer 2020; Source: YC
Visual One,visualone.tech,,inactive,consumer,,AI for security cameras; YC Winter 2020; Source: YC
Felix Biotechnology,felixbt.com,,inactive,healthcare,,We’re creating programmable therapies; YC Winter 2020; Source: YC
Zaam,zaam.io,,inactive,b2b,,Zaam is an end-to-end SaaS solution for business onboarding.; YC Winter 2020; Source: YC
Riya Collective,riyacollective.com,,inactive,consumer,,Riya Collective is building the first community-driven global…; YC Winter 2020; Source: YC
Blok,blok.fit,,inactive,consumer,,A platform for fitness instructors to build their business and…; YC Winter 2020; Source: YC
Duffl,duffl.com,,inactive,consumer,,10-minute delivery service for college students.; YC Winter 2020; Source: YC
Global Belly,globalbelly.com,,inactive,b2b,,Marketplace enabling social commerce for brands and content creators.; YC Winter 2020; Source: YC
Scout,scout.ml,,inactive,b2b,,Dead simple CI/CD for ML teams; YC Winter 2020; Source: YC
Pashi,pashi.com,,inactive,industrials,,Pashi builds software to operate and optimize production lines.; YC Winter 2020; Source: YC
Simple Strips,simplestrips.com,,inactive,healthcare,,Low-cost blood glucose test strips scanned with a smartphone camera…; YC Winter 2020; Source: YC
Multiverse,playmultiverse.com,,inactive,consumer,,Multiverse is a web-based game creation system inspired by Dungeons &…; YC Winter 2020; Source: YC
Welcome,experiencewelcome.com,,inactive,b2b,,Create jaw dropping virtual events; YC Winter 2020; Source: YC
Mini Exhibitions,miniexhibitions.com,,inactive,b2b,,Virtual events for remote teams; YC Winter 2020; Source: YC
Dropbase,dropbase.io,,inactive,b2b,,AI app builder for internal tools. Build back-office software faster…; YC Winter 2020; Source: YC
Nimbus,nimbus.green,,inactive,industrials,,Tesla for city dwellers; YC Winter 2020; Source: YC
Trident Bioscience,trident.bio,,inactive,healthcare,,Accelerating protein engineering.; YC Summer 2020; Source: YC
onetool,onetool.co,,inactive,b2b,,App-Store for SaaS: one invoice; one user management; one login.; YC Winter 2020; Source: YC
Laserfocus,laserfocus.io,,inactive,b2b,,Implement streamlined Salesforce processes for agile GTM teams; YC Winter 2020; Source: YC
Snapboard,snapboard.io,,inactive,b2b,,YC Winter 2020; Source: YC
goDutch,godutchpay.in,,inactive,fintech,,Group payments product which lets people pay together at any offline…; YC Winter 2020; Source: YC
PillarPlus,pillarplus.com,,inactive,real-estate/construction,,Software to automatically create construction blueprints; YC Winter 2020; Source: YC
SprintAI,getsprint.ai,,inactive,b2b,,AI-led platform for inventory and fulfillment optimization; YC Winter 2020; Source: YC
Thunderpod,thunderpod.com,,inactive,b2b,,Community Engagement Platform; YC Winter 2020; Source: YC
Zumo Labs,zumolabs.ai,,inactive,b2b,,We generate synthetic data for computer vision models.; YC Winter 2020; Source: YC
Synapsica Healthcare,synapsica.com,,inactive,healthcare,,AI-enabled automation of diagnostic radiology workflow and reporting.; YC Winter 2020; Source: YC
Easyplan,easyplan.in,,inactive,fintech,,An AI-driven investment app for beginner investors in India; YC Winter 2020; Source: YC
Breathe Well-being,breathewellbeing.in,,inactive,healthcare,,A digital well-being program to help people prevent or manage chronic…; YC Winter 2020; Source: YC
Overfit,overfit.com,,inactive,healthcare,,Human coach for accountability + AI for personalized workouts; YC Summer 2020; Source: YC
Viya,viyaliving.com,,inactive,real-estate/construction,,Mobile first apartment rentals for LatAm; YC Winter 2020; Source: YC
Orchata,orchata.com,,inactive,consumer,,Groceries delivered in 20 min in Latinamerica; YC Winter 2020; Source: YC
Valienta,valienta.com,,inactive,b2b,,Helping Dropshippers in Colombia run the business and increase sales; YC Winter 2020; Source: YC
Apartio,apartio.com.br,,inactive,fintech,,Apartio offers Short Term Rentals for Business Travelers in Brazil; YC Winter 2020; Source: YC
Syncro,runsyncro.com,,inactive,b2b,,Intelligence layer for internal communications and culture; YC Winter 2020; Source: YC
Prelay,prelay.com,,inactive,b2b,,Team Selling Platform; YC Winter 2020; Source: YC
CARUPI,carupi.com,,inactive,consumer,,CARUPI is the world's 1st managed P2P marketplace for used cars; YC Winter 2020; Source: YC
Reploy,getreploy.com,,inactive,b2b,,Instant; shareable staging environments; YC Summer 2020; Source: YC
Metamanagement,metamanagement.dev,,inactive,b2b,,We help SaaS companies deploy into their customer's environment.; YC Summer 2020; Source: YC
Rume,rume.video,,inactive,consumer,,Video chat that doesn't feel like work; YC Summer 2020; Source: YC
Bento,trybento.co,,inactive,b2b,,In product customer activation; YC Summer 2020; Source: YC
RTCanary,rtcanary.com,,inactive,consumer,,We are a monitoring and analytics plugin for all video chat platforms.; YC Summer 2020; Source: YC
Nototo,nototo.app,,inactive,b2b,,A workspace with a spatial interface; YC Summer 2020; Source: YC
Queue,usequeue.com,,inactive,b2b,,All-in-one platform for agencies to launch and grow; YC Summer 2020; Source: YC
Jeevam Health,jeevamhealth.com,,inactive,healthcare,,Digital holistic care for complex chronic conditions; YC Summer 2020; Source: YC
Duckly,duckly.com,,inactive,b2b,,Video chat with real-time collaboration.; YC Summer 2020; Source: YC
Atomized,atomizedhq.com,,inactive,b2b,,Enabling teams to deploy without needing a cloud expert; YC Summer 2020; Source: YC
Monosi,monosi.dev,,inactive,b2b,,Open Source Data Observability; YC Summer 2020; Source: YC
Foreword,foreword.live,,inactive,education,,A marketplace for live; online workshops for professionals; YC Summer 2020; Source: YC
TANGObuilder,tangobuilder.com,,inactive,real-estate/construction,,TANGObuilder automates structural engineers jobs.; YC Summer 2020; Source: YC
ClearMix,clearmix.com,,inactive,b2b,,On-Demand; Fully-Remote Marketing and Sales Video Production Platform; YC Summer 2020; Source: YC
buildspace,buildspace.so,,inactive,education,,we're the place where people build cool shit.; YC Summer 2020; Source: YC
Oico,en.oico.com.br,,inactive,b2b,,B2B marketplace for construction material in Brazil.; YC Summer 2020; Source: YC
Streamdal,streamdal.com,,inactive,b2b,,Data Quality & Playback Platform; YC Summer 2020; Source: YC
Hyper Online,hyper.online,,inactive,consumer,,Social avatar platform for VTubers; YC Summer 2020; Source: YC
In Stock,instock.org,,inactive,b2b,,Find any product; in stock nearby; YC Summer 2020; Source: YC
Tydo,tydo.com,,inactive,b2b,,Turn your data into intelligence; YC Summer 2020; Source: YC
Jam.gg (formerly Piepacker),jam.gg,,inactive,consumer,,Jam.gg; play couch games online with friends; YC Summer 2020; Source: YC
Intelligent,intelligent.services,,inactive,b2b,,Demand Forecasting as a Service; YC Summer 2020; Source: YC
Memo,sendmemo.app,,inactive,b2b,,Memo is modern communication that helps you get your focus back; YC Summer 2020; Source: YC
Virtually,tryvirtually.com,,inactive,b2b,,The 'Shopify' for Online Schools; YC Summer 2020; Source: YC
OneKey,getonekey.io,,inactive,fintech,,Find the most profitable sites to build EV charging station; YC Summer 2020; Source: YC
Letter,letter.co,,inactive,fintech,,Beautifully designed banking for high net-worth individuals.; YC Summer 2020; Source: YC
AI.Fashion,ai.fashion,,inactive,b2b,,AI.Fashion is the AI creative suite for the fashion industry.; YC Summer 2020; Source: YC
Lume,uselume.com,,inactive,healthcare,,YC Summer 2020; Source: YC
MilkRun,localmilkrun.com,,inactive,consumer,,Get Food From Farmers; Delivered.; YC Summer 2020; Source: YC
Byte,web.thebyte.app,,inactive,consumer,,On-demand food delivery from dark kitchens in Pakistan.; YC Summer 2020; Source: YC
Artifact,heyartifact.com,,inactive,consumer,,Personal podcasts with the people in your life; YC Summer 2020; Source: YC
Nextstore,nextstore.com,,inactive,b2b,,Mobile optimized storefronts for Shopify; YC Summer 2020; Source: YC
Sonar,sonar.app,,inactive,consumer,,Minecraft meets Discord; YC Summer 2020; Source: YC
Parade,getparade.com,,inactive,b2b,,Launch your company without hiring a designer; YC Summer 2020; Source: YC
Quell,playquell.com,,inactive,consumer,,Get fit fighting your way through a fantasy world.; YC Summer 2020; Source: YC
Atmos,buildatmos.com,,inactive,real-estate/construction,,The entire homebuilding process; all online; YC Summer 2020; Source: YC
CapWay,capway.com,,inactive,fintech,,Inclusive financial technology service provider.; YC Summer 2020; Source: YC
Degrees of Freedom,degreesoffreedom.org,,inactive,education,,DoF provides a high quality; affordable higher education alternative.; YC Winter 2021; Source: YC
Gonddo,gonddo.com.br,,inactive,b2b,,Wholesale marketplace for independent retailers buy & manage inventory; YC Winter 2021; Source: YC
Neverland,enterneverland.com,,inactive,consumer,,The first online home garden and lawn marketplace; YC Winter 2021; Source: YC
Playmaker,getplaymaker.app,,inactive,consumer,,Community for fantasy sports players; YC Winter 2021; Source: YC
Quadrant Eye,quadranteye.com,,inactive,healthcare,,Breaking new ground in online eyecare.; YC Winter 2021; Source: YC
SBX Robotics,sbxrobotics.com,,inactive,b2b,,Synthetic data for better vision.; YC Winter 2021; Source: YC
Pensil,pensil.in,,inactive,b2b,,New-Age White Label Community Platform SDKs and APIs for Games;…; YC Winter 2021; Source: YC
Gigs Live,gigs.live,,inactive,consumer,,Video publishing and monetization platform for creators and artists; YC Winter 2021; Source: YC
Unfurl,unfurlcuisine.com,,inactive,consumer,,A virtual food hall that delivers; YC Winter 2021; Source: YC
SlashAuth,slashauth.com,,inactive,b2b,,The solution for fine-grained access control in web3; YC Winter 2021; Source: YC
Observa,observa.com,,inactive,b2b,,Catch accidental database exposures before the bad guys; YC Winter 2021; Source: YC
Queenly,queenly.com,,inactive,consumer,,Leading marketplace for formalwear; YC Winter 2021; Source: YC
Triplit,triplit.dev,,inactive,b2b,,The best database for app developers; YC Winter 2021; Source: YC
JoinSub,joinsub.com,,inactive,fintech,,India's first aggregator and provider of local business subscriptions; YC Winter 2021; Source: YC
Krab,krab.in,,inactive,fintech,,Instant loans for trucking companies in India; YC Winter 2021; Source: YC
CoVerified,coverified.us,,inactive,healthcare,,Using infection data to keep organizations safe; YC Winter 2021; Source: YC
Clay,clay3d.io,,inactive,b2b,,Figma for 3D design; YC Winter 2021; Source: YC
GoBuild (fka Brick),go.build,,inactive,fintech,,The payments solution for small scale construction.; YC Winter 2021; Source: YC
BeWell Digital,bewelldigital.com,,inactive,healthcare,,Building the operating system for diagnosis.; YC Winter 2021; Source: YC
Finary,about.finary.io,,inactive,fintech,,Discord for investing.; YC Winter 2021; Source: YC
noHQ,nohq.com,,inactive,b2b,,International contractor and multi country payroll; YC Winter 2021; Source: YC
Charge Running,chargerunning.com,,inactive,consumer,,Provides live; virtual running classes to runners all around the world; YC Winter 2021; Source: YC
Noya,noya.co,,inactive,industrials,,Radically reducing capital costs and build time for direct air capture; YC Winter 2021; Source: YC
YourQuote,yourquote.in,,inactive,consumer,,YourQuote is India's largest writing platform; YC Winter 2021; Source: YC
Huddlefire,huddlefire.com,,inactive,b2b,,Turbocharge customer acquisition through exclusive SaaS partnerships; YC Winter 2021; Source: YC
Faction,faction.us,,inactive,industrials,,Driverless electric vehicles at a fraction of the cost of a car.; YC Winter 2021; Source: YC
June,june.so,,inactive,b2b,,June is the new way to do product analytics; YC Winter 2021; Source: YC
ControlHub,controlhub.com,,inactive,b2b,,Purchasing Software | Procure-to-Pay SaaS; YC Winter 2021; Source: YC
Lalabox,lalabox.io,,inactive,consumer,,Live stream shopping for beauty products; YC Winter 2021; Source: YC
Purpose Finance,purposefinance.com,,inactive,fintech,,Accelerating the shift to a more transparent economy; YC Winter 2021; Source: YC
Invoid,invoid.co,,inactive,b2b,,Create identity verification workflows the way you want; YC Winter 2021; Source: YC
Noble,benoble.io,,inactive,b2b,,Risk decisioning platform; YC Winter 2021; Source: YC
Nimbus,nimbus.dev,,inactive,b2b,,Nimbus reduces Datadog costs by more than 60% without Manual Effort; YC Winter 2021; Source: YC
Platypus,getplatypus.com,,inactive,b2b,,The Distributed Data Operating System; YC Winter 2021; Source: YC
Milk Video,milkvideo.com,,inactive,b2b,,Create video testimonials with a link; YC Winter 2021; Source: YC
Finantier,finantier.co,,inactive,fintech,,Plaid for Southeast Asia; YC Winter 2021; Source: YC
Taste,gettaste.com,,inactive,consumer,,Online marketplace for dinners shipped from great restaurants; YC Winter 2021; Source: YC
Launcher Labs,launchcaster.xyz,,inactive,consumer,,Maker of consumer crypto apps: Launchcaster; Frameboard; Maindrop; YC Winter 2021; Source: YC
Aerotime,aerotime.com,,inactive,b2b,,Calendar that kills time fragmentation; YC Winter 2021; Source: YC
Fable,tryfable.com,,inactive,b2b,,The command center for product teams; YC Winter 2021; Source: YC
Moxion Power Co.,moxionpower.com,,inactive,industrials,,Mobile Energy Storage Technology; YC Winter 2021; Source: YC
HomeBreeze,homebreeze.com,,inactive,consumer,,The fastest and easiest way to make home upgrades; YC Winter 2021; Source: YC
Eat Blueprint,eatblueprint.com,,inactive,consumer,,Longevity Nutrition Service; YC Winter 2021; Source: YC
Lunatic,lunatic.solutions,,inactive,b2b,,Operating System for server-side apps; YC Winter 2021; Source: YC
Codeball,codeball.ai,,inactive,b2b,,AI-Powered Code Review; YC Winter 2021; Source: YC
Prendea,prendea.com,,inactive,education,,Live afterschool classes for Spanish-speaking kids ages 4 to 15.; YC Winter 2021; Source: YC
Dataherald,dataherald.com,,inactive,b2b,,Embed NL-to-SQL into your Product 📈; YC Winter 2021; Source: YC
Moonshot Brands,moonshotbrands.com,,inactive,fintech,,Buy and grow profitable e-commerce companies selling on Amazon and DTC; YC Winter 2021; Source: YC
Galaxy,galaxysdk.com,,inactive,b2b,,Social SDK for games; YC Winter 2021; Source: YC
Dressd,dressd.com,,inactive,consumer,,Make infinite $$$ off of clothes in your closet without selling them; YC Winter 2021; Source: YC
Cheqout,cheqout.com,,inactive,fintech,,Mobile ordering & payments for Brick & Mortars; YC Winter 2021; Source: YC
Mezli,mezli.com,,inactive,consumer,,Autonomous restaurants that make great; affordable meals.; YC Winter 2021; Source: YC
Blink,blinklastmile.com,,inactive,industrials,,Same-day delivery for e-commerce companies in Europe.; YC Winter 2021; Source: YC
Outfit,buildoutfit.com,,inactive,consumer,,DIY renovations in a box. Materials; tools; and instructions delivered; YC Winter 2021; Source: YC
boitas.com,boitas.com,,inactive,b2b,,Largest B2B eCommerce platform for SMBs in Latin America.; YC Winter 2021; Source: YC
Avion School,avionschool.com,,inactive,education,,We teach Filipinos to become remote software engineers globally.; YC Winter 2021; Source: YC
MeetAnyway,meetanyway.com,,inactive,b2b,,We help run engaging online conferences.; YC Winter 2021; Source: YC
MindPortal,mindportal.com,,inactive,consumer,,Thought-to-Language AI Models; YC Winter 2021; Source: YC
Alltruists,alltruists.com,,inactive,consumer,,Kid-friendly; at-home volunteer projects in a box; delivered bimonthly; YC Winter 2021; Source: YC
Zage,tryzage.com,,inactive,fintech,,Pay by bank and earn rewards; YC Summer 2021; Source: YC
Hyperseed,hyperseed.com,,inactive,b2b,,Zapier for billing; YC Summer 2021; Source: YC
Mentorcam,mentor.cam,,inactive,education,,Mentorship from leaders of the world's best companies; YC Summer 2021; Source: YC
Lobby,uselobby.com,,inactive,healthcare,,Local onboarding for the $200B health tourism industry; YC Summer 2021; Source: YC
Hedgehog,hedgehog.app,,inactive,fintech,,Cryptocurrency Robo-adviser. Buy. Balance. Relax.; YC Summer 2021; Source: YC
Wabi,wabi.build,,inactive,b2b,,We are Shopify for the $15B creator economy in LATAM; YC Summer 2021; Source: YC
Gobillion,gobillion.co,,inactive,consumer,,Pinduoduo for India; YC Summer 2021; Source: YC
Jupe,jupe.com,,inactive,real-estate/construction,,Just add land; YC Summer 2021; Source: YC
FirstQuadrant,firstquadrant.ai,,inactive,b2b,,Sales AI that helps revenue teams move faster and close more deals.; YC Summer 2021; Source: YC
SolarMente,solarmente.es,,inactive,consumer,,Home electrification at $0 upfront cost; YC Summer 2021; Source: YC
Buzzle,buzzle.ai,,inactive,b2b,,Automatic voice-of-customer trends & metrics from sales conversations.; YC Summer 2021; Source: YC
Flowbo,flowbo.co,,inactive,fintech,,Pipe for online businesses; YC Summer 2021; Source: YC
Akudo,akudo.in,,inactive,fintech,,India's first learning-focused neobank for teenagers; YC Summer 2021; Source: YC
V-Flow Medical,vflowmedicalinc.com,,inactive,healthcare,,Transforming the lives of millions of women suffering from chronic…; YC Summer 2021; Source: YC
Abbot,ab.bot,,inactive,b2b,,Your Customer Success Co-Pilot; YC Summer 2021; Source: YC
Lariat Data,lariatdata.com,,inactive,b2b,,Observability for Data Engineering Teams; YC Summer 2021; Source: YC
Nexus,nexushq.com,,inactive,fintech,,Nexus  offers a unified checking and investment account.; YC Summer 2021; Source: YC
Patterns,patterns.app,,inactive,b2b,,Next-Gen Financial Analysis and Reporting with AI Agents; YC Summer 2021; Source: YC
Commery,trycommery.com,,inactive,real-estate/construction,,Marketplace to lease commercial real estate; YC Summer 2021; Source: YC
Kindamagical,kindamagical.com,,inactive,b2b,,Create + share amazing product GIFs in minutes ⚡️; YC Summer 2021; Source: YC
Micro Meat,micromeat.com,,inactive,industrials,,Technologies for scaling up cultured/clean meat production; YC Summer 2021; Source: YC
SenpAI.GG,senpai.gg,,inactive,consumer,,Personal gaming coach for PC gamers globally; YC Summer 2021; Source: YC
Perfekto,perfekto.mx,,inactive,consumer,,Grocery subscription service against food waste in Latam; YC Summer 2021; Source: YC
Covie,covie.com,,inactive,fintech,,Programmatic building blocks for transacting with insurance; YC Summer 2021; Source: YC
Ivella,ivella.com,,inactive,fintech,,Banking and savings products designed for couples; YC Summer 2021; Source: YC
OneStopKitchen,onestopkitchen.com,,inactive,consumer,,AI-Driven Tech & Space Optimization to Scale Restaurants; YC Summer 2021; Source: YC
Scratch Data,scratchdata.com,,inactive,b2b,,Analytics for builders. Record and query billions of datapoints with…; YC Summer 2021; Source: YC
Ruta Health,rutahealth.com,,inactive,b2b,,Async personalized and actionable health education by real doctors; YC Summer 2021; Source: YC
Apollo,withapollo.com,,inactive,fintech,,The card that rewards you with stock; YC Summer 2021; Source: YC
Hypercontext,hypercontext.com,,inactive,b2b,,Meeting agendas; notes; & goals that tie back to your OKRs; YC Summer 2021; Source: YC
Comet Health,trycomet.com,,inactive,healthcare,,Digital platform for pelvic floor physical therapy; YC Summer 2021; Source: YC
FastFarma,fastfarma.com,,inactive,healthcare,,Digital pharmacy for Latam; that saves you money and time.; YC Summer 2021; Source: YC
Milky Way AI,milkyway.ai,,inactive,b2b,,Mobile app for CPG brands to connect to millions of stores globally; YC Summer 2021; Source: YC
Mixr,mixronline.com,,inactive,b2b,,Team building through online game tournaments.; YC Summer 2021; Source: YC
Forage Mail,foragemail.com,,inactive,consumer,,AI that solves email overwhelm. Not another mail app.; YC Summer 2021; Source: YC
Kodda,kodda.com,,inactive,healthcare,,YC Summer 2021; Source: YC
Hera,hera.so,,inactive,b2b,,Calendar app to prepare; join and follow-up on virtual meetings; YC Summer 2021; Source: YC
Heimdal,heimdalccu.com,,inactive,industrials,,Affordable and verified direct air carbon capture and storage; YC Summer 2021; Source: YC
Levo,levo.mx,,inactive,fintech,,Treasury management platform for SMBs to optimize idle cash in Latam; YC Summer 2021; Source: YC
outloud.ai,outloud.ai,,inactive,b2b,,Building Gong.io for offline retail.; YC Summer 2021; Source: YC
Revery AI,revery.ai,,inactive,consumer,,Tiktok for fashion - where designers show their work + build traction; YC Summer 2021; Source: YC
Onsite Pro,onsitepro.co,,inactive,b2b,,Revolutionizing digital selling within HVAC; YC Summer 2021; Source: YC
Algofi,algofi.org,,inactive,fintech,,Building the new financial system; YC Summer 2021; Source: YC
Dime,dime.io,,inactive,b2b,,Instant E2E tests for your website; YC Summer 2021; Source: YC
Ruth Health,ruthhealth.com,,inactive,healthcare,,Telehealth hub for pregnant people 🧡; YC Summer 2021; Source: YC
Verde,verde.agr.br,,inactive,fintech,,Digital lending platform for Brazilian farmers; YC Summer 2021; Source: YC
Membo,membo.ee,,inactive,consumer,,Groceries fresher than a farmer’s market; delivered to you (EU); YC Summer 2021; Source: YC
Moving Parts,movingparts.io,,inactive,b2b,,Delightful components for iOS.; YC Summer 2021; Source: YC
Canopi,canopi.cash,,inactive,b2b,,API to measure and eliminate carbon emissions; YC Summer 2021; Source: YC
Opkit,opkit.co,,inactive,healthcare,,AI phone calls for the US healthcare industry; YC Summer 2021; Source: YC
Mindmesh,mindmesh.com,,inactive,b2b,,Mindmesh is the virtual desk that puts you in control.; YC Summer 2021; Source: YC
Squire.ai,squire.ai,,inactive,b2b,,Never code alone.; YC Summer 2021; Source: YC
Spoken,spoken.io,,inactive,consumer,,Never overpay online; YC Summer 2021; Source: YC
BlackOakTV,blackoak.tv,,inactive,consumer,,A video subscription platform serving black viewers and creators.; YC Summer 2021; Source: YC
Protego,protegosolutions.io,,inactive,b2b,,We help companies recover lost revenue from chargebacks; YC Summer 2021; Source: YC
Talentdrop,talentdrop.com,,inactive,b2b,,Your personal hiring page.; YC Summer 2021; Source: YC
OneShop,oneshop.com,,inactive,consumer,,List on multiple resale marketplaces; YC Summer 2021; Source: YC
Quest,quest.app,,inactive,consumer,,Audio career advice; YC Summer 2021; Source: YC
Cache,grabcache.com,,inactive,consumer,,Online convenience stores fulfilled by tiny; automated dark stores.; YC Summer 2021; Source: YC
Northwind,northwindskin.com,,inactive,healthcare,,Tele-dermatology for chronic skin conditions; YC Winter 2022; Source: YC
Pelm,pelm.com,,inactive,b2b,,Plaid for utilities; YC Winter 2022; Source: YC
Wingback,wingback.com,,inactive,b2b,,Wingback provides tools and APIs for SaaS pricing and packaging.; YC Winter 2022; Source: YC
FlowDeploy,flowdeploy.com,,inactive,b2b,,Bioinformatics pipelines in the cloud; YC Winter 2022; Source: YC
Cherry Recommends,cherry.ai,,inactive,b2b,,Promotion management platform; YC Winter 2022; Source: YC
CoffeeAI,get-coffee.ai,,inactive,b2b,,Instant; hyper-personalized; AI-powered outreach messages; YC Winter 2022; Source: YC
Supertone,supertone.com,,inactive,consumer,,Share sounds with other musicians online; YC Winter 2022; Source: YC
PeakPath,peakpath.com,,inactive,b2b,,Smartwatch powered coaching to improve teams sustainable performance; YC Winter 2022; Source: YC
Pursuit,pursuit-properties.com,,inactive,real-estate/construction,,Turnkey co-ownership & management of properties; YC Winter 2022; Source: YC
Skillza,skillza.co,,inactive,education,,Skillza builds simple tools for teachers and schools in MEA; YC Winter 2022; Source: YC
Castia,castia.com,,inactive,real-estate/construction,,Built Rewards for Latam. Pay Rent and get benefits.; YC Winter 2022; Source: YC
Ozone,ozone.pro,,inactive,consumer,,Figma for video; YC Winter 2022; Source: YC
Valari,valari.co,,inactive,fintech,,Embedded finance platform for LatAm.; YC Winter 2022; Source: YC
Whiz,whiz.id,,inactive,fintech,,Transforming Finances; Maximizing Your Money Potential.; YC Winter 2022; Source: YC
Emigre,emigre.us,,inactive,fintech,,Banking in India for Indian expats (NRIs); YC Winter 2022; Source: YC
Criya,criya.co,,inactive,b2b,,AI that builds GTM assets in seconds; YC Winter 2022; Source: YC
Bifrost,hapi.finance,,inactive,fintech,,Wills and Estate Management for Crypto; YC Winter 2022; Source: YC
Drivingforce,drivingforce.co,,inactive,b2b,,Rippling for trucking; YC Winter 2022; Source: YC
Castled.io,castled.io,,inactive,b2b,,Customer Engagement software on top of BigQuery/Snowflake; YC Winter 2022; Source: YC
Ole,oleshop.com,,inactive,consumer,,Fashion shopping with delivery and return on demand; YC Winter 2022; Source: YC
Suggestr,suggestr.co,,inactive,b2b,,Amazon-level personalization for Shopify merchants; YC Winter 2022; Source: YC
Kable,kable.io,,inactive,b2b,,Usage-based billing for API companies; YC Winter 2022; Source: YC
Botin,botin.app,,inactive,fintech,,Investment super app for Latin America; YC Winter 2022; Source: YC
Finnt,finnt.com,,inactive,b2b,,AI Agents for CFO and Finance teams; YC Winter 2022; Source: YC
Aklimate,getaklimate.com,,inactive,b2b,,Software for enterprises to track and reduce supply chain emissions; YC Winter 2022; Source: YC
"Sendme, Inc",sendme.ng,,inactive,consumer,,On demand provider of meat to households and food businesses; YC Winter 2022; Source: YC
Demo Gorilla,demogorilla.com,,inactive,b2b,,Make all your live SaaS demos impactful: close more ARR faster; YC Winter 2022; Source: YC
AntWalk,antwalk.com,,inactive,education,,An employee up-skilling platform for fast growing companies; YC Winter 2022; Source: YC
Lifecast,lifecastvr.com,,inactive,consumer,,Software to create 3D video for VR; robotics and film.; YC Winter 2022; Source: YC
Fello,fello.in,,inactive,fintech,,Grow money and win $1000 every week by saving and playing games; YC Winter 2022; Source: YC
AvairSense,avairsense.com,,inactive,consumer,,We go all out to Build the Smartest AI-Enabled Cameras!; YC Winter 2022; Source: YC
Vessel,vessel.dev,,inactive,b2b,,Developer-first; native integration platform for GTM tools; YC Winter 2022; Source: YC
Nophin,nophin.com,,inactive,fintech,,AI Deal Screening Analyst for Commercial Real Estate Acquisitions; YC Winter 2022; Source: YC
Sendo,sendo.dev,,inactive,b2b,,The best SMS/RCS API for startups; YC Winter 2022; Source: YC
Ploomber,ploomber.io,,inactive,b2b,,Heroku for AI; YC Winter 2022; Source: YC
Marathon Education,marathon.edu.vn,,inactive,education,,We provide live after-school tutoring to K-12 students in Vietnam; YC Winter 2022; Source: YC
Pigeon,usepigeon.io,,inactive,fintech,,Simplifying loans with your friends & family.; YC Winter 2022; Source: YC
Cashmere,cashmere.finance,,inactive,fintech,,Crypto wallet for web3 startups; YC Winter 2022; Source: YC
Vecindario,vecindario.com,,inactive,real-estate/construction,,We make it easier for real estate to sell properties and mortgages.; YC Winter 2022; Source: YC
Flike,flike.app,,inactive,b2b,,Flike's AI crafts sales emails that convert; YC Winter 2022; Source: YC
Phoenix Hydrogen,phoenixhydrogen.com,,inactive,industrials,,First commodity marketplace for hydrogen.; YC Winter 2022; Source: YC
AiSupervision,aisupervision.com,,inactive,industrials,,The operating system for factory production lines; YC Winter 2022; Source: YC
NFTScoring,nftscoring.com,,inactive,consumer,,The NFT exchange for traders; YC Winter 2022; Source: YC
Magic,joinmagic.com,,inactive,fintech,,Pay by Bank Platform; YC Summer 2022; Source: YC
Weltio,weltio.com,,inactive,fintech,,First LatAm W3 WealthTech for AutoInvesting in securities & crypto; YC Summer 2022; Source: YC
Denormalized,denormalized.io,,inactive,b2b,,serverless platform for real-time data; YC Summer 2022; Source: YC
Airtrain AI,airtrain.ai,,inactive,b2b,,No-code data curation for LLM fine-tuning and evaluation.; YC Summer 2022; Source: YC
Mercator,mercator.tech,,inactive,b2b,,AI-assisted data analytics; YC Summer 2022; Source: YC
Dialect,usedialect.com,,inactive,b2b,,AI copilot for forms; questionnaires & RFX; YC Summer 2022; Source: YC
Penguin AI,penguinai.app,,inactive,b2b,,AI Sales Rep for Website Intent Signals; YC Summer 2022; Source: YC
Alma,myalmafi.com,,inactive,fintech,,Gamified mobile banking app where people can win $1M every Wednesday; YC Summer 2022; Source: YC
Superpowered AI,superpowered.ai,,inactive,b2b,,API for Retrieval Augmented Generation; YC Summer 2022; Source: YC
Ruleset,ruleset.ai,,inactive,b2b,,The SaaS Decision Engine for Lenders; YC Summer 2022; Source: YC
CustomerOS,customeros.ai,,inactive,b2b,,Uncover high-fit leads already silently engaging with your brand; YC Summer 2022; Source: YC
ilumadata,ilumadata.io,,inactive,b2b,,Confidently ship analytics code faster with fewer errors; YC Summer 2022; Source: YC
BricksAI,trybricks.ai,,inactive,b2b,,Streamlining LLM application management for enterprises; YC Summer 2022; Source: YC
Integration Labs,integrationlabs.co,,inactive,b2b,,The Unified API for Business Financial Data; YC Summer 2022; Source: YC
Delegasi,delegasi.co,,inactive,b2b,,Automated accounting service for small businesses in Indonesia; YC Summer 2022; Source: YC
Bridgecard,bridgecard.cards,,inactive,fintech,,Card issuer for Africa; YC Summer 2022; Source: YC
Notebook Labs,notebooklabs.xyz,,inactive,b2b,,Decentralized; anonymous; and accountable identity on Web3.; YC Summer 2022; Source: YC
Stellar,stellarapp.io,,inactive,b2b,,AI-powered business goals; YC Summer 2022; Source: YC
Phind,phind.com,,inactive,consumer,,AI search engine; YC Summer 2022; Source: YC
Ordinary Seafood,ordinaryseafood.com,,inactive,consumer,,We are doing for seafood what Impossible did for meat; YC Summer 2022; Source: YC
Slauth.io,slauth.io,,inactive,b2b,,The IAM Policy Copilot; YC Summer 2022; Source: YC
Zoltar Labs,zoltarlabs.com,,inactive,b2b,,AI-assisted CX tool built with your knowledge.; YC Summer 2022; Source: YC
Manatee,trymanatee.com,,inactive,b2b,,DocSend for demos.; YC Summer 2022; Source: YC
Grai,grai.io,,inactive,b2b,,Open source version control for metadata; YC Summer 2022; Source: YC
Argovox,argovox.com,,inactive,fintech,,Voice AI agents for patient billing and collections; YC Summer 2022; Source: YC
Payfura,payfura.com,,inactive,fintech,,Global payment gateway to buy/sell crypto; YC Summer 2022; Source: YC
Drip,dripapp.com.br,,inactive,fintech,,Shop and pay in installments anywhere; YC Summer 2022; Source: YC
Jasmine Energy,jasmine.energy,,inactive,b2b,,Claim solar incentives with AI; YC Summer 2022; Source: YC
Almond,almondobgyn.com,,inactive,healthcare,,We make it easy to get great ObGyn care  in-person and over telehealth; YC Summer 2022; Source: YC
Lavo Life Sciences,lavo.ai,,inactive,healthcare,,AI for drug formulation; YC Winter 2023; Source: YC
CAPSULE,shopcapsule.ai,,inactive,consumer,,Buy anything you find on social media; YC Summer 2022; Source: YC
Lotus,uselotus.io,,inactive,b2b,,Open-Core Pricing and Billing Engine; YC Summer 2022; Source: YC
Pivo Technology Inc,pivo.africa,,inactive,fintech,,Digital Bank for Freight Carriers in Africa.; YC Summer 2022; Source: YC
Dev Tools AI,dev-tools.ai,,inactive,b2b,,AI powered web & mobile automation; YC Summer 2022; Source: YC
Mogara,mogara.com,,inactive,b2b,,Automatic software R&D capitalization; YC Winter 2023; Source: YC
Blyss,blyss.dev,,inactive,b2b,,End-to-end encrypted AI.; YC Winter 2023; Source: YC
Struct,struct.app,,inactive,b2b,,Multi-lingual AI Voice Agents; YC Winter 2023; Source: YC
Layup,layuplabs.ai,,inactive,b2b,,Guide your users. Right in your product.; YC Winter 2023; Source: YC
Paperplane,paperplane.ai,,inactive,fintech,,Credit risk management platform for builders' merchants; YC Winter 2023; Source: YC
Indexical,indexical.dev,,inactive,b2b,,AI-powered data extraction engine; YC Winter 2023; Source: YC
Demospace,demospace.ai,,inactive,b2b,,YC Winter 2023; Source: YC
Lynx,uselynx.ai,,inactive,b2b,,AI platform for investigating and resolving engineering incidents; YC Winter 2023; Source: YC
Parabolic,growparabolic.com,,inactive,b2b,,AI assistant for customer support; YC Winter 2023; Source: YC
Rubber Ducky Labs,rubberduckylabs.io,,inactive,b2b,,AI Powered Product Discovery; YC Winter 2023; Source: YC
Cakework,cakework.com,,inactive,b2b,,API that adds cloud hosting to any developer platform; YC Winter 2023; Source: YC
OpenSight,opensight.ai,,inactive,b2b,,AI-powered customer support automation for fast-growing companies; YC Winter 2023; Source: YC
CreatorML,creatorml.com,,inactive,b2b,,Foundation Model for Human Attention; YC Winter 2023; Source: YC
Neptyne,neptyne.com,,inactive,b2b,,The programmable spreadsheet.; YC Winter 2023; Source: YC
Choppy!,eatchoppy.com,,inactive,consumer,,FAST FLAVORFUL PROTEIN; YC Winter 2023; Source: YC
GoodCourse,goodcourse.co,,inactive,b2b,,The TikTok style corporate training platform; YC Winter 2023; Source: YC
Magicflow 𐂂,magicflow.ai,,inactive,b2b,,The Gen AI evaluation and curation platform; YC Winter 2023; Source: YC
OutSail Technologies,outsailtech.com,,inactive,industrials,,Revolutionary; Modern Wing Sails; YC Winter 2023; Source: YC
SensorSurf,technician.dev,,inactive,b2b,,Resolve PR check failures instantly with AI; YC Winter 2023; Source: YC
Echo,echothat.ai,,inactive,b2b,,Founder-led sales co-pilot for B2B startups.; YC Winter 2023; Source: YC
Defer,defer.run,,inactive,b2b,,Zero infrastructure background processing platform.; YC Winter 2023; Source: YC
Turntable,turntable.so,,inactive,b2b,,AI-native operating system for analytics teams; YC Winter 2023; Source: YC
Sorted,sorted-lp.webflow.io,,inactive,b2b,,Instant SaaS management; YC Winter 2023; Source: YC
CodeParrot AI,codeparrot.ai,,inactive,b2b,,Helps Developers build stunning UI Lightning Fast ⚡️; YC Winter 2023; Source: YC
Interlock,tryinterlock.com,,inactive,b2b,,We are still in stealth mode.; YC Winter 2023; Source: YC
Fabius,fabius.io,,inactive,b2b,,AI to improve Sales Calls; YC Winter 2023; Source: YC
Luca,askluca.com,,inactive,b2b,,The Modern Pricing Engine for Retail; YC Winter 2023; Source: YC
Serial,serial.io,,inactive,b2b,,Root cause manufacturing issues in seconds; YC Winter 2023; Source: YC
Second,second.dev,,inactive,b2b,,AI-Native Enterprise Codebase Maintenance; YC Winter 2023; Source: YC
Upfront,tryupfront.com,,inactive,consumer,,A personal assistant for every homeowner; YC Winter 2023; Source: YC
moonrepo,moonrepo.dev,,inactive,b2b,,Open source build tool for monorepos and large codebases; YC Winter 2023; Source: YC
Leafpress,trycardinal.ai,,inactive,b2b,,AI Energy Management; YC Summer 2023; Source: YC
Branch AI,branch-ai.com,,inactive,b2b,,AI Overview Search; as a Service; YC Summer 2023; Source: YC
Remy,startremy.com,,inactive,healthcare,,Making it simpler for medical clinics to work with insurance; YC Summer 2023; Source: YC
Lifelike,lifelike.app,,inactive,consumer,,YC Summer 2023; Source: YC
Atla,atla-ai.com,,inactive,b2b,,The improvement engine for AI agents; YC Summer 2023; Source: YC
GreenTally,greentally.ai,,inactive,b2b,,Affordable carbon tracking solution for all businesses; YC Summer 2023; Source: YC
CraftOS,craftos.com,,inactive,b2b,,Inventory Management and POS for the Wine industry; YC Summer 2023; Source: YC
Briefer,briefer.cloud,,inactive,b2b,,The collaborative data platform.; YC Summer 2023; Source: YC
Lysto,lysto.ai,,inactive,b2b,,Revenue intelligence platforms for startups; YC Summer 2023; Source: YC
Sidenote,sidenote.ai,,inactive,b2b,,Meeting follow-up; automated; YC Summer 2023; Source: YC
Unhaze,unhaze.ai,,inactive,b2b,,The right leads at the right time for B2B sales; YC Summer 2023; Source: YC
Vizly,vizly.fyi,,inactive,b2b,,Data to insights in seconds; YC Summer 2023; Source: YC
MantleBio,mantlebio.com,,inactive,b2b,,Transform scientific data into discoveries; YC Summer 2023; Source: YC
Vango AI,vango.ai,,inactive,b2b,,Development platform that makes it 10x easier to improve visual models; YC Summer 2023; Source: YC
Movley,movley.com,,inactive,b2b,,Your e-commerce brand's product quality control department.; YC Summer 2023; Source: YC
Line.Build,line.build,,inactive,b2b,,Incentives and financing for energy efficiency upgrades; YC Summer 2023; Source: YC
Saatvy,saatvy.com,,inactive,healthcare,,Root cause help for chronic conditions; YC Summer 2023; Source: YC
CodeStory,aide.dev,,inactive,b2b,,Aide is an AI-native ; privacy-first IDE built on top of VSCode; YC Summer 2023; Source: YC
Lantern,lantern.dev,,inactive,b2b,,Postgres vector database extension to build AI applications; YC Winter 2024; Source: YC
Tesseral,tesseral.com,,inactive,b2b,,The open source platform for managing identity in business software; YC Winter 2024; Source: YC
RadMate AI,radmate.ai,,inactive,healthcare,,Copilot for radiologists; YC Winter 2024; Source: YC
Stitch Technologies,stitch.tech,,inactive,b2b,,-; YC Winter 2024; Source: YC
Quary,quary.dev,,inactive,b2b,,The first in-browser analytics engineering platform; YC Winter 2024; Source: YC
Mango Health,themangohealth.com,,inactive,healthcare,,AI Therapy for OCD; YC Winter 2024; Source: YC
DGI Apparel,dgiapparel.com,,inactive,b2b,,Expedia for ordering blank apparel; YC Winter 2024; Source: YC
Patchwork,atpatchwork.com,,inactive,b2b,,Your team’s AI powered communication tool; YC Winter 2024; Source: YC
Blume Benefits,blumebenefits.com,,inactive,fintech,,The AI copilot for health insurance brokers.; YC Winter 2024; Source: YC
Engines,engines.dev,,inactive,b2b,,Setup any repo with one command; YC Winter 2024; Source: YC
Selera Medical,seleramedical.com,,inactive,healthcare,,One-time; device-based treatment for heart failure; YC Winter 2024; Source: YC
Celest,celest.dev,,inactive,b2b,,The Vercel of Flutter; YC Winter 2024; Source: YC
Glimmer,withglimmer.com,,inactive,b2b,,AI search for massive PDFs; YC Winter 2024; Source: YC
Toolify,toolify.sh,,inactive,b2b,,Build internal tools with AI; YC Winter 2024; Source: YC
crmCopilot,crmcopilot.co,,inactive,b2b,,Give Salesforce the AI upgrade it deserves; YC Winter 2024; Source: YC
Aedilic,nonescape.com,,inactive,b2b,,Open-Source AI-generated image/deepfake detection; YC Winter 2024; Source: YC
Wuri,wuri.in,,inactive,consumer,,App to read fiction stories as visual novels with images; videos;…; YC Winter 2024; Source: YC
Abel,tryabel.com,,inactive,b2b,,Transforming document review for litigation teams; YC Winter 2024; Source: YC
Thorntale,thorntale.com,,inactive,b2b,,The world's best presentation editor; powered by AI.; YC Winter 2024; Source: YC
Fileforge,fileforge.com,,inactive,b2b,,API For PDF Document Workflows; YC Winter 2024; Source: YC
Lumona,lumona.ai,,inactive,consumer,,AI-enabled search engine featuring insights from social media.; YC Winter 2024; Source: YC
Pre,buildwithpre.com,,inactive,b2b,,The AI accountability agent for startup founders; YC Summer 2024; Source: YC
Flyflow,flyflow.ai,,inactive,b2b,,The easiest way to find high-quality sales leads; YC Summer 2024; Source: YC
Invaria,invaria.com,,inactive,b2b,,The next generation logging and observability platform; YC Summer 2024; Source: YC
deepsilicon,deepsilicon.net,,inactive,industrials,,Software and hardware to run neural networks faster and cheaper; YC Summer 2024; Source: YC
RiskAngle,riskangle.com,,inactive,b2b,,AI medical summaries in minutes; YC Summer 2024; Source: YC
Zeroframe,zeroframe.ai,,inactive,b2b,,Pushing the boundaries of AI; YC Fall 2024; Source: YC
Gait,getgait.com,,inactive,b2b,,Building Dev Infra for AI Software Engineers; YC Fall 2024; Source: YC
supercontrast,supercontrast.com,,inactive,b2b,,AI Co-Pilot for Design; YC Fall 2024; Source: YC
Sublingual,sublingual.ai,,inactive,b2b,,Daily productivity tracker; YC Winter 2025; Source: YC
Kanava AI,kanava.ai,,inactive,b2b,,Your First AI Sales Hire for Wholesale Distributors; YC Spring 2025; Source: YC
Caucus,usecaucus.com,,inactive,government,,AI CRM for Government; YC Spring 2025; Source: YC
Nuntius,nuntius.ai,,inactive,b2b,,Making Models Follow Rules.; YC Summer 2025; Source: YC
Sylvian,sylvian.ai,,inactive,b2b,,Specialized AI Agents.; YC Fall 2025; Source: YC
Dome,domeapi.io,,inactive,b2b,,A unified API for prediction markets; like Kalshi and Polymarket; YC Fall 2025; Source: YC
Q2Q,tryq2q.com,,inactive,b2b,,We help private equity teams find acquisition targets faster; YC Winter 2026; Source: YC
